DATA,LAHTI,PORVOO,MUSTI,FLOW,,
1/1/2001,0.7,0.5,1.3,6,,6.45
1/2/2001,-1,0.1,-1,6.4,,6.45
1/3/2001,0.1,0.1,-1,6.2,,6.18
1/4/2001,1.2,3,1,5.1,,5.14
1/5/2001,0.2,-1,0.2,4.9,,4.88
1/6/2001,1.1,7.4,3,4.9,,4.88
1/7/2001,1,1.9,0.7,4.9,,4.88
1/8/2001,1,2.4,3.4,4.9,,4.88
1/9/2001,7.2,2.3,5.3,6.4,,6.45
1/10/2001,1.4,0.5,0.1,6.4,,6.45
1/11/2001,0.7,0.3,0.4,6.4,,6.45
1/12/2001,-1,-1,0,6.4,,6.45
1/13/2001,-1,0.1,0,6.4,,6.45
1/14/2001,-1,-1,-1,6.2,,6.18
1/15/2001,-1,-1,-1,5.1,,5.14
1/16/2001,-1,-1,-1,4.9,,4.88
1/17/2001,0.2,0.2,-1,4.9,,4.88
1/18/2001,0,-1,-1,4.6,,4.62
1/19/2001,0.3,0,0.5,3.8,,3.83
1/20/2001,0.4,0.3,0.7,3.8,,3.83
1/21/2001,-1,-1,-1,3.8,,3.83
1/22/2001,-1,-1,-1,3.8,,3.83
1/23/2001,-1,-1,0.1,3.8,,3.83
1/24/2001,2.4,2.9,3.3,2.8,,2.78
1/25/2001,9.2,6.3,8.7,3.3,,3.31
1/26/2001,-1,0.2,3.2,3,,3.05
1/27/2001,4.2,10.1,4.5,2.3,,2.26
1/28/2001,0.4,0.9,0.3,2.3,,2.26
1/29/2001,2.5,2,3,2.3,,2.35
1/30/2001,1.1,0.5,0.2,3.3,,3.31
1/31/2001,0.1,-1,-1,3.8,,3.83
2/1/2001,1.1,1.4,1.2,3,,3.05
2/2/2001,-1,-1,-1,2.3,,2.26
2/3/2001,0.9,1,1.2,2.3,,2.26
2/4/2001,1.3,0.8,1,2.3,,2.26
2/5/2001,1.1,2,3,2.3,,2.26
2/6/2001,8,15.5,10.1,2.3,,2.26
2/7/2001,0.7,1.3,1.1,3.3,,3.31
2/8/2001,4.9,4.7,5.4,5.9,,5.92
2/9/2001,1.3,1.9,1,9.1,,9.06
2/10/2001,-1,-1,-1,13.8,,13.77
2/11/2001,5,4.9,5.5,14.3,,14.29
2/12/2001,1.2,0.2,0.5,13.8,,13.77
2/13/2001,-1,-1,0,11.7,,11.68
2/14/2001,1.3,0.5,1,8.3,,8.28
2/15/2001,-1,-1,-1,7.5,,7.49
2/16/2001,-1,-1,-1,7.5,,7.49
2/17/2001,0.3,1,2.5,6.4,,6.45
2/18/2001,0,-1,0.5,6.4,,6.45
2/19/2001,0.7,1.8,1.8,6.4,,6.45
2/20/2001,3.6,3.8,4.9,6.2,,6.18
2/21/2001,4.6,5.5,3,4.9,,4.88
2/22/2001,-1,0.3,-1,4.9,,4.88
2/23/2001,-1,-1,-1,4.9,,4.88
2/24/2001,0.3,0.5,0.5,4.9,,4.88
2/25/2001,-1,-1,-1,4.1,,4.09
2/26/2001,2.4,4.3,3.9,3.8,,3.83
2/27/2001,2.3,1.6,2.8,3.8,,3.83
2/28/2001,0.2,0.1,0.3,3.8,,3.83
3/1/2001,0.5,0.9,0.9,3.8,,3.83
3/2/2001,4.5,6.5,4.6,3.8,,
3/3/2001,0.1,0.1,0.1,3.8,,3.83
3/4/2001,0,0,0.1,3.8,,3.83
3/5/2001,0,-1,0.1,3.8,,3.83
3/6/2001,6,3.5,4.9,3.6,,3.57
3/7/2001,0,-1,-1,2.5,,2.52
3/8/2001,-1,-1,-1,2.3,,2.26
3/9/2001,-1,-1,1.1,2.3,,2.26
3/10/2001,6.2,4.9,5.2,2.3,,2.26
3/11/2001,3.6,2.8,3.3,2.3,,2.26
3/12/2001,10.7,6,4.9,2.3,,2.26
3/13/2001,0.3,-1,-1,3.3,,3.31
3/14/2001,-1,-1,-1,7.4,,7.36
3/15/2001,0.4,0.5,0.1,13.8,,13.77
3/16/2001,0.6,1.6,0.3,14.8,,14.82
3/17/2001,0,0.1,0,16.6,,16.65
3/18/2001,1,0.4,1,14.3,,14.29
3/19/2001,0,-1,0,11.4,,11.42
3/20/2001,-1,-1,-1,10.4,,10.37
3/21/2001,2.9,0.1,0.6,8.3,,8.28
3/22/2001,0.9,0.6,1.1,7.5,,7.49
3/23/2001,0,0.1,0.1,6.2,,6.18
3/24/2001,-1,-1,-1,5.1,,5.14
3/25/2001,-1,-1,-1,4.9,,4.88
3/26/2001,0.3,2.2,2.1,4.9,,4.88
3/27/2001,0,0.3,0.4,3.8,,3.83
3/28/2001,-1,-1,-1,3.8,,3.83
3/29/2001,-1,-1,-1,3.8,,3.83
3/30/2001,1.5,0.1,1,3.8,,3.83
3/31/2001,1.9,0.9,2.5,3.8,,3.83
4/1/2001,1.2,0.6,0.4,3.8,,3.83
4/2/2001,-1,-1,-1,9.1,,9.06
4/3/2001,0.2,0.1,-1,12.2,,12.2
4/4/2001,-1,-1,-1,30,,29.98
4/5/2001,-1,0.1,0.2,41.5,,41.49
4/6/2001,-1,-1,-1,42.5,,42.54
4/7/2001,0,0.1,0,52,,51.95
4/8/2001,0.1,0.1,0.2,62.4,,62.42
4/9/2001,1.1,1.8,1.4,63.5,,63.46
4/10/2001,-1,-1,-1,56.1,,56.14
4/11/2001,-1,-1,-1,51.7,,51.69
4/12/2001,-1,-1,-1,49.3,,49.34
4/13/2001,-1,0,0,49.3,,49.34
4/14/2001,2.9,4.4,3.2,46.7,,46.72
4/15/2001,6.9,9.2,8.7,41.8,,41.75
4/16/2001,-1,-1,-1,39.1,,39.14
4/17/2001,0.5,1,1.3,29.2,,29.2
4/18/2001,0,0.1,0.3,28.4,,28.42
4/19/2001,0,5.7,1.9,28.4,,28.42
4/20/2001,0.8,0.5,1,28.4,,28.42
4/21/2001,-1,7.4,-1,28.4,,28.42
4/22/2001,0,1,1.9,28.4,,28.42
4/23/2001,4.7,0.9,0.3,28.4,,28.42
4/24/2001,-1,-1,-1,28.4,,28.42
4/25/2001,0.2,0.3,1,27.4,,27.37
4/26/2001,0,1.4,2.3,27.4,,27.37
4/27/2001,2.3,5.7,5.8,27.4,,27.37
4/28/2001,0.5,0.7,0.8,26.6,,26.58
4/29/2001,-1,-1,0,23.4,,23.45
4/30/2001,-1,-1,-1,22.4,,22.4
5/1/2001,2.6,-1,0.1,22.1,,22.14
5/2/2001,-1,-1,-1,22.1,,22.14
5/3/2001,-1,-1,-1,19,,19
5/4/2001,0.1,-1,-1,16.9,,16.91
5/5/2001,3.1,1,0.4,16.1,,16.12
5/6/2001,-1,-1,-1,14.3,,14.29
5/7/2001,-1,-1,-1,14,,14.03
5/8/2001,-1,-1,-1,13,,12.98
5/9/2001,-1,-1,-1,11.7,,11.68
5/10/2001,-1,-1,-1,10.4,,10.37
5/11/2001,-1,-1,-1,9.1,,9.06
5/12/2001,-1,-1,-1,7.8,,7.75
5/13/2001,4.8,0,1.4,7.5,,7.49
5/14/2001,-1,-1,-1,6.7,,6.71
5/15/2001,-1,-1,-1,6.4,,6.45
5/16/2001,0.7,2.5,2.6,6.4,,6.45
5/17/2001,2.2,2.4,2,6.4,,6.45
5/18/2001,4.4,8,5.8,6.4,,6.45
5/19/2001,2.2,2.3,2.5,6.4,,6.45
5/20/2001,1.6,0.6,0.9,6.4,,6.45
5/21/2001,0.9,0.8,0.8,6.4,,6.45
5/22/2001,0.5,0.1,-1,6.4,,6.45
5/23/2001,2.8,2,6,6.4,,6.45
5/24/2001,1.5,0.1,0.5,6.4,,6.45
5/25/2001,2.2,0.2,1.2,6.4,,6.45
5/26/2001,-1,-1,-1,6.4,,6.45
5/27/2001,0.2,0.7,0.2,6.2,,6.18
5/28/2001,-1,-1,0.1,4.9,,4.88
5/29/2001,1.6,1.6,0.2,4.9,,4.88
5/30/2001,0.1,0.1,-1,4.9,,4.88
5/31/2001,-1,0.3,0.5,4.9,,4.88
6/1/2001,-1,-1,-1,3.8,,3.83
6/2/2001,-1,-1,-1,3.8,,3.83
6/3/2001,1.3,1.5,1.5,3.8,,3.83
6/4/2001,3.8,3.8,8.7,3.8,,3.83
6/5/2001,-1,-1,-1,3.8,,3.83
6/6/2001,-1,-1,-1,3.8,,3.83
6/7/2001,0.9,2.8,7.6,3.8,,3.83
6/8/2001,0.5,0.2,0.3,3.8,,3.83
6/9/2001,17.1,12.6,12.7,3.8,,3.83
6/10/2001,3.3,9.6,3.2,3.8,,3.83
6/11/2001,6.5,8,4.7,3.8,,3.83
6/12/2001,19.5,17.6,16.3,4.4,,4.35
6/13/2001,18.8,18.5,11,8.5,,8.54
6/14/2001,9.1,17.3,34.8,28.4,,28.42
6/15/2001,1.1,-1,-1,48.8,,48.82
6/16/2001,-1,-1,-1,48.6,,48.55
6/17/2001,0,3,0.3,47.8,,47.77
6/18/2001,0,0.5,0.4,43.1,,43.06
6/19/2001,6.6,2.7,4.8,32.3,,32.34
6/20/2001,3.3,8.3,2.9,22.4,,22.4
6/21/2001,0.4,0.8,1,17.2,,17.17
6/22/2001,0.9,-1,0,16.1,,16.12
6/23/2001,-1,-1,-1,15.3,,15.34
6/24/2001,-1,-1,-1,15.3,,15.34
6/25/2001,-1,-1,-1,14.3,,14.29
6/26/2001,-1,0.4,-1,11.9,,11.94
6/27/2001,-1,-1,-1,10.9,,10.89
6/28/2001,-1,-1,-1,8.3,,8.28
6/29/2001,-1,-1,-1,7.5,,7.49
6/30/2001,-1,-1,-1,6.4,,6.45
7/1/2001,0.2,0.2,0.1,6.4,,6.45
7/2/2001,-1,-1,0.1,5.1,,5.14
7/3/2001,0.1,-1,-1,4.9,,4.88
7/4/2001,-1,-1,-1,4.9,,4.88
7/5/2001,-1,-1,-1,3.8,,3.83
7/6/2001,-1,-1,-1,3.6,,3.57
7/7/2001,-1,-1,-1,2.5,,2.52
7/8/2001,-1,-1,-1,2.3,,2.26
7/9/2001,-1,-1,0,2.3,,2.26
7/10/2001,1.4,0,0.9,2.3,,2.26
7/11/2001,3.4,3,12.1,2.3,,2.26
7/12/2001,1.8,-1,0,2.3,,2.26
7/13/2001,2.3,3,6,2.3,,2.26
7/14/2001,1.6,0.1,0.4,2.3,,2.26
7/15/2001,1.3,2.7,5.1,2.3,,2.26
7/16/2001,1.6,4.9,2.1,2.3,,2.26
7/17/2001,5.1,3.3,17.2,2.3,,2.26
7/18/2001,17,28.3,29,2.8,,2.78
7/19/2001,5.2,2.5,4.3,3.8,,3.83
7/20/2001,0.1,-1,-1,7.5,,7.49
7/21/2001,5.7,2.5,1.3,10.1,,10.11
7/22/2001,-1,-1,-1,9.3,,9.32
7/23/2001,-1,-1,-1,8.5,,8.54
7/24/2001,-1,-1,-1,5.1,,5.14
7/25/2001,0,-1,-1,4.9,,4.88
7/26/2001,-1,-1,1.2,4.9,,4.88
7/27/2001,-1,-1,-1,4.9,,4.88
7/28/2001,-1,-1,-1,4.9,,4.88
7/29/2001,-1,-1,-1,4.1,,4.09
7/30/2001,8.7,7,2,3.8,,3.83
7/31/2001,0.7,1,5.2,3.8,,3.83
8/1/2001,-1,-1,-1,3.8,,3.83
8/2/2001,-1,-1,-1,3.8,,3.83
8/3/2001,-1,-1,-1,3.8,,3.83
8/4/2001,4.9,15.3,8.8,3.8,,3.83
8/5/2001,1.4,7.5,3,3.8,,3.83
8/6/2001,0.2,0.8,0.1,2.8,,2.78
8/7/2001,5.1,3.8,4.2,3.3,,3.31
8/8/2001,-1,0.5,0.4,3,,3.05
8/9/2001,-1,-1,0.1,2.3,,2.26
8/10/2001,2.7,16.5,5.6,2.3,,2.26
8/11/2001,1.4,1,1.6,3.3,,3.31
8/12/2001,0.7,4.1,1.4,3,,3.05
8/13/2001,5.7,0.2,3.3,2.3,,2.26
8/14/2001,-1,-1,-1,2.8,,2.78
8/15/2001,-1,0.1,-1,3.8,,3.83
8/16/2001,-1,-1,-1,3.8,,3.83
8/17/2001,-1,-1,-1,3.8,,3.83
8/18/2001,-1,-1,-1,3,,3.05
8/19/2001,-1,-1,-1,2.3,,2.26
8/20/2001,-1,-1,-1,2.3,,2.26
8/21/2001,-1,0,-1,2.3,,2.26
8/22/2001,0,1.3,-1,2.3,,2.26
8/23/2001,-1,-1,-1,2.3,,2.26
8/24/2001,-1,-1,-1,2.3,,2.26
8/25/2001,-1,-1,-1,2.3,,2.26
8/26/2001,-1,-1,-1,2.3,,2.26
8/27/2001,-1,0.6,0,2.3,,2.26
8/28/2001,-1,5.4,0.6,2.3,,2.26
8/29/2001,-1,-1,-1,2.3,,2.26
8/30/2001,-1,-1,-1,2.3,,2.26
8/31/2001,0,5.4,3.7,1.2,,1.22
9/1/2001,0.1,-1,0.4,1.2,,1.22
9/2/2001,0,0.6,0,1.2,,1.22
9/3/2001,5.9,7.2,1.5,1.2,,1.22
9/4/2001,6.5,4,5.5,1.2,,1.22
9/5/2001,4.6,3.6,12.1,1.2,,1.22
9/6/2001,0.9,0.2,-1,2.3,,2.26
9/7/2001,0.3,0.7,1.6,2.3,,2.26
9/8/2001,8.3,15.7,16.6,2.3,,2.26
9/9/2001,9.4,24,25.8,2.8,,2.78
9/10/2001,27.2,9.6,14.3,6.4,,6.45
9/11/2001,0,0.2,0,18,,17.95
9/12/2001,1.3,2.4,2.1,18,,17.95
9/13/2001,2.3,1,2.8,18,,17.95
9/14/2001,5.2,3.6,21.2,14.8,,14.82
9/15/2001,4.9,5.6,3.7,14,,14.03
9/16/2001,-1,-1,-1,11.7,,11.68
9/17/2001,-1,-1,-1,12.2,,12.2
9/18/2001,-1,-1,-1,12.7,,12.72
9/19/2001,-1,-1,-1,11.4,,11.42
9/20/2001,-1,-1,-1,10.4,,10.37
9/21/2001,-1,-1,-1,9.3,,9.32
9/22/2001,0.3,-1,-1,9.1,,9.06
9/23/2001,0.7,1.4,0.9,8.8,,8.8
9/24/2001,-1,-1,-1,7.8,,7.75
9/25/2001,-1,-1,-1,6.4,,6.45
9/26/2001,1.1,0.6,0.9,6.4,,6.45
9/27/2001,0.4,0.1,-1,5.4,,5.4
9/28/2001,3.5,1,6,4.9,,4.88
9/29/2001,0.2,-1,-1,4.9,,4.88
9/30/2001,0,-1,0.2,4.6,,4.62
10/1/2001,7.8,16.1,9.1,3.8,,3.83
10/2/2001,-1,2.7,0.2,5.1,,5.14
10/3/2001,0.2,0.6,1.2,4.9,,4.88
10/4/2001,-1,0.1,-1,4.9,,4.88
10/5/2001,0.3,-1,-1,4.9,,4.88
10/6/2001,0.2,-1,-1,4.9,,4.88
10/7/2001,0,0.4,0.3,4.9,,4.88
10/8/2001,0.9,1,1.2,4.9,,4.88
10/9/2001,0.6,0.8,1.1,4.9,,4.88
10/10/2001,5.1,9.3,16.5,4.9,,4.88
10/11/2001,1.2,0.8,6.1,4.9,,4.88
10/12/2001,2.4,2.5,2.1,7.5,,7.49
10/13/2001,0.5,0.5,0.7,7.5,,7.49
10/14/2001,-1,0.3,0.1,7.5,,7.49
10/15/2001,-1,0.1,0.1,8.8,,8.8
10/16/2001,2.5,0.2,1.9,7.8,,7.75
10/17/2001,0.1,0.6,0.2,7.5,,7.49
10/18/2001,-1,0.2,-1,7.5,,7.49
10/19/2001,-1,-1,-1,7.2,,7.23
10/20/2001,-1,-1,-1,6.4,,6.45
10/21/2001,0.2,0.6,0.4,6.4,,6.45
10/22/2001,0,0.3,-1,5.7,,5.66
10/23/2001,-1,-1,-1,4.9,,4.88
10/24/2001,-1,-1,0.1,4.9,,4.88
10/25/2001,0,-1,-1,4.9,,4.88
10/26/2001,-1,-1,-1,3.8,,3.83
10/27/2001,1,4.2,4.3,3.8,,3.83
10/28/2001,2.2,0.8,0.2,3.8,,3.83
10/29/2001,0.3,0.6,1.3,3.8,,3.83
10/30/2001,9.4,13.8,8.8,3.8,,3.83
10/31/2001,23.7,15.4,21.5,8.5,,8.54
11/1/2001,6.5,2.6,2.1,26.3,,26.32
11/2/2001,0.3,-1,0.1,37.8,,37.83
11/3/2001,0,-1,-1,37.3,,37.31
11/4/2001,-1,0.4,1,36.3,,36.26
11/5/2001,-1,-1,0,26.3,,26.32
11/6/2001,11.2,11.8,16.7,19,,19
11/7/2001,1,2.8,2.7,16.9,,16.91
11/8/2001,-1,4.2,4.5,15.6,,15.6
11/9/2001,-1,3,0.1,16.6,,16.65
11/10/2001,1.8,1.7,2.7,14.3,,14.29
11/11/2001,2.4,0.2,1.9,24.2,,24.23
11/12/2001,-1,-1,0.1,25.3,,25.28
11/13/2001,0.2,0.5,0.5,27.1,,27.11
11/14/2001,-1,-1,0.1,24.8,,24.75
11/15/2001,7.1,8.8,7.4,19.3,,19.26
11/16/2001,1.4,0.6,2.4,15.6,,15.6
11/17/2001,1.1,0,0.2,17.6,,17.56
11/18/2001,-1,-1,-1,19.3,,19.26
11/19/2001,0,-1,-1,16.9,,16.91
11/20/2001,0,-1,-1,13,,12.98
11/21/2001,0.4,2,3.9,9.1,,9.06
11/22/2001,0.2,10.2,3.7,8.3,,8.28
11/23/2001,-1,1.7,0.7,7.5,,7.49
11/24/2001,0.1,0.3,0.1,7.2,,7.23
11/25/2001,0,-1,0.2,6.4,,6.45
11/26/2001,0.2,-1,0.1,6.4,,6.45
11/27/2001,1.2,0.6,1.6,6.4,,6.45
11/28/2001,0.1,0.4,0.1,4.9,,4.88
11/29/2001,0.7,3.1,1.4,5,,4.96
11/30/2001,0.2,0.5,0.1,5.4,,5.4
12/1/2001,-1,-1,0.1,5.4,,5.4
12/2/2001,0.2,-1,0.1,4.9,,4.88
12/3/2001,0.1,0.4,1.2,4.9,,4.88
12/4/2001,-1,-1,0,4.9,,4.88
12/5/2001,-1,-1,-1,4.9,,4.88
12/6/2001,0,-1,-1,4.9,,4.88
12/7/2001,0.2,0.5,0.4,4.9,,4.88
12/8/2001,3.4,2.5,3.1,4.6,,4.62
12/9/2001,0.4,1.4,0.2,3.8,,3.83
12/10/2001,-1,-1,-1,3.8,,3.83
12/11/2001,-1,-1,-1,3.8,,3.83
12/12/2001,-1,-1,0.1,3.8,,3.83
12/13/2001,0.4,0.3,0.3,3.8,,3.83
12/14/2001,-1,-1,-1,3.8,,3.83
12/15/2001,0,0.1,-1,3.8,,3.83
12/16/2001,0.1,0.1,0.1,3.8,,3.83
12/17/2001,0.9,0.5,0.5,3.8,,3.83
12/18/2001,7.3,4.2,3.4,3.8,,3.83
12/19/2001,3.3,3.6,3.5,3.8,,3.83
12/20/2001,-1,-1,0,3.8,,3.83
12/21/2001,-1,3.5,0.9,3.8,,3.83
12/22/2001,0.2,-1,-1,3.8,,3.83
12/23/2001,0,-1,-1,3,,3.05
12/24/2001,0.4,0.7,0.3,2.3,,2.26
12/25/2001,1.7,5.3,1.9,2.3,,2.26
12/26/2001,1.8,2.2,1.5,2.3,,2.26
12/27/2001,0.1,-1,0,2.3,,2.26
12/28/2001,0.7,0,0.7,2.3,,2.26
12/29/2001,0.3,1.1,0.5,2.3,,2.26
12/30/2001,0.2,0.1,0.1,2.3,,2.35
12/31/2001,3.2,3.3,3,2.3,,2.35
1/1/2002,0,1.9,0.3,1.2,,1.23
1/2/2002,-1,-1,-1,1.2,,1.23
1/3/2002,-1,-1,0.4,1.2,,1.24
1/4/2002,0.2,0.1,0.1,1.2,,1.24
1/5/2002,0,0.1,-1,1.2,,1.24
1/6/2002,0.2,-1,0.4,1.2,,1.24
1/7/2002,5.3,4.7,3.3,1.2,,1.24
1/8/2002,-1,-1,0.2,2.3,,2.28
1/9/2002,-1,-1,0.1,1.5,,1.5
1/10/2002,-1,-1,-1,2.3,,2.29
1/11/2002,-1,-1,-1,2.3,,2.29
1/12/2002,-1,-1,-1,2.3,,2.29
1/13/2002,2.1,3,2.6,2.3,,2.29
1/14/2002,0.2,0.1,0.1,2.3,,2.29
1/15/2002,0.3,0.1,0.2,3.3,,3.34
1/16/2002,1.4,0.3,1.2,4.4,,4.38
1/17/2002,2.3,0.8,0.8,5.4,,5.43
1/18/2002,0.6,0.8,1.2,6.5,,6.48
1/19/2002,3.3,2,2,7.5,,7.52
1/20/2002,-1,-1,0,7.5,,7.52
1/21/2002,4.3,3.3,4.1,6.7,,6.74
1/22/2002,6.7,7.2,5.7,5.7,,5.69
1/23/2002,0.9,2.9,1.3,4.9,,4.91
1/24/2002,15.7,15,17.3,4.9,,4.91
1/25/2002,8.7,10.6,13.5,7.1,,7.14
1/26/2002,-1,-1,-1,9.1,,9.1
1/27/2002,0,0.1,-1,11.2,,11.19
1/28/2002,4.9,6.3,5.2,10.9,,10.93
1/29/2002,0.4,8.2,4.4,9.1,,9.1
1/30/2002,-1,-1,-1,8.8,,8.84
1/31/2002,0.1,0.2,-1,8.1,,8.05
2/1/2002,0.8,0.8,1.5,6.5,,6.49
2/2/2002,6,4.1,3.9,6.5,,6.49
2/3/2002,-1,-1,0,8.6,,8.58
2/4/2002,0.6,0.4,1.5,22.2,,22.18
2/5/2002,7.5,6.5,7.2,29.5,,29.5
2/6/2002,1.2,0.9,0.3,30.5,,30.55
2/7/2002,0.4,0.8,1.3,37.9,,37.87
2/8/2002,1.6,0.9,0.7,40,,39.97
2/9/2002,4.2,8.5,5.7,40.5,,40.49
2/10/2002,2.4,2.3,2,38.9,,38.92
2/11/2002,0.2,1.2,0.6,44.2,,44.15
2/12/2002,2,6.4,2,43.1,,43.11
2/13/2002,0.1,-1,0.1,42.6,,42.58
2/14/2002,-1,-1,-1,41.5,,41.54
2/15/2002,0.2,0.1,0,36.3,,36.31
2/16/2002,-1,-1,-1,30.3,,30.3
2/17/2002,-1,-1,-1,24,,24.02
2/18/2002,2.3,4.6,4,22.5,,22.45
2/19/2002,1.9,1.5,1.4,21.7,,21.67
2/20/2002,-1,-1,0,18.8,,18.79
2/21/2002,0.1,-1,-1,18,,18.01
2/22/2002,6.3,4,13,15.4,,15.39
2/23/2002,9.9,3.1,10,12.8,,12.78
2/24/2002,0.8,0.8,0.3,10.7,,10.69
2/25/2002,0.5,1.7,1.1,9.4,,9.38
2/26/2002,1,4.6,2.9,9.1,,9.12
2/27/2002,6.8,9.2,7.9,8.9,,8.86
2/28/2002,1.5,1.9,1.3,7.8,,7.81
3/1/2002,-1,-1,-1,7.6,,7.55
3/2/2002,2.2,3,2.8,7.6,,
3/3/2002,2,2.1,1.3,6,,5.99
3/4/2002,2,1.2,1.4,6.5,,6.51
3/5/2002,3.1,2.8,5,6.5,,6.51
3/6/2002,9.8,9.9,14.3,6.5,,6.51
3/7/2002,0.3,0.2,0.3,6.2,,6.25
3/8/2002,0.3,0.3,1.3,5.2,,5.2
3/9/2002,8.8,10.5,8.5,4.9,,4.94
3/10/2002,0.3,0.2,0.1,4.9,,4.94
3/11/2002,1.4,2.5,2.1,4.9,,4.95
3/12/2002,0.3,0.5,-1,4.9,,4.95
3/13/2002,0.2,0.6,0.5,4.9,,4.95
3/14/2002,-1,-1,-1,4.9,,4.95
3/15/2002,-1,-1,-1,4.9,,4.95
3/16/2002,-1,-1,-1,4.9,,4.95
3/17/2002,-1,-1,-1,4.9,,4.95
3/18/2002,0.5,0.5,0.3,5.5,,5.47
3/19/2002,-1,-1,-1,6.5,,6.52
3/20/2002,2.6,2.8,2.9,6.5,,6.52
3/21/2002,-1,0,-1,11.8,,11.75
3/22/2002,2.3,0.6,2,18,,18.03
3/23/2002,-1,-1,-1,19.1,,19.08
3/24/2002,-1,-1,-1,22.2,,22.21
3/25/2002,-1,-1,-1,25.9,,25.88
3/26/2002,0,-1,-1,26.9,,26.92
3/27/2002,-1,-1,-1,24.8,,24.83
3/28/2002,-1,-1,-1,24.8,,24.83
3/29/2002,-1,-1,-1,34.8,,34.77
3/30/2002,-1,-1,-1,35.8,,35.82
3/31/2002,-1,-1,-1,48.4,,48.37
4/1/2002,-1,-1,-1,54.6,,54.65
4/2/2002,-1,-1,-1,55.7,,55.69
4/3/2002,4.7,5.1,3.7,56.2,,56.22
4/4/2002,-1,-1,-1,51.8,,51.77
4/5/2002,-1,-1,-1,47.3,,47.33
4/6/2002,-1,-1,-1,38.2,,38.18
4/7/2002,-1,-1,-1,37.4,,37.39
4/8/2002,-1,-1,-1,32.7,,32.69
4/9/2002,-1,-1,-1,27.7,,27.72
4/10/2002,-1,-1,-1,23.8,,23.8
4/11/2002,-1,-1,-1,22.5,,22.49
4/12/2002,-1,-1,-1,22.2,,22.23
4/13/2002,-1,-1,-1,24.3,,24.32
4/14/2002,-1,-1,-1,27.5,,27.46
4/15/2002,-1,-1,-1,31.1,,31.12
4/16/2002,-1,-1,-1,32.2,,32.17
4/17/2002,-1,-1,-1,32.7,,32.69
4/18/2002,-1,-1,-1,32.7,,32.69
4/19/2002,-1,-1,-1,32.4,,32.43
4/20/2002,-1,-1,-1,30.1,,30.08
4/21/2002,-1,-1,-1,26.7,,26.68
4/22/2002,-1,-1,-1,24.9,,24.85
4/23/2002,-1,-1,-1,22.5,,22.5
4/24/2002,-1,-1,-1,21.5,,21.45
4/25/2002,-1,-1,-1,20.7,,20.67
4/26/2002,-1,-1,-1,20.7,,20.67
4/27/2002,0.4,2.2,1.7,20.7,,20.67
4/28/2002,0.6,0,-1,20.7,,20.67
4/29/2002,-1,-1,-1,19.6,,19.63
4/30/2002,0.1,0.4,0.1,19.4,,19.36
5/1/2002,0.1,-1,-1,18.6,,18.58
5/2/2002,0,-1,0,16.8,,16.75
5/3/2002,6.5,0.5,3.6,15.7,,15.71
5/4/2002,13.7,3.4,10.2,14.4,,14.4
5/5/2002,23,6.3,22.1,13.4,,13.35
5/6/2002,-1,-1,-1,32.2,,32.18
5/7/2002,-1,-1,-1,37,,37.02
5/8/2002,-1,-1,-1,44.2,,44.21
5/9/2002,-1,-1,-1,47.9,,47.88
5/10/2002,-1,-1,-1,43.4,,43.43
5/11/2002,-1,-1,-1,35.3,,35.33
5/12/2002,0.1,-1,-1,27.7,,27.74
5/13/2002,4,3.8,0.4,27,,26.96
5/14/2002,-1,-1,-1,21.3,,21.34
5/15/2002,0.7,0.4,0.7,17.5,,17.54
5/16/2002,2.6,-1,0.7,15.5,,15.45
5/17/2002,3.2,1.7,2.3,12.8,,12.84
5/18/2002,0.7,0.4,0.8,11.8,,11.79
5/19/2002,-1,-1,-1,10.5,,10.49
5/20/2002,-1,-1,-1,10.2,,10.23
5/21/2002,-1,-1,-1,9.4,,9.44
5/22/2002,-1,-1,-1,8.1,,8.14
5/23/2002,0.3,-1,-1,7.9,,7.87
5/24/2002,0,-1,-1,6.8,,6.83
5/25/2002,-1,-1,-1,6.6,,6.57
5/26/2002,-1,0,-1,6.3,,6.31
5/27/2002,-1,-1,-1,5,,5
5/28/2002,-1,-1,-1,5,,5
5/29/2002,-1,-1,-1,5,,5
5/30/2002,-1,-1,-1,4.7,,4.74
5/31/2002,-1,-1,-1,4,,3.96
6/1/2002,-1,-1,-1,4,,3.96
6/2/2002,1.1,8.3,0.2,4,,3.96
6/3/2002,-1,0.3,-1,3.2,,3.18
6/4/2002,0,-1,11.1,2.4,,2.39
6/5/2002,-1,-1,-1,2.4,,2.39
6/6/2002,-1,-1,-1,2.4,,2.39
6/7/2002,0,0.1,-1,2.4,,2.39
6/8/2002,-1,-1,4.5,2.4,,2.39
6/9/2002,5.8,-1,-1,2.4,,2.4
6/10/2002,-1,-1,-1,2.4,,2.4
6/11/2002,-1,0.5,-1,2.4,,2.4
6/12/2002,2,2.6,0.3,2.4,,2.4
6/13/2002,9.7,26.6,17,2.4,,2.4
6/14/2002,13.8,14.6,10.5,1.4,,1.35
6/15/2002,-1,0.2,-1,3.4,,3.45
6/16/2002,18.8,16.1,6,4.5,,4.49
6/17/2002,5,0.7,2,5,,5.02
6/18/2002,-1,-1,-1,5,,5.02
6/19/2002,0,-1,0,6.1,,6.06
6/20/2002,-1,0.7,0.5,7.6,,7.63
6/21/2002,9.9,9.5,7.2,6.8,,6.85
6/22/2002,-1,-1,-1,5.8,,5.8
6/23/2002,2.3,8.2,4.7,4.8,,4.76
6/24/2002,-1,9.2,-1,4,,3.98
6/25/2002,4.9,0.5,3.9,4,,3.98
6/26/2002,5.8,11.1,17.5,4,,3.98
6/27/2002,14.5,8.6,7.2,4,,3.98
6/28/2002,3,1.5,6.7,4,,3.98
6/29/2002,0.2,-1,0.2,5,,5.02
6/30/2002,7.7,3,7.5,6.1,,6.07
7/1/2002,0.9,0.3,3,8.2,,8.16
7/2/2002,6.7,12.9,17.8,7.9,,7.9
7/3/2002,1.2,0.5,1.8,7.6,,7.64
7/4/2002,4.7,6,4,7.6,,7.64
7/5/2002,19.9,19,10.9,8.2,,8.17
7/6/2002,0,1.3,0.3,9.2,,9.21
7/7/2002,0.4,1.2,1.5,11.3,,11.31
7/8/2002,0.9,-1,-1,17.1,,17.06
7/9/2002,-1,-1,-1,20.7,,20.72
7/10/2002,-1,-1,-1,18.9,,18.89
7/11/2002,-1,-1,0,18.1,,18.11
7/12/2002,-1,-1,-1,14.4,,14.45
7/13/2002,-1,-1,-1,8.7,,8.7
7/14/2002,-1,-1,-1,6.3,,6.34
7/15/2002,9.5,0.1,1.6,5,,5.04
7/16/2002,-1,-1,-1,4,,3.99
7/17/2002,-1,-1,-1,4,,3.99
7/18/2002,-1,-1,-1,4,,3.99
7/19/2002,6,-1,0.9,4,,3.99
7/20/2002,0.1,0,0.2,3.2,,3.21
7/21/2002,4.3,4.6,2.8,2.4,,2.43
7/22/2002,7,7.5,30.5,2.4,,2.43
7/23/2002,10.1,1.3,6.1,6.1,,6.09
7/24/2002,1.6,0.1,0.7,7.1,,7.14
7/25/2002,2.1,27.4,0.2,9.2,,9.23
7/26/2002,0.7,0.3,-1,10.3,,10.27
7/27/2002,1.1,-1,2.7,10.3,,10.28
7/28/2002,-1,-1,-1,8.2,,8.18
7/29/2002,-1,-1,-1,6.9,,6.88
7/30/2002,-1,-1,-1,5.8,,5.83
7/31/2002,-1,0.3,0.2,5,,5.05
8/1/2002,41.8,0,8.7,5,,5.05
8/2/2002,-1,-1,-1,4,,4
8/3/2002,0,-1,-1,4,,4
8/4/2002,0,-1,-1,5.1,,5.05
8/5/2002,-1,-1,-1,6.1,,6.1
8/6/2002,-1,-1,-1,5.8,,5.84
8/7/2002,-1,-1,-1,4.8,,4.79
8/8/2002,-1,-1,-1,4,,4.01
8/9/2002,-1,-1,2.5,4,,4.01
8/10/2002,-1,-1,-1,3.7,,3.75
8/11/2002,-1,-1,-1,2.7,,2.7
8/12/2002,-1,-1,-1,2.4,,2.44
8/13/2002,-1,-1,-1,2.4,,2.44
8/14/2002,0.1,-1,0.2,2.4,,2.44
8/15/2002,-1,-1,-1,2.4,,2.44
8/16/2002,-1,-1,-1,2.4,,2.44
8/17/2002,-1,-1,-1,2.4,,2.45
8/18/2002,-1,-1,-1,2.4,,2.45
8/19/2002,-1,-1,-1,2.4,,2.45
8/20/2002,-1,-1,-1,2.4,,2.45
8/21/2002,-1,-1,4.3,2.4,,2.45
8/22/2002,-1,-1,-1,2.4,,2.45
8/23/2002,-1,-1,-1,2.5,,2.45
8/24/2002,-1,-1,-1,2.5,,2.45
8/25/2002,-1,-1,-1,1.4,,1.41
8/26/2002,-1,-1,-1,1.4,,1.41
8/27/2002,-1,-1,-1,2.5,,2.45
8/28/2002,-1,3.2,2.2,2.5,,2.45
8/29/2002,-1,-1,-1,2.5,,2.45
8/30/2002,14.1,3.7,7.3,1.4,,1.41
8/31/2002,0.8,0.9,3.4,1.4,,1.41
9/1/2002,2.7,2.1,1.5,3,,2.98
9/2/2002,-1,-1,-1,3,,2.98
9/3/2002,-1,-1,-1,2.5,,2.46
9/4/2002,-1,-1,-1,2.5,,2.46
9/5/2002,-1,0.2,-1,2.5,,2.46
9/6/2002,2.8,2.1,7.8,1.4,,1.41
9/7/2002,1,0.1,-1,1.4,,1.41
9/8/2002,-1,0.3,-1,1.4,,1.42
9/9/2002,-1,0.1,0,2.5,,2.46
9/10/2002,-1,-1,-1,1.4,,1.42
9/11/2002,-1,-1,-1,2.5,,2.46
9/12/2002,-1,-1,-1,2.5,,2.46
9/13/2002,0,0,-1,2.5,,2.46
9/14/2002,1.3,0.4,0.5,2.2,,2.2
9/15/2002,0.4,-1,0,1.4,,1.42
9/16/2002,2.1,0.5,0.3,2.5,,2.47
9/17/2002,5.9,5,1.4,2.5,,2.47
9/18/2002,0.1,0.2,0.9,2.5,,2.47
9/19/2002,-1,0.1,-1,2.2,,2.21
9/20/2002,-1,-1,-1,1.4,,1.42
9/21/2002,-1,-1,-1,1.9,,1.95
9/22/2002,1.3,-1,-1,2.5,,2.47
9/23/2002,1,-1,0.7,2.2,,2.21
9/24/2002,1.8,0,1.2,1.4,,1.43
9/25/2002,-1,-1,-1,2.5,,2.47
9/26/2002,-1,0,-1,2.5,,2.47
9/27/2002,-1,0,-1,2.5,,2.48
9/28/2002,0,-1,-1,2.5,,2.48
9/29/2002,0.1,1,0.5,2.5,,2.48
9/30/2002,1.6,0.6,1,2.5,,2.48
10/1/2002,0,-1,-1,1.7,,1.69
10/2/2002,-1,-1,-1,1.4,,1.43
10/3/2002,0.1,-1,-1,1.4,,1.43
10/4/2002,-1,-1,0,1.4,,1.43
10/5/2002,0.2,-1,0,1.4,,1.43
10/6/2002,2,-1,0.1,1.4,,1.44
10/7/2002,-1,-1,0,1.4,,1.44
10/8/2002,-1,-1,-1,2.5,,2.48
10/9/2002,0,0.6,0.1,1.4,,1.44
10/10/2002,-1,0,-1,2,,1.96
10/11/2002,-1,-1,-1,2.5,,2.49
10/12/2002,0,-1,-1,1.4,,1.44
10/13/2002,0,0.4,-1,1.4,,1.44
10/14/2002,-1,-1,-1,1.4,,1.44
10/15/2002,2.9,6.5,3.5,2,,1.97
10/16/2002,0.7,0.7,0.9,2.5,,2.49
10/17/2002,0.5,0.1,0.3,2.5,,2.49
10/18/2002,0.1,0.3,0.1,2.5,,2.49
10/19/2002,-1,-1,-1,2.5,,2.49
10/20/2002,-1,-1,-1,1.7,,1.71
10/21/2002,-1,-1,-1,2.5,,2.49
10/22/2002,-1,-1,-1,1.4,,1.45
10/23/2002,-1,-1,-1,1.4,,1.45
10/24/2002,2.4,2.2,2.1,1.4,,1.45
10/25/2002,1.3,0.2,-1,2.5,,2.5
10/26/2002,3.1,13.1,8,2.5,,2.5
10/27/2002,1.1,3.5,4.4,2.5,,2.5
10/28/2002,0.3,-1,-1,2.5,,2.5
10/29/2002,0,-1,0.1,2.5,,2.5
10/30/2002,0.4,0.1,0,2.5,,2.5
10/31/2002,0,3,5.5,1.5,,1.45
11/1/2002,7,14.9,3.3,1.5,,1.45
11/2/2002,-1,0.1,-1,2.8,,2.76
11/3/2002,-1,0.3,-1,1.7,,1.72
11/4/2002,0.1,0.2,0.2,2.5,,2.5
11/5/2002,-1,0,-1,1.5,,1.46
11/6/2002,1.7,-1,-1,1.5,,1.46
11/7/2002,-1,-1,0.2,2.5,,2.5
11/8/2002,0.5,4.1,2.8,1.7,,1.72
11/9/2002,4,4,4.3,2.5,,2.51
11/10/2002,0.2,1.2,0.4,2.5,,2.51
11/11/2002,0.3,0.1,0.1,2.5,,2.51
11/12/2002,0,-1,-1,2.2,,2.25
11/13/2002,0.2,-1,0.1,1.5,,1.46
11/14/2002,-1,-1,-1,1.5,,1.46
11/15/2002,-1,-1,-1,1.5,,1.46
11/16/2002,0,-1,0.1,1.5,,1.47
11/17/2002,3.3,4.8,2,1.5,,1.47
11/18/2002,8,10.1,9.3,1.5,,1.47
11/19/2002,27.5,11.2,8,1.5,,1.47
11/20/2002,15.9,19.5,10.4,2.5,,2.51
11/21/2002,0.9,2.2,0.4,1.5,,1.47
11/22/2002,-1,-1,-1,2,,1.99
11/23/2002,-1,0.3,-1,2.5,,2.52
11/24/2002,0.7,0,0.2,2.3,,2.26
11/25/2002,1.3,0.8,1.5,1.5,,1.47
11/26/2002,13.4,8.2,9.5,1.5,,1.47
11/27/2002,-1,0.2,0.1,2,,2
11/28/2002,0,0.1,0,3,,3.04
11/29/2002,-1,0.5,0.1,4.1,,4.09
11/30/2002,0.3,-1,-1,4.1,,4.09
12/1/2002,0.4,1.9,0.9,4.1,,4.09
12/2/2002,0.9,2.9,1.3,3.3,,3.31
12/3/2002,-1,-1,-1,2.5,,2.52
12/4/2002,0.2,0.2,0.1,2.5,,2.52
12/5/2002,0.2,-1,0.2,2.5,,2.53
12/6/2002,0.1,0.2,0.1,1.5,,1.48
12/7/2002,0.4,0.2,0.2,1.5,,1.48
12/8/2002,1,0.6,0.7,2.5,,2.53
12/9/2002,1.7,-1,0.1,2.5,,2.53
12/10/2002,-1,-1,-1,1.5,,1.48
12/11/2002,-1,-1,0.3,2.5,,2.53
12/12/2002,0.3,0.3,1.5,2.5,,2.53
12/13/2002,0,-1,-1,2.5,,2.53
12/14/2002,-1,0.2,-1,2.5,,2.53
12/15/2002,0.1,-1,0.1,2.3,,2.27
12/16/2002,-1,-1,-1,1.5,,1.49
12/17/2002,1.5,1.1,1.6,2.5,,2.53
12/18/2002,-1,-1,-1,2.5,,2.53
12/19/2002,0.9,0.2,0.5,2.5,,2.54
12/20/2002,2.3,0.3,1.5,2.5,,2.54
12/21/2002,1.1,0.3,0.8,2.5,,2.54
12/22/2002,-1,-1,-1,2.5,,2.54
12/23/2002,-1,-1,-1,1.8,,1.75
12/24/2002,-1,-1,-1,1.5,,1.49
12/25/2002,0.4,1.4,0.5,1.5,,1.49
12/26/2002,0.3,0.9,1,1.5,,1.49
12/27/2002,-1,0.2,0,1.5,,1.5
12/28/2002,-1,1.1,0.1,1.5,,1.5
12/29/2002,0.1,1,0.1,1.5,,1.5
12/30/2002,-1,-1,-1,1.5,,1.5
12/31/2002,-1,-1,-1,1.5,,1.5
1/1/2003,-1,-1,-1,25.8,,0.59
1/2/2003,-1,-1,-1,26.6,,0.62
1/3/2003,-1,-1,0.1,26.6,,0.62
1/4/2003,-1,0.1,-1,26.6,,0.62
1/5/2003,-1,-1,-1,26.6,,0.62
1/6/2003,-1,-1,-1,26.6,,0.62
1/7/2003,2.2,2.4,2,26.6,,0.62
1/8/2003,0.8,2,1.3,26.6,,0.62
1/9/2003,-1,-1,-1,26.6,,0.62
1/10/2003,-1,-1,-1,26.6,,0.62
1/11/2003,6.7,4.9,6.1,27.1,,0.65
1/12/2003,1.3,1.2,0.7,27.9,,0.68
1/13/2003,0.9,0.5,1,28.4,,0.71
1/14/2003,4.7,6,7.7,28.4,,0.71
1/15/2003,3.3,2.6,2.5,28.4,,0.71
1/16/2003,0.2,0.8,1.8,28.4,,0.71
1/17/2003,0.2,0.2,0.2,29,,0.73
1/18/2003,0.7,0.5,0.4,29.5,,0.76
1/19/2003,-1,-1,-1,29.8,,0.78
1/20/2003,6.7,7,6.2,29.8,,0.78
1/21/2003,0.1,0.1,0.5,29.8,,0.78
1/22/2003,0.9,0.8,2,30.6,,0.82
1/23/2003,4.6,6,3.8,30.6,,0.82
1/24/2003,0.2,0.5,0.5,30.6,,0.82
1/25/2003,2.6,2.7,2.6,30.6,,0.82
1/26/2003,1.7,3.6,2.3,30.6,,0.82
1/27/2003,0.5,0.6,1.4,31.1,,0.85
1/28/2003,0.5,0.2,0.5,31.4,,0.87
1/29/2003,0,0.9,0,31.4,,0.87
1/30/2003,-1,0.4,-1,31.2,,0.86
1/31/2003,-1,0.3,-1,30.6,,0.82
2/1/2003,0.2,-1,0.4,30.6,,0.82
2/2/2003,-1,-1,0.1,31.1,,0.85
2/3/2003,0,0.9,0.6,31.4,,0.87
2/4/2003,0.7,4.3,1.5,31.4,,0.87
2/5/2003,1.8,1.9,0.6,30.6,,0.82
2/6/2003,2.5,2.9,2.3,30.6,,0.82
2/7/2003,-1,-1,0.2,30.6,,0.82
2/8/2003,-1,-1,0.1,30.6,,0.82
2/9/2003,-1,-1,-1,30.6,,0.82
2/10/2003,-1,-1,0.2,30.6,,0.82
2/11/2003,-1,0.4,0.1,30.6,,0.82
2/12/2003,0,0.1,0.1,30.6,,0.82
2/13/2003,2.9,1,1.2,30.6,,0.82
2/14/2003,0.5,0.6,0.5,30.6,,0.82
2/15/2003,-1,-1,-1,29.8,,0.77
2/16/2003,-1,-1,-1,29.8,,0.77
2/17/2003,-1,-1,-1,29.8,,0.77
2/18/2003,-1,-1,-1,29.8,,0.77
2/19/2003,-1,-1,-1,29.8,,0.77
2/20/2003,-1,-1,-1,29.8,,0.77
2/21/2003,-1,-1,-1,29.8,,0.77
2/22/2003,-1,-1,-1,29.8,,0.77
2/23/2003,-1,-1,0.1,29.8,,0.77
2/24/2003,-1,-1,0.1,29.8,,0.77
2/25/2003,-1,0.1,-1,29.8,,0.77
2/26/2003,-1,0.3,0.1,29.8,,0.77
2/27/2003,0,0.2,0.1,29.8,,0.77
2/28/2003,0,0.1,0.1,29.8,,0.77
3/1/2003,-1,0.1,0,29.8,,0.77
3/2/2003,0,0.2,0.1,29.2,,0.75
3/3/2003,0.1,0.2,0.2,29.8,,0.77
3/4/2003,0,-1,0,29.8,,0.77
3/5/2003,-1,-1,-1,29.8,,0.77
3/6/2003,-1,-1,-1,29.8,,0.77
3/7/2003,-1,-1,-1,29.8,,0.77
3/8/2003,-1,-1,-1,30.6,,0.82
3/9/2003,0.7,2.6,1.2,30.6,,0.82
3/10/2003,3.2,3,3.7,30.6,,0.82
3/11/2003,-1,4.2,0.7,30.6,,0.82
3/12/2003,0.2,0.1,0.1,30.6,,0.82
3/13/2003,-1,-1,-1,30.6,,0.82
3/14/2003,-1,-1,-1,31.4,,0.86
3/15/2003,-1,-1,-1,31.4,,0.86
3/16/2003,0.4,-1,-1,31.4,,0.86
3/17/2003,-1,-1,-1,31.4,,0.86
3/18/2003,-1,-1,-1,31.4,,0.86
3/19/2003,0.2,-1,0.1,31.4,,0.86
3/20/2003,-1,-1,-1,31.9,,0.9
3/21/2003,-1,-1,-1,31.9,,0.9
3/22/2003,-1,-1,-1,33.5,,1
3/23/2003,-1,-1,-1,40.3,,1.6
3/24/2003,-1,-1,-1,43.3,,1.98
3/25/2003,-1,-1,-1,53,,3.88
3/26/2003,-1,-1,-1,63,,7.74
3/27/2003,-1,-1,-1,67.4,,10.49
3/28/2003,-1,-1,-1,69.5,,12.16
3/29/2003,-1,-1,-1,74.7,,17.41
3/30/2003,0.2,0.2,0.1,76.3,,19.45
3/31/2003,0,0.1,0,76.6,,19.81
4/1/2003,-1,-1,-1,77,,20.36
4/2/2003,-1,0.1,-1,76.6,,19.81
4/3/2003,2,4.3,5,73.6,,16.17
4/4/2003,4.8,3.3,4.5,73.6,,16.17
4/5/2003,6.6,12.4,10.9,73.6,,16.17
4/6/2003,-1,-1,-1,71.6,,14.09
4/7/2003,-1,-1,-1,69.1,,11.82
4/8/2003,-1,-1,-1,66.5,,9.83
4/9/2003,0.3,2.5,1.2,64.6,,8.64
4/10/2003,0.7,0.4,0.2,61.8,,7.12
4/11/2003,-1,-1,-1,59,,5.87
4/12/2003,-1,-1,-1,63,,7.74
4/13/2003,0.3,-1,0.1,66.7,,10.02
4/14/2003,0,-1,-1,74.2,,16.78
4/15/2003,-1,-1,-1,76.3,,19.44
4/16/2003,-1,0.2,-1,76.6,,19.8
4/17/2003,-1,-1,-1,77.1,,20.54
4/18/2003,-1,0,-1,79,,23.37
4/19/2003,-1,-1,-1,79.5,,24.25
4/20/2003,-1,-1,-1,79.7,,24.7
4/21/2003,-1,-1,-1,79.7,,24.7
4/22/2003,-1,-1,-1,79.6,,24.47
4/23/2003,-1,0.3,0,78.6,,22.73
4/24/2003,-1,-1,-1,78,,21.91
4/25/2003,-1,-1,-1,77.5,,21.11
4/26/2003,-1,-1,-1,77,,20.35
4/27/2003,-1,-1,-1,75.4,,18.22
4/28/2003,1.9,2.5,2.9,75,,17.72
4/29/2003,6.1,4.3,6.1,73.1,,15.58
4/30/2003,0.8,0.5,1,71.1,,13.57
5/1/2003,10,8.2,10.2,69.1,,11.82
5/2/2003,-1,-1,-1,71,,13.44
5/3/2003,6.5,5.5,7.5,71.5,,13.95
5/4/2003,2.3,0,-1,74.2,,16.77
5/5/2003,-1,-1,-1,74.4,,17.08
5/6/2003,5.1,4.5,5.9,75,,17.72
5/7/2003,6.1,-1,-1,75,,17.72
5/8/2003,0.7,0.2,0.9,75,,17.72
5/9/2003,0.2,-1,-1,74.4,,17.08
5/10/2003,-1,-1,-1,74.4,,17.08
5/11/2003,-1,-1,-1,74.3,,16.92
5/12/2003,-1,-1,-1,73.1,,15.57
5/13/2003,1.4,1.5,2.7,72,,14.47
5/14/2003,3.6,3.7,3.7,71.5,,13.94
5/15/2003,4,5.7,5.2,68.8,,11.6
5/16/2003,18.6,19.8,18.3,71,,13.44
5/17/2003,13.4,9,14.1,79.6,,24.45
5/18/2003,2.7,0.2,0.2,85.6,,37.01
5/19/2003,0.3,0,0.2,86.1,,38.4
5/20/2003,-1,-1,-1,86.4,,39.11
5/21/2003,0,-1,-1,86.3,,38.75
5/22/2003,-1,-1,-1,84.4,,34.06
5/23/2003,2.5,4.9,3.5,82.5,,29.94
5/24/2003,0.5,2.3,0.6,82.1,,29.13
5/25/2003,0.5,0.2,0.3,78.2,,22.09
5/26/2003,-1,-1,0.8,75.9,,18.89
5/27/2003,-1,-1,-1,74.2,,16.76
5/28/2003,2,-1,0,73.6,,16.15
5/29/2003,-1,0.1,0.3,71.6,,14.07
5/30/2003,1.2,1.9,-1,70.4,,12.95
5/31/2003,-1,-1,-1,67.5,,10.57
6/1/2003,0,0.2,0.6,65.9,,9.47
6/2/2003,-1,0,-1,65,,8.88
6/3/2003,-1,-1,-1,59.1,,5.92
6/4/2003,13.5,0.5,0.2,58.6,,5.7
6/5/2003,5,3.5,1.3,58.1,,5.5
6/6/2003,0.6,0.7,0.3,57,,5.11
6/7/2003,0.6,0.2,0.1,56.4,,4.88
6/8/2003,-1,-1,-1,56.4,,4.88
6/9/2003,5.7,11.8,9.9,56,,4.74
6/10/2003,0.9,0,0.3,55.2,,4.49
6/11/2003,-1,-1,-1,54.5,,4.29
6/12/2003,-1,0.3,-1,54.5,,4.29
6/13/2003,0.4,0.4,-1,54.5,,4.29
6/14/2003,8.2,1.1,2.7,54.4,,4.25
6/15/2003,-1,0.2,-1,53.7,,4.06
6/16/2003,1.6,1.3,0,53.2,,3.91
6/17/2003,0,-1,-1,52,,3.6
6/18/2003,-1,-1,-1,51.2,,3.4
6/19/2003,10.2,10.2,9.6,50.5,,3.25
6/20/2003,4.6,8.2,3.5,50.1,,3.16
6/21/2003,0.2,1.2,-1,49.7,,3.08
6/22/2003,-1,0.9,0.5,51,,3.37
6/23/2003,-1,0.2,2.6,51.6,,3.5
6/24/2003,2.9,-1,-1,52.5,,3.73
6/25/2003,-1,-1,0,51.8,,3.56
6/26/2003,3.1,0.1,0,51.2,,3.4
6/27/2003,-1,-1,-1,50,,3.13
6/28/2003,0,2.2,0.1,49.7,,3.08
6/29/2003,2.9,0.5,3.9,50.2,,3.19
6/30/2003,-1,0.5,0.4,50.5,,3.25
7/1/2003,-1,-1,-1,50,,3.13
7/2/2003,-1,-1,-1,48.4,,2.8
7/3/2003,0.8,0.5,0.1,47.8,,2.7
7/4/2003,-1,1.1,1.2,47.2,,2.58
7/5/2003,3.6,0.5,1.3,120.9,,2.46
7/6/2003,-1,-1,-1,121,,2.4
7/7/2003,-1,-1,-1,121,,2.33
7/8/2003,4.8,4.1,0.5,121,,2.21
7/9/2003,12.2,16.8,17.3,121,,2.05
7/10/2003,0.3,0.5,-1,121,,3.25
7/11/2003,9.9,2.6,7.9,121,,3.37
7/12/2003,9.2,1.2,4.2,120.9,,4.87
7/13/2003,-1,0.1,-1,61.1,,6.79
7/14/2003,5.6,-1,0.5,61.4,,6.91
7/15/2003,-1,-1,-1,62.5,,7.44
7/16/2003,-1,-1,-1,61.8,,7.11
7/17/2003,-1,-1,-1,61.7,,7.04
7/18/2003,-1,-1,-1,61.3,,6.85
7/19/2003,-1,-1,-1,59.8,,6.19
7/20/2003,-1,-1,-1,57.8,,5.39
7/21/2003,0,-1,-1,53.6,,4.01
7/22/2003,0,-1,-1,53.2,,3.91
7/23/2003,6.1,27.6,4,51,,3.37
7/24/2003,12.4,4.6,0,49.8,,3.1
7/25/2003,-1,-1,-1,47.8,,2.7
7/26/2003,1,0.1,0.5,46.5,,2.46
7/27/2003,1.4,-1,3,46.5,,2.46
7/28/2003,-1,-1,-1,46.1,,2.4
7/29/2003,-1,-1,-1,45.2,,2.25
7/30/2003,-1,-1,1.3,46.5,,2.46
7/31/2003,-1,-1,-1,47,,2.56
8/1/2003,-1,0,-1,46.6,,2.49
8/2/2003,-1,-1,-1,45.7,,2.33
8/3/2003,0.4,-1,-1,43.2,,1.96
8/4/2003,-1,0.1,-1,41.7,,1.77
8/5/2003,1.3,4.5,4.2,40.5,,1.63
8/6/2003,-1,-1,0.2,39.3,,1.5
8/7/2003,-1,-1,-1,39.7,,1.54
8/8/2003,2.5,0.2,2.8,39.2,,1.48
8/9/2003,0,3.7,5.7,38.7,,1.43
8/10/2003,-1,-1,0,38.4,,1.4
8/11/2003,-1,-1,-1,38,,1.37
8/12/2003,-1,-1,-1,38.3,,1.39
8/13/2003,-1,-1,-1,38.5,,1.42
8/14/2003,1.5,3.2,0.8,37.7,,1.34
8/15/2003,3.9,14.1,4.3,37.7,,1.34
8/16/2003,7.3,0.5,1.4,37.7,,1.34
8/17/2003,-1,-1,-1,38.5,,1.42
8/18/2003,0.8,4.5,1.2,40.4,,1.61
8/19/2003,3.6,22.1,6.5,41.7,,1.77
8/20/2003,1.6,1,2,43.1,,1.94
8/21/2003,9.6,15.7,1.7,43.3,,1.97
8/22/2003,0.9,0.4,9.3,43.9,,2.05
8/23/2003,17.3,11,5.9,45.7,,2.33
8/24/2003,9.9,11.2,9.1,46.2,,2.42
8/25/2003,-1,-1,-1,49.2,,2.96
8/26/2003,-1,0.1,-1,50.2,,3.19
8/27/2003,0.5,-1,-1,51,,3.37
8/28/2003,1.4,1.9,2.9,50.4,,3.22
8/29/2003,0.3,-1,0.6,49.8,,3.1
8/30/2003,0.3,-1,-1,47.2,,2.58
8/31/2003,0,-1,-1,43.9,,2.05
9/1/2003,0.3,-1,-1,42,,1.8
9/2/2003,-1,-1,-1,40.5,,1.63
9/3/2003,3.3,2.5,2.7,38.5,,1.42
9/4/2003,0,0.5,0.4,36.4,,1.22
9/5/2003,-1,-1,-1,37.5,,1.32
9/6/2003,-1,-1,-1,37.7,,1.34
9/7/2003,-1,-1,-1,37.7,,1.34
9/8/2003,-1,-1,-1,37.7,,1.34
9/9/2003,-1,-1,-1,37.2,,1.29
9/10/2003,-1,-1,0.1,36.4,,1.22
9/11/2003,0.2,-1,1.8,34.5,,1.07
9/12/2003,-1,0.1,1.3,35.1,,1.11
9/13/2003,-1,-1,-1,34.5,,1.07
9/14/2003,0,-1,-1,34,,1.04
9/15/2003,0.5,0,0.1,34.5,,1.07
9/16/2003,-1,0.3,-1,35.1,,1.11
9/17/2003,-1,-1,0,34.8,,1.09
9/18/2003,-1,0,0,35.3,,1.14
9/19/2003,-1,-1,-1,35.9,,1.18
9/20/2003,-1,-1,-1,36.4,,1.22
9/21/2003,1.6,-1,0,36.4,,1.22
9/22/2003,-1,-1,-1,36.4,,1.22
9/23/2003,4.4,3.4,1,35.9,,1.18
9/24/2003,-1,-1,-1,35.7,,1.17
9/25/2003,1.9,0.5,0.2,34.8,,1.09
9/26/2003,-1,-1,-1,37.1,,1.28
9/27/2003,3.3,6.5,5.5,38.3,,1.39
9/28/2003,5.5,4.7,2.2,38.1,,1.38
9/29/2003,0,1.5,0,37.7,,1.34
9/30/2003,8.2,14.2,8.1,38,,1.36
10/1/2003,5.3,3.6,3.6,38.3,,1.39
10/2/2003,0.1,-1,0,39.7,,1.54
10/3/2003,0,-1,-1,40.9,,1.67
10/4/2003,1,0.6,2,41.7,,1.77
10/5/2003,0.7,0.1,0.7,41.2,,1.7
10/6/2003,5.3,11,8,42.5,,1.87
10/7/2003,19.6,16.8,19.4,53.4,,3.97
10/8/2003,27.2,9.3,13.8,66.9,,10.07
10/9/2003,0.3,1,0.6,67.5,,10.54
10/10/2003,-1,0.3,0.4,72.3,,14.68
10/11/2003,11.2,3,4,71.9,,14.28
10/12/2003,26.4,7.9,23,77.5,,21.03
10/13/2003,-1,0.3,-1,78.7,,22.84
10/14/2003,-1,-1,-1,80.3,,25.51
10/15/2003,-1,-1,-1,80.8,,26.47
10/16/2003,-1,-1,-1,80.3,,25.51
10/17/2003,0.2,-1,-1,78.7,,22.84
10/18/2003,-1,-1,0,76.3,,19.35
10/19/2003,0,-1,0.1,73.6,,16.1
10/20/2003,0,-1,0,72.4,,14.82
10/21/2003,0,-1,-1,71.1,,13.51
10/22/2003,0,-1,-1,67.4,,10.44
10/23/2003,-1,-1,-1,66.9,,10.06
10/24/2003,3.2,2.5,5.3,65.1,,8.93
10/25/2003,1.2,9.5,6.1,63,,7.7
10/26/2003,0.2,-1,-1,61.1,,6.77
10/27/2003,0.5,0.9,0.5,58.5,,5.63
10/28/2003,-1,-1,-1,56.5,,4.9
10/29/2003,3.8,2.9,2.7,59.3,,5.95
10/30/2003,0.4,-1,-1,60.3,,6.41
10/31/2003,2,2,1.2,61.4,,6.9
11/1/2003,-1,-1,1.1,61.9,,7.15
11/2/2003,2.5,2.8,2.9,61.7,,7.02
11/3/2003,1.6,3.4,1.9,63.5,,7.99
11/4/2003,1.2,2.8,0.3,64.9,,8.76
11/5/2003,0.2,0.1,0.2,65.7,,9.26
11/6/2003,0.2,0.2,0.2,66.2,,9.61
11/7/2003,-1,-1,-1,66.5,,9.78
11/8/2003,-1,-1,0.2,65.7,,9.26
11/9/2003,-1,0.9,0.5,64.3,,8.44
11/10/2003,0.9,0.3,0.4,61.4,,6.89
11/11/2003,-1,-1,-1,60.6,,6.52
11/12/2003,-1,-1,-1,59.3,,5.95
11/13/2003,0.1,0.2,0.3,57.3,,5.18
11/14/2003,1.6,0.6,1.9,57,,5.09
11/15/2003,0.8,0.7,0.5,56.4,,4.86
11/16/2003,7.5,5.5,10.7,64.6,,8.6
11/17/2003,10.2,7.7,5.2,74.2,,16.69
11/18/2003,0.3,-1,0.1,77.1,,20.44
11/19/2003,-1,0.8,0.1,77.6,,21.2
11/20/2003,1.4,0.9,0.8,77.2,,20.62
11/21/2003,-1,-1,-1,76.6,,19.7
11/22/2003,-1,1.4,0.4,71.9,,14.27
11/23/2003,2.3,8.7,5.4,71.5,,13.88
11/24/2003,1,1,0.5,68.8,,11.54
11/25/2003,-1,0.2,0.6,68.3,,11.13
11/26/2003,2,0.7,1.5,65.9,,9.43
11/27/2003,3.3,8,5,71.5,,13.88
11/28/2003,0.9,1.8,2.6,76.3,,19.33
11/29/2003,0.7,1.4,0.4,76.6,,19.69
11/30/2003,1.1,0.4,0.8,77.8,,21.39
12/1/2003,0.9,2.5,1.7,77.1,,20.43
12/2/2003,0.4,1,0.5,76.7,,19.87
12/3/2003,-1,1,0.2,76.3,,19.33
12/4/2003,3,1.7,1.3,71,,13.37
12/5/2003,-1,-1,-1,70.6,,13.01
12/6/2003,-1,-1,-1,69.2,,11.86
12/7/2003,0,-1,-1,68.8,,11.54
12/8/2003,-1,-1,-1,67.8,,10.72
12/9/2003,-1,0.2,0.5,67.4,,10.43
12/10/2003,0.3,0.9,0.5,66.9,,10.05
12/11/2003,1.3,0.3,1,63.1,,7.77
12/12/2003,-1,-1,-1,63,,7.69
12/13/2003,1.7,2.8,2.5,62.5,,7.42
12/14/2003,5.9,6.4,6.5,61,,6.7
12/15/2003,1.6,0.6,1.3,59.1,,5.89
12/16/2003,0,0.1,0.1,59,,5.84
12/17/2003,6.8,4.5,6,57.1,,5.13
12/18/2003,1.6,1,1,55.8,,4.68
12/19/2003,-1,0.1,-1,57.7,,5.32
12/20/2003,0.3,-1,0.1,59,,5.84
12/21/2003,22.6,16.2,15.9,59.7,,6.11
12/22/2003,3.7,1.3,0.9,59.1,,5.89
12/23/2003,0.4,0.9,1.7,58.6,,5.68
12/24/2003,4.2,4.9,8.5,63,,7.69
12/25/2003,0.5,9.7,6,72.8,,15.21
12/26/2003,0,0.9,1.7,79.7,,24.55
12/27/2003,6.2,12.3,8.6,84.3,,33.57
12/28/2003,7.5,4.8,6.3,85.9,,37.5
12/29/2003,3.7,2.2,3.5,86.4,,38.9
12/30/2003,-1,-1,-1,86,,37.84
12/31/2003,0.1,-1,0.1,85.1,,35.48
1/1/2004,-1,-1,-1,79.7,,
1/2/2004,-1,-1,-1,80.4,,
1/3/2004,-1,-1,-1,79.7,,
1/4/2004,1.9,1.4,1.7,77.7,,
1/5/2004,0.3,0.2,0.1,74.9,,
1/6/2004,0.4,0.5,0.4,72.9,,
1/7/2004,-1,-1,0.1,71.7,,
1/8/2004,1.5,0.3,2.7,69.7,,
1/9/2004,-1,-1,-1,68.3,,
1/10/2004,0.1,0.2,0.1,67.1,,
1/11/2004,0.8,0.8,0.8,65.1,,
1/12/2004,0.9,1,1.2,63.6,,
1/13/2004,1.5,0.5,1,62.6,,
1/14/2004,2.5,3.4,2.6,61,,
1/15/2004,0.9,2.3,1.3,59,,
1/16/2004,1.2,1,1.6,57.8,,
1/17/2004,0.1,1.3,2.1,56.4,,
1/18/2004,1.4,0.8,1.5,55.1,,
1/19/2004,0.1,0.2,0.2,54.3,,
1/20/2004,-1,0.1,-1,53.8,,
1/21/2004,0.1,0,-1,53.1,,
1/22/2004,-1,0.1,-1,52.7,,
1/23/2004,-1,0.2,0.2,51.8,,
1/24/2004,-1,-1,0.1,51.8,,
1/25/2004,0.4,0.1,0.2,50.7,,
1/26/2004,0.3,0.8,0.4,51,,
1/27/2004,2.4,1.5,2,50.4,,
1/28/2004,1.2,1.7,1.9,50.4,,
1/29/2004,1.3,1.7,1.2,50.4,,
1/30/2004,0.9,0.2,0.2,50.4,,
1/31/2004,17.6,18.5,25.7,50.4,,
2/1/2004,8,8.5,6.2,50.4,,
2/2/2004,-1,-1,-1,50.4,,
2/3/2004,5.8,5.2,7.8,51.2,,
2/4/2004,5.5,4.9,1.6,51.8,,
2/5/2004,0.4,0.2,0.5,54.2,,
2/6/2004,0.8,0.3,0.8,57.4,,
2/7/2004,-1,0.1,0.1,59,,
2/8/2004,1.1,1.5,0.6,59.5,,
2/9/2004,1.4,2.1,2.3,59.8,,
2/10/2004,-1,-1,-1,59.6,,
2/11/2004,-1,-1,-1,59.1,,
2/12/2004,1,0.2,0.8,58.6,,
2/13/2004,0.7,0,0.5,56.8,,
2/14/2004,0.5,0.7,0.3,56.3,,
2/15/2004,0,1.2,1.2,56.3,,
2/16/2004,3,1.6,2.3,55.9,,
2/17/2004,4.6,9,5.3,55.4,,
2/18/2004,-1,-1,-1,54.4,,
2/19/2004,1,1.4,0.8,54.4,,
2/20/2004,-1,-1,-1,54.4,,
2/21/2004,-1,-1,-1,54.4,,
2/22/2004,-1,0.4,0.1,54.4,,
2/23/2004,0.6,2.3,1.2,54.4,,
2/24/2004,1.1,2.6,2.1,54.4,,
2/25/2004,1.6,5,1.5,54,,
2/26/2004,3.7,4.9,7,53.1,,
2/27/2004,0.3,0.6,0.2,52.7,,
2/28/2004,-1,-1,-1,52.4,,
2/29/2004,0.5,-1,0.5,52.3,,
3/1/2004,1.1,0.8,1.3,52.3,,
3/2/2004,8.6,9.6,8.5,51.8,,
3/3/2004,-1,0.1,0,51.8,,
3/4/2004,-1,-1,-1,51.4,,
3/5/2004,0,-1,-1,51,,
3/6/2004,0,-1,0,51,,
3/7/2004,-1,-1,-1,51,,
3/8/2004,-1,0.1,-1,51,,
3/9/2004,-1,-1,-1,50.4,,
3/10/2004,-1,-1,-1,50.4,,
3/11/2004,-1,-1,-1,50.4,,
3/12/2004,-1,-1,-1,49.6,,
3/13/2004,-1,-1,-1,49.1,,
3/14/2004,1.1,4.2,1.8,49.1,,
3/15/2004,3.1,7.9,4.4,49.6,,
3/16/2004,-1,-1,-1,50.4,,
3/17/2004,2.8,0.5,1.5,53.3,,
3/18/2004,0,-1,0,54.4,,
3/19/2004,0.2,1,0.8,58.9,,
3/20/2004,4.7,9.4,8,59.5,,
3/21/2004,4.1,9.3,8.3,66,,
3/22/2004,2.8,0.8,0.6,69.1,,
3/23/2004,-1,-1,-1,71.4,,
3/24/2004,-1,1,0.2,72.5,,
3/25/2004,4.4,7.8,4,72.9,,
3/26/2004,-1,-1,0,72.4,,
3/27/2004,0.7,1.7,0.5,71.7,,
3/28/2004,-1,0.1,0.1,70.9,,
3/29/2004,-1,-1,-1,70.4,,
3/30/2004,-1,-1,-1,71.7,,
3/31/2004,-1,-1,-1,77.3,,
4/1/2004,-1,-1,-1,80.5,,
4/2/2004,-1,-1,-1,81.3,,
4/3/2004,-1,-1,-1,81.7,,
4/4/2004,-1,-1,-1,81,,
4/5/2004,-1,-1,-1,79.6,,
4/6/2004,-1,-1,-1,79,,
4/7/2004,-1,-1,-1,81.6,,
4/8/2004,-1,-1,-1,86,,
4/9/2004,0.4,0.1,0.3,87.2,,
4/10/2004,0.5,2.4,1,87.7,,
4/11/2004,1.3,2.9,3.3,88.2,,
4/12/2004,0,-1,0,87.7,,
4/13/2004,-1,-1,-1,86.9,,
4/14/2004,0.4,0.1,0.1,86.9,,
4/15/2004,-1,-1,-1,86.9,,
4/16/2004,-1,-1,-1,87.1,,
4/17/2004,-1,-1,-1,87.7,,
4/18/2004,-1,-1,-1,88.5,,
4/19/2004,-1,-1,-1,89,,
4/20/2004,0.9,3.7,0.4,89,,
4/21/2004,-1,0.9,0.6,88.5,,
4/22/2004,-1,-1,-1,88.3,,
4/23/2004,-1,-1,-1,87.8,,
4/24/2004,-1,-1,-1,87.3,,
4/25/2004,-1,-1,-1,86.9,,
4/26/2004,-1,-1,-1,85.5,,
4/27/2004,-1,-1,-1,83.6,,
4/28/2004,-1,0.1,-1,81.8,,
4/29/2004,-1,-1,-1,80.4,,
4/30/2004,-1,-1,-1,78.4,,
5/1/2004,0,-1,-1,77,,
5/2/2004,-1,-1,-1,75.8,,
5/3/2004,-1,-1,-1,74.9,,
5/4/2004,0.4,1.4,1.3,73,,
5/5/2004,-1,-1,-1,71.6,,
5/6/2004,-1,-1,-1,71,,
5/7/2004,1.1,-1,-1,69.7,,
5/8/2004,0,-1,0.2,68.2,,
5/9/2004,0.4,-1,0.1,67,,
5/10/2004,1.3,2,0,66.4,,
5/11/2004,-1,-1,-1,65,,
5/12/2004,-1,-1,-1,64.5,,
5/13/2004,-1,-1,0,63,,
5/14/2004,1.5,2.1,3.1,61.4,,
5/15/2004,-1,-1,0,61,,
5/16/2004,0.1,0.1,0.1,59.6,,
5/17/2004,0.2,1.8,4.4,59,,
5/18/2004,4.6,6.8,5.9,58.5,,
5/19/2004,16,2.3,4.2,57.1,,
5/20/2004,0.5,0.1,0,61.3,,
5/21/2004,7.4,3.2,1.5,61.8,,
5/22/2004,0,1.3,2.7,62.9,,
5/23/2004,0.1,0.1,0.3,62.9,,
5/24/2004,-1,-1,-1,62.9,,
5/25/2004,0.3,-1,0.7,62.4,,
5/26/2004,-1,0.1,-1,61.4,,
5/27/2004,-1,3.6,1.6,60.2,,
5/28/2004,7.4,3.4,6.7,58.5,,
5/29/2004,7.2,12.9,5.7,57,,
5/30/2004,14.9,7,3.4,59.2,,
5/31/2004,-1,-1,-1,60.5,,
6/1/2004,0.1,-1,0,62.6,,
6/2/2004,-1,0.1,0,63.7,,
6/3/2004,0,-1,-1,63.7,,
6/4/2004,-1,0.7,0.1,62.6,,
6/5/2004,-1,-1,-1,62.5,,
6/6/2004,0.1,0.3,0.1,61,,
6/7/2004,5.2,4.2,13.1,58.9,,
6/8/2004,-1,-1,-1,56.1,,
6/9/2004,-1,-1,-1,53.4,,
6/10/2004,-1,0.1,0.4,52.4,,
6/11/2004,11,1,2.7,51.7,,
6/12/2004,18,19.3,16.2,51.2,,
6/13/2004,-1,-1,0,62.9,,
6/14/2004,5.8,3,2.4,63.2,,
6/15/2004,0.5,0.2,0,63.6,,
6/16/2004,2.7,4.6,16,63,,
6/17/2004,0.5,-1,0.3,62.5,,
6/18/2004,0.6,0.8,1.5,61.7,,
6/19/2004,-1,-1,-1,60.4,,
6/20/2004,2.7,2.8,4,58.2,,
6/21/2004,0,1.5,-1,56.2,,
6/22/2004,0,0.7,1.4,54.2,,
6/23/2004,4,1,2.8,52.5,,
6/24/2004,15.6,27.6,10.6,51.7,,
6/25/2004,-1,1.4,0.3,61.3,,
6/26/2004,6.7,0.8,0.7,61.8,,
6/27/2004,2.5,8,12.6,62.9,,
6/28/2004,1.8,2.7,2.2,62.8,,
6/29/2004,5.7,2.4,0.9,66.6,,
6/30/2004,28.2,32.1,28.5,70.3,,
7/1/2004,-1,0.3,-1,80.7,,
7/2/2004,2.8,2,2.3,82.9,,
7/3/2004,7.1,12.9,43.8,83.4,,
7/4/2004,0.8,2,2.8,82.9,,
7/5/2004,2,3.2,1.4,120.9,,
7/6/2004,5,2,4.9,120.9,,
7/7/2004,2,0.4,8.4,120.9,,
7/8/2004,-1,-1,0.3,120.9,,
7/9/2004,-1,0.1,0,120.9,,
7/10/2004,8.3,3.7,5.4,120.9,,
7/11/2004,3.3,0.7,0.4,120.9,,
7/12/2004,-1,0.6,0.1,120.9,,
7/13/2004,0.4,0.6,1.5,72.2,,
7/14/2004,7.6,0.8,1.5,71,,
7/15/2004,-1,0.1,-1,70.3,,
7/16/2004,-1,-1,-1,69.5,,
7/17/2004,0.8,2.6,0.3,68.2,,
7/18/2004,-1,0.1,-1,67,,
7/19/2004,8.2,3.5,17.6,65,,
7/20/2004,0.1,0,-1,63.6,,
7/21/2004,-1,-1,-1,62.5,,
7/22/2004,-1,-1,-1,60.4,,
7/23/2004,-1,12.6,2.5,59,,
7/24/2004,-1,-1,-1,58.2,,
7/25/2004,0.5,1.3,-1,56.8,,
7/26/2004,-1,0.1,-1,55.7,,
7/27/2004,34.7,21.7,39.4,66.6,,
7/28/2004,23.6,8.6,18.5,71.7,,
7/29/2004,29.7,28.5,28.8,94.3,,
7/30/2004,10.6,12.4,8.9,94.8,,
7/31/2004,14,37.3,33.8,99.4,,
8/1/2004,0.7,0.1,1.2,99.6,,
8/2/2004,18.3,13.8,6.5,100.2,,
8/3/2004,-1,-1,-1,99.6,,
8/4/2004,-1,-1,-1,98.2,,
8/5/2004,-1,-1,-1,96.2,,
8/6/2004,-1,-1,-1,93.8,,
8/7/2004,-1,-1,-1,92.2,,
8/8/2004,17.4,1.5,2.5,91.6,,
8/9/2004,-1,-1,-1,90.2,,
8/10/2004,0,0.3,1.1,88.2,,
8/11/2004,8.7,6.7,1.1,86.2,,
8/12/2004,0.3,0.1,-1,83.6,,
8/13/2004,0.3,0.1,0,81.6,,
8/14/2004,0.3,0.1,0,78.9,,
8/15/2004,0.9,0.7,1.4,76.9,,
8/16/2004,0,-1,-1,74.9,,
8/17/2004,10,9.9,15.4,72.9,,
8/18/2004,1.1,2.6,4.3,74.1,,
8/19/2004,4.7,3.1,5.2,75.7,,
8/20/2004,-1,0.1,-1,75.3,,
8/21/2004,7.7,1.5,21,74.9,,
8/22/2004,0.7,3,1.2,71.9,,
8/23/2004,0.4,0.3,2.4,71,,
8/24/2004,0,0.2,0,69.9,,
8/25/2004,0.2,3,0.4,69.5,,
8/26/2004,9,13.2,33,69.3,,
8/27/2004,9.3,0.5,0.1,76.1,,
8/28/2004,5.5,2.5,8.9,77.2,,
8/29/2004,0.3,2.7,7.1,77.5,,
8/30/2004,3.2,9.3,2,77.4,,
8/31/2004,3.3,11.7,6.9,77,,
9/1/2004,1.6,4.2,1.3,77.2,,
9/2/2004,14.6,17.1,10.7,80,,
9/3/2004,-1,0.3,4.8,82,,
9/4/2004,-1,-1,-1,82.8,,
9/5/2004,-1,-1,-1,82.3,,
9/6/2004,0,-1,-1,82.2,,
9/7/2004,3.6,-1,2.6,77.6,,
9/8/2004,-1,-1,0,77.5,,
9/9/2004,-1,-1,-1,74.3,,
9/10/2004,-1,-1,-1,71.5,,
9/11/2004,0.9,0.4,0.3,70.3,,
9/12/2004,0.2,9.3,0.2,68.7,,
9/13/2004,0.2,0.6,0.6,67.7,,
9/14/2004,3,1.4,5.1,66.3,,
9/15/2004,1.5,7.3,2,64.5,,
9/16/2004,7.1,1.7,5.1,68.1,,
9/17/2004,0.9,0.3,0.4,69.3,,
9/18/2004,0.1,1.5,1,72.2,,
9/19/2004,3.1,1.5,2.2,71.8,,
9/20/2004,0,1.7,0.4,71.4,,
9/21/2004,7.9,10,11,70.3,,
9/22/2004,0.8,26.6,8.2,79.4,,
9/23/2004,0.7,0.5,5.1,79.9,,
9/24/2004,7.2,11.8,9,81.5,,
9/25/2004,5.7,7.1,5.1,82.6,,
9/26/2004,2.5,4.6,5.4,84.7,,
9/27/2004,9.6,9,11.7,86,,
9/28/2004,2.7,5,0.5,86.8,,
9/29/2004,0.2,-1,0,86.8,,
9/30/2004,-1,-1,-1,86.8,,
10/1/2004,-1,-1,-1,86,,
10/2/2004,-1,-1,-1,84.2,,
10/3/2004,-1,-1,0.2,81,,
10/4/2004,0,-1,-1,78.2,,
10/5/2004,6.3,6,8,75.6,,
10/6/2004,0.9,5.7,3.4,73.6,,
10/7/2004,1.3,2.4,2.3,74,,
10/8/2004,2.5,3.1,0.1,74.8,,
10/9/2004,3.1,2.6,2.2,74.8,,
10/10/2004,-1,-1,-1,74.8,,
10/11/2004,-1,-1,-1,73.1,,
10/12/2004,-1,-1,-1,72.4,,
10/13/2004,-1,0.4,-1,71.2,,
10/14/2004,-1,-1,-1,70.8,,
10/15/2004,-1,-1,-1,69.5,,
10/16/2004,-1,0.3,0,68.2,,
10/17/2004,1,1.6,0.7,67.6,,
10/18/2004,1.1,3.9,1.8,66.3,,
10/19/2004,0.5,0.6,0.2,64.4,,
10/20/2004,-1,-1,-1,64.4,,
10/21/2004,2.2,2,1.3,64.7,,
10/22/2004,6.1,22.6,7,71.4,,
10/23/2004,10.3,2.3,4.9,76.4,,
10/24/2004,0.2,2.2,0.7,77.5,,
10/25/2004,6,5.3,5.1,77.5,,
10/26/2004,2.9,2.4,0.7,77.5,,
10/27/2004,-1,-1,-1,77.8,,
10/28/2004,-1,-1,-1,78.2,,
10/29/2004,-1,-1,-1,77.1,,
10/30/2004,-1,-1,-1,76.4,,
10/31/2004,-1,0.4,-1,74.6,,
11/1/2004,-1,-1,-1,73.6,,
11/2/2004,-1,-1,0,72.2,,
11/3/2004,-1,-1,0,70.6,,
11/4/2004,1.2,0.2,0.4,69.5,,
11/5/2004,2.5,3.5,3.1,68.3,,
11/6/2004,1.6,1.3,0.5,67.1,,
11/7/2004,-1,-1,-1,68.2,,
11/8/2004,-1,-1,-1,68.2,,
11/9/2004,-1,-1,-1,68.2,,
11/10/2004,-1,-1,0.1,67.5,,
11/11/2004,0.2,0.9,0.1,70,,
11/12/2004,12.2,14.4,16.3,76.4,,
11/13/2004,-1,-1,-1,80.7,,
11/14/2004,1.5,2.4,0.5,81.2,,
11/15/2004,12.9,6.2,3.3,81.6,,
11/16/2004,-1,0.4,-1,80.9,,
11/17/2004,-1,0.1,-1,81.7,,
11/18/2004,0.2,1.4,0.1,81.1,,
11/19/2004,-1,0.2,0.3,80.7,,
11/20/2004,0.7,1.6,0.9,78.8,,
11/21/2004,0,-1,0.1,75,,
11/22/2004,0.4,5.4,0.7,71.6,,
11/23/2004,-1,1.5,0.1,68.8,,
11/24/2004,2.1,2,1.6,67.1,,
11/25/2004,0,0.7,-1,67,,
11/26/2004,-1,-1,-1,65.5,,
11/27/2004,-1,-1,-1,63.5,,
11/28/2004,4.7,5.1,7.7,61.8,,
11/29/2004,3.1,5.8,2.7,61.6,,
11/30/2004,5.2,6.6,6.3,60.6,,
12/1/2004,-1,0.3,0.1,61,,
12/2/2004,0.6,2.6,0.6,61.2,,
12/3/2004,-1,0.3,-1,61.5,,
12/4/2004,7,5.3,5.5,61.4,,
12/5/2004,3.2,3.5,2,62.8,,
12/6/2004,0.6,0.3,0.3,66.6,,
12/7/2004,2.5,1.5,1.6,68.7,,
12/8/2004,0,0.1,0.1,69.2,,
12/9/2004,-1,-1,-1,70.3,,
12/10/2004,-1,0.5,0.3,69.9,,
12/11/2004,0.4,0.3,0,69.2,,
12/12/2004,-1,0.1,-1,67.8,,
12/13/2004,0.2,-1,0.3,67.2,,
12/14/2004,0.5,0.9,0.6,67.1,,
12/15/2004,8.4,4.5,4.9,81.5,,
12/16/2004,0,0.1,0.1,82.5,,
12/17/2004,2.5,7.6,6,84.1,,
12/18/2004,1.9,4.3,1.9,84.7,,
12/19/2004,9.7,9.4,7.5,85.7,,
12/20/2004,0,0.8,0.5,85.1,,
12/21/2004,-1,0.1,-1,84.4,,
12/22/2004,7.5,4.3,15.3,82.5,,
12/23/2004,7,11.3,7.6,80.3,,
12/24/2004,-1,-1,-1,75.1,,
12/25/2004,3.2,5.9,3.4,74.1,,
12/26/2004,-1,-1,-1,72.8,,
12/27/2004,-1,-1,0.8,72.3,,
12/28/2004,0.8,1.1,0.3,70.7,,
12/29/2004,0.3,0.9,-1,71.3,,
12/30/2004,9.5,10.1,8.4,72.9,,
12/31/2004,-1,-1,-1,73.5,,
1/1/2005,0.3,0.7,0.8,76.7,,
1/2/2005,4.2,6.8,6.7,76.7,,
1/3/2005,0.8,0.5,1,76.1,,
1/4/2005,1.8,2.8,4.3,74.9,,
1/5/2005,6.2,4.1,3.6,73.2,,
1/6/2005,5,2.6,3,72.2,,
1/7/2005,7.4,5.4,3.5,71.1,,
1/8/2005,8.1,10.1,10,78.7,,
1/9/2005,7.4,0.8,0.8,87.7,,
1/10/2005,4.2,4.3,3.4,91.4,,
1/11/2005,-1,-1,0,91.7,,
1/12/2005,1,1.6,2.2,91.7,,
1/13/2005,2.5,3.3,2.9,91.7,,
1/14/2005,0.6,0.3,0.2,92.7,,
1/15/2005,1.8,0.7,1.9,92.9,,
1/16/2005,3.3,3.4,2.7,91,,
1/17/2005,0.2,0.2,0.4,87.4,,
1/18/2005,0.2,0.6,0.2,85.4,,
1/19/2005,1.4,2.8,2.8,83.6,,
1/20/2005,5.2,16.4,10.6,83.1,,
1/21/2005,4,7.8,5,81.2,,
1/22/2005,1.5,1.2,1.9,79.4,,
1/23/2005,0.9,0.6,0.5,78.1,,
1/24/2005,0.7,1.2,0.8,76.7,,
1/25/2005,0,0.2,0.4,75.7,,
1/26/2005,1.3,4.2,1.1,73.9,,
1/27/2005,0.1,0.6,0.3,73.1,,
1/28/2005,1.5,3.7,1.7,71.9,,
1/29/2005,0.7,1.4,2.6,70.4,,
1/30/2005,12,9.3,10.3,67.7,,
1/31/2005,1.2,2.5,0.7,67.7,,
2/1/2005,1.1,1.4,3.5,67.4,,
2/2/2005,0.1,0.1,0.6,66.7,,
2/3/2005,0.3,-1,0.1,65.6,,
2/4/2005,0.3,0.4,1,64.2,,
2/5/2005,1.9,1.5,2,63.7,,
2/6/2005,0.3,0.3,0.1,63.4,,
2/7/2005,-1,-1,-1,62.6,,
2/8/2005,-1,-1,-1,62.2,,
2/9/2005,-1,-1,-1,61.9,,
2/10/2005,6.4,8.4,12.9,61.2,,
2/11/2005,0.2,0.8,0,60.7,,
2/12/2005,-1,0.1,-1,60.6,,
2/13/2005,0.5,4.8,4.2,59.4,,
2/14/2005,0.7,3.1,0.7,58.6,,
2/15/2005,-1,0.5,0,57.6,,
2/16/2005,-1,0.2,-1,56.9,,
2/17/2005,0,0.2,0,56.2,,
2/18/2005,0.1,0.5,1.3,55.6,,
2/19/2005,0.4,1.6,0.7,54.2,,
2/20/2005,0.1,0.3,0.2,53.6,,
2/21/2005,0.2,0.7,0.2,52.9,,
2/22/2005,-1,-1,0,52.4,,
2/23/2005,-1,-1,-1,51.9,,
2/24/2005,-1,-1,0,51.2,,
2/25/2005,0,0.1,0,50.7,,
2/26/2005,0.2,-1,0,50.2,,
2/27/2005,-1,-1,0.3,50.1,,
2/28/2005,-1,0.1,-1,49.7,,
3/1/2005,-1,-1,-1,49.1,,
3/2/2005,-1,0.1,0,48.9,,
3/3/2005,-1,0.1,0,48.2,,
3/4/2005,0,0.1,0,48.1,,
3/5/2005,-1,-1,-1,47.9,,
3/6/2005,-1,-1,0,47.2,,
3/7/2005,0.8,0.8,0.5,46.6,,
3/8/2005,0,0.1,0,46.4,,
3/9/2005,-1,-1,-1,46.2,,
3/10/2005,-1,-1,-1,45.6,,
3/11/2005,0,0.6,0.3,44.9,,
3/12/2005,0.2,0.1,0.1,44.4,,
3/13/2005,-1,0.1,0,44.2,,
3/14/2005,-1,-1,-1,43.7,,
3/15/2005,-1,-1,-1,43.6,,
3/16/2005,-1,0.5,0.6,43.1,,
3/17/2005,3.6,6.2,3.9,42.9,,
3/18/2005,0.1,0,0,42.4,,
3/19/2005,-1,-1,0,42.4,,
3/20/2005,-1,-1,-1,42.4,,
3/21/2005,-1,-1,-1,42.4,,
3/22/2005,-1,-1,0,42.4,,
3/23/2005,-1,-1,0,42.7,,
3/24/2005,-1,-1,-1,43.1,,
3/25/2005,0,-1,-1,43.4,,
3/26/2005,-1,-1,-1,45.4,,
3/27/2005,-1,-1,-1,48.4,,
3/28/2005,0,0.1,-1,53.7,,
3/29/2005,0,0,0,57.4,,
3/30/2005,-1,-1,-1,57.6,,
3/31/2005,-1,-1,-1,55.7,,
4/1/2005,-1,-1,-1,55.1,,
4/2/2005,-1,-1,-1,61,,
4/3/2005,-1,-1,-1,70,,
4/4/2005,-1,-1,-1,78.7,,
4/5/2005,0,0.1,-1,84,,
4/6/2005,-1,-1,-1,86.4,,
4/7/2005,5.2,3.4,6.5,87,,
4/8/2005,-1,-1,0,87.7,,
4/9/2005,0.5,0.2,0.2,87.7,,
4/10/2005,-1,0.1,-1,88.4,,
4/11/2005,1.5,3.3,1.2,88.5,,
4/12/2005,-1,-1,-1,87.5,,
4/13/2005,-1,-1,-1,85.5,,
4/14/2005,2.6,-1,1,83.7,,
4/15/2005,1.4,0.1,0.1,83.2,,
4/16/2005,-1,-1,-1,82.5,,
4/17/2005,-1,-1,-1,82.2,,
4/18/2005,0,0.1,-1,80.4,,
4/19/2005,0.3,-1,0,80.5,,
4/20/2005,0.5,0.8,1.6,78.7,,
4/21/2005,0,0.2,0.2,76.9,,
4/22/2005,0,0.2,0.1,75,,
4/23/2005,-1,-1,-1,73.4,,
4/24/2005,-1,-1,-1,72,,
4/25/2005,-1,-1,-1,70.7,,
4/26/2005,-1,-1,-1,69,,
4/27/2005,-1,-1,-1,67.7,,
4/28/2005,-1,-1,-1,66.4,,
4/29/2005,0,0,-1,65.2,,
4/30/2005,0.8,0.5,1.5,65,,
5/1/2005,0.1,0.1,-1,64.5,,
5/2/2005,-1,-1,-1,64,,
5/3/2005,6.4,8,6.6,63.5,,
5/4/2005,-1,-1,-1,63,,
5/5/2005,-1,-1,-1,63.4,,
5/6/2005,-1,-1,-1,64.7,,
5/7/2005,0,-1,-1,65.7,,
5/8/2005,0,-1,-1,65.9,,
5/9/2005,-1,0,-1,64.9,,
5/10/2005,11.3,15,8.8,64,,
5/11/2005,2.5,0.3,1.6,63,,
5/12/2005,-1,-1,-1,65.7,,
5/13/2005,-1,-1,-1,69.7,,
5/14/2005,-1,-1,-1,70.4,,
5/15/2005,0.6,0.2,0,70,,
5/16/2005,9.6,11.5,11.9,67.9,,
5/17/2005,4.6,9.7,5.1,65.9,,
5/18/2005,1.2,0.1,0.1,67.7,,
5/19/2005,1.6,0,0,70.7,,
5/20/2005,-1,-1,-1,71.7,,
5/21/2005,-1,-1,-1,71.9,,
5/22/2005,0.1,-1,0.1,70.9,,
5/23/2005,-1,-1,-1,68.9,,
5/24/2005,3.2,0.9,0.5,66.5,,
5/25/2005,0.7,-1,0.1,64.2,,
5/26/2005,2.8,0.7,0.8,62.7,,
5/27/2005,-1,-1,-1,61,,
5/28/2005,0.2,0.2,-1,59.7,,
5/29/2005,0.1,-1,-1,58.4,,
5/30/2005,-1,4.2,3.9,57,,
5/31/2005,11.8,21.6,18.4,56.7,,
6/1/2005,1.9,2.6,2.1,57,,
6/2/2005,-1,0.3,1.4,64.4,,
6/3/2005,-1,-1,0.3,69.7,,
6/4/2005,9.3,18.2,17.3,69.9,,
6/5/2005,1.1,1.3,1.8,67,,
6/6/2005,0,-1,0.1,68.4,,
6/7/2005,-1,-1,-1,69.7,,
6/8/2005,-1,-1,-1,69.9,,
6/9/2005,-1,-1,-1,67,,
6/10/2005,-1,-1,-1,64,,
6/11/2005,2.2,9.1,9.6,62.2,,
6/12/2005,19.4,32.2,18.2,59.9,,
6/13/2005,0.5,0.4,0.9,64.7,,
6/14/2005,0,-1,-1,76.3,,
6/15/2005,0,0.1,-1,79.7,,
6/16/2005,-1,0,-1,79.8,,
6/17/2005,0.6,-1,5.9,74.7,,
6/18/2005,5.3,-1,0.1,70.4,,
6/19/2005,-1,-1,-1,67.4,,
6/20/2005,-1,-1,-1,64.5,,
6/21/2005,-1,-1,-1,62.5,,
6/22/2005,-1,-1,-1,60.5,,
6/23/2005,-1,-1,-1,59.7,,
6/24/2005,-1,-1,-1,58,,
6/25/2005,4.8,3.5,3.5,56,,
6/26/2005,0.1,0,0.1,54.5,,
6/27/2005,5.2,4.5,2,52.7,,
6/28/2005,16.3,19.2,1.5,52.7,,
6/29/2005,9.3,5.4,4.3,52.4,,
6/30/2005,4.9,3.4,18.4,56.7,,
7/1/2005,-1,-1,-1,60.4,,
7/2/2005,-1,-1,-1,61,,
7/3/2005,-1,-1,-1,61.7,,
7/4/2005,-1,-1,-1,61.4,,
7/5/2005,-1,-1,13.5,58.7,,
7/6/2005,4.8,2.4,2,55.2,,
7/7/2005,7.7,0,0.1,54.4,,
7/8/2005,-1,-1,-1,51.7,,
7/9/2005,-1,-1,-1,51,,
7/10/2005,-1,-1,-1,51,,
7/11/2005,-1,0.1,-1,50.9,,
7/12/2005,-1,-1,-1,49.4,,
7/13/2005,0.1,-1,-1,47.9,,
7/14/2005,0.3,-1,-1,46.7,,
7/15/2005,5.3,-1,0.7,46,,
7/16/2005,-1,-1,0.2,45.4,,
7/17/2005,4.1,8.1,4.4,45.5,,
7/18/2005,0,0.7,0.1,44.4,,
7/19/2005,0.4,6.9,0,43.7,,
7/20/2005,0.2,1.6,1.5,45.4,,
7/21/2005,0.5,0.1,-1,45.5,,
7/22/2005,2.2,2.3,1.4,44,,
7/23/2005,8.1,6.5,10.9,42.7,,
7/24/2005,3.4,3.3,0.1,43.4,,
7/25/2005,-1,0.1,-1,46,,
7/26/2005,13.5,4.4,9.6,47.7,,
7/27/2005,2.6,0.5,3.5,47.9,,
7/28/2005,-1,10.5,0.1,46.4,,
7/29/2005,0.5,0.1,-1,120.9,,
7/30/2005,-1,0.4,0.2,121,,
7/31/2005,0.5,0.6,0.4,121,,
8/1/2005,9.8,7.4,7.8,121,,
8/2/2005,5.2,6.7,4.7,121,,
8/3/2005,-1,-1,-1,121,,
8/4/2005,30.6,21,24.1,121,,
8/5/2005,-1,1,-1,121,,
8/6/2005,3.2,5.5,8.8,121,,
8/7/2005,4.3,0.3,3.3,69.2,,
8/8/2005,0,1.5,2.1,67,,
8/9/2005,2,7.3,8.7,63,,
8/10/2005,14.5,16.3,19.9,60.3,,
8/11/2005,6.3,10.6,11.4,71.7,,
8/12/2005,4.3,4.3,14.1,77.3,,
8/13/2005,4.2,8.8,5.2,79.3,,
8/14/2005,-1,0.7,7.5,81.3,,
8/15/2005,0.7,0.2,0.8,81.5,,
8/16/2005,16.9,0.6,1.4,80.3,,
8/17/2005,0,1.7,0.1,78.7,,
8/18/2005,-1,-1,-1,75.3,,
8/19/2005,-1,-1,-1,75.5,,
8/20/2005,-1,-1,-1,73.7,,
8/21/2005,4.9,0.4,2.9,72.3,,
8/22/2005,-1,-1,-1,69.3,,
8/23/2005,-1,-1,-1,67,,
8/24/2005,-1,-1,-1,66.8,,
8/25/2005,-1,-1,2.9,65.8,,
8/26/2005,8.5,11.1,12.6,63.8,,
8/27/2005,0.9,3.2,2,66.3,,
8/28/2005,2,24.2,7.7,68,,
8/29/2005,1.5,0.9,1.6,71,,
8/30/2005,-1,0.1,0,71.2,,
8/31/2005,-1,-1,-1,70,,
9/1/2005,-1,-1,-1,69.3,,
9/2/2005,-1,-1,-1,65.3,,
9/3/2005,-1,-1,-1,62.3,,
9/4/2005,-1,-1,-1,60.5,,
9/5/2005,-1,0.1,0,58.7,,
9/6/2005,-1,-1,-1,57.3,,
9/7/2005,1.7,1.5,6.5,55.8,,
9/8/2005,-1,-1,-1,55.7,,
9/9/2005,-1,-1,-1,55.3,,
9/10/2005,-1,-1,-1,53.7,,
9/11/2005,-1,-1,-1,52.5,,
9/12/2005,0.6,0.7,0.5,52.2,,
9/13/2005,2.4,1.4,0.9,51.3,,
9/14/2005,4.4,8.3,4.8,51.7,,
9/15/2005,5.3,1.4,2.1,51.7,,
9/16/2005,0.5,-1,-1,52,,
9/17/2005,0.8,1.4,0.2,53.3,,
9/18/2005,0.9,0.2,0.8,53.7,,
9/19/2005,-1,-1,-1,53.5,,
9/20/2005,-1,0,-1,52.7,,
9/21/2005,-1,-1,-1,51.5,,
9/22/2005,-1,-1,-1,50.8,,
9/23/2005,-1,-1,-1,49.8,,
9/24/2005,-1,-1,-1,50,,
9/25/2005,-1,-1,-1,49.2,,
9/26/2005,-1,-1,-1,48.3,,
9/27/2005,-1,0.6,-1,48,,
9/28/2005,11.2,10.7,15.4,48,,
9/29/2005,0.2,-1,0.4,48,,
9/30/2005,-1,-1,-1,53,,
10/1/2005,-1,-1,-1,55.3,,
10/2/2005,0.3,3.2,1.3,55.5,,
10/3/2005,-1,-1,-1,54,,
10/4/2005,-1,-1,-1,52.7,,
10/5/2005,-1,-1,-1,51.2,,
10/6/2005,-1,-1,-1,49.8,,
10/7/2005,-1,-1,-1,49.2,,
10/8/2005,-1,-1,-1,48.3,,
10/9/2005,0,-1,0,48,,
10/10/2005,0.1,0,0,47,,
10/11/2005,-1,-1,0.1,46.2,,
10/12/2005,-1,-1,-1,45.3,,
10/13/2005,-1,-1,0.2,46.3,,
10/14/2005,3.1,3,2.6,46.7,,
10/15/2005,3.1,0.5,0,46.7,,
10/16/2005,-1,-1,-1,46.7,,
10/17/2005,-1,-1,-1,46.5,,
10/18/2005,-1,-1,-1,48,,
10/19/2005,-1,-1,-1,48.3,,
10/20/2005,0.9,1.5,1.5,48.2,,
10/21/2005,3.4,2.2,0.6,46.7,,
10/22/2005,14.6,8.8,14.5,48,,
10/23/2005,1.2,-1,0.6,53.3,,
10/24/2005,-1,-1,-1,61.3,,
10/25/2005,2.1,14.2,8.5,61.5,,
10/26/2005,2.6,7.6,3.6,60.8,,
10/27/2005,-1,-1,-1,58.7,,
10/28/2005,-1,0.2,0.3,56.8,,
10/29/2005,-1,-1,-1,55.3,,
10/30/2005,0,-1,0,59,,
10/31/2005,0.1,0.1,0.2,63.3,,
11/1/2005,-1,-1,-1,63.5,,
11/2/2005,-1,-1,-1,62.3,,
11/3/2005,-1,0.1,-1,60.5,,
11/4/2005,0.6,1.8,0.9,58.5,,
11/5/2005,4.5,4,4.2,56.5,,
11/6/2005,0.9,1.5,1.5,56.7,,
11/7/2005,2.7,2.1,0,59,,
11/8/2005,0.3,0.2,-1,62.7,,
11/9/2005,-1,0.1,0,63.3,,
11/10/2005,0.6,0.5,0.1,63.5,,
11/11/2005,-1,-1,-1,62.7,,
11/12/2005,0.9,4.5,5.3,61.2,,
11/13/2005,5.7,0.3,1.5,59.7,,
11/14/2005,12.1,6.9,9,61.3,,
11/15/2005,2.6,3.8,4.5,70.6,,
11/16/2005,-1,-1,-1,78,,
11/17/2005,0.4,-1,-1,78.1,,
11/18/2005,0.4,-1,0.2,76.3,,
11/19/2005,-1,-1,-1,73,,
11/20/2005,-1,-1,-1,69.6,,
11/21/2005,-1,-1,-1,67.3,,
11/22/2005,-1,-1,0,65,,
11/23/2005,1.5,2.1,1.8,62.1,,
11/24/2005,2.4,0.9,1,60.3,,
11/25/2005,3.8,6.9,4.3,61.6,,
11/26/2005,5.5,5.7,3.8,63,,
11/27/2005,2.9,6,3.4,63.6,,
11/28/2005,6,13.9,7,70,,
11/29/2005,1.8,12.9,7.7,77.8,,
11/30/2005,23,6.4,18.2,80.3,,
12/1/2005,4.2,4.7,2.5,80.5,,
12/2/2005,-1,0.3,0.1,79.5,,
12/3/2005,-1,-1,-1,78.3,,
12/4/2005,0.6,-1,0.2,76.6,,
12/5/2005,5.1,3.3,2.6,74.1,,
12/6/2005,0.5,0.4,-1,72.6,,
12/7/2005,-1,-1,-1,69.5,,
12/8/2005,-1,-1,-1,69,,
12/9/2005,0.2,-1,0,68.3,,
12/10/2005,0.7,0.8,0.7,65,,
12/11/2005,2.4,0.6,1,64,,
12/12/2005,-1,-1,-1,64.1,,
12/13/2005,-1,-1,-1,63.8,,
12/14/2005,2.9,1.8,1.8,63.1,,
12/15/2005,4.8,1.5,5.2,62.5,,
12/16/2005,0.1,0.1,-1,61.3,,
12/17/2005,0,-1,0.1,61,,
12/18/2005,-1,0.1,0,60.6,,
12/19/2005,0.9,0.1,0.1,60,,
12/20/2005,0.3,0.1,-1,57.5,,
12/21/2005,-1,-1,-1,57,,
12/22/2005,-1,-1,-1,56.8,,
12/23/2005,2.5,1.5,2.5,56.1,,
12/24/2005,9.2,10.2,5.5,54.1,,
12/25/2005,2.3,6.4,2.7,54.3,,
12/26/2005,0.3,0.9,0.4,54.5,,
12/27/2005,0.2,0.6,0.4,54.3,,
12/28/2005,-1,0.5,0.2,54.1,,
12/29/2005,0.6,-1,0.2,54,,
12/30/2005,1.9,-1,1.6,55.3,,
12/31/2005,6.2,2.5,6.3,56,,
1/1/2006,1.1,2.4,4.3,56,,
1/2/2006,2,0,0.8,55,,
1/3/2006,-1,-1,-1,55.4,,
1/4/2006,-1,-1,-1,55.2,,
1/5/2006,-1,-1,-1,55,,
1/6/2006,-1,-1,-1,55,,
1/7/2006,-1,-1,-1,55,,
1/8/2006,-1,-1,-1,54.9,,
1/9/2006,-1,0,-1,54.4,,
1/10/2006,0.1,0,0.8,54.2,,
1/11/2006,2.7,1.6,1.8,54,,
1/12/2006,-1,-1,-1,54,,
1/13/2006,-1,-1,-1,56.7,,
1/14/2006,-1,-1,-1,66,,
1/15/2006,-1,-1,0.1,72.7,,
1/16/2006,0.4,0,1,72.9,,
1/17/2006,0.1,0,0.3,70,,
1/18/2006,-1,3.2,-1,67.9,,
1/19/2006,-1,2,-1,66.9,,
1/20/2006,0.1,-1,-1,65.4,,
1/21/2006,-1,2.4,-1,62.2,,
1/22/2006,-1,-1,-1,61.5,,
1/23/2006,0.8,-1,1.3,60.4,,
1/24/2006,1.5,-1,1.2,57.4,,
1/25/2006,2.2,-1,0.5,56,,
1/26/2006,-1,-1,0.1,53,,
1/27/2006,0.1,-1,-1,50.5,,
1/28/2006,0.1,-1,0.1,50.2,,
1/29/2006,-1,-1,-1,49.2,,
1/30/2006,0.3,-1,0,48.9,,
1/31/2006,1,-1,0.7,48,,
2/1/2006,5.2,4.3,5.9,47.4,,
2/2/2006,4,6,4.2,47.2,,
2/3/2006,-1,-1,-1,46.5,,
2/4/2006,-1,-1,-1,46.2,,
2/5/2006,-1,-1,-1,45.7,,
2/6/2006,-1,-1,-1,45.5,,
2/7/2006,-1,-1,0.5,44.9,,
2/8/2006,0.4,-1,0,44.2,,
2/9/2006,0,2.6,0.6,43.5,,
2/10/2006,0.2,-1,0.2,42.9,,
2/11/2006,-1,-1,-1,42.4,,
2/12/2006,1.9,1.4,1.9,42.4,,
2/13/2006,2.5,5.3,2.5,42.2,,
2/14/2006,0,-1,-1,41.7,,
2/15/2006,0.1,-1,0.1,41.5,,
2/16/2006,0.4,-1,0.3,40.7,,
2/17/2006,0.1,-1,0.1,40.5,,
2/18/2006,1.3,-1,0.9,39.7,,
2/19/2006,1.1,1.1,0.8,39.5,,
2/20/2006,-1,-1,0,38.9,,
2/21/2006,-1,-1,0,38,,
2/22/2006,0.5,0,0.1,38,,
2/23/2006,-1,-1,-1,38,,
2/24/2006,-1,-1,-1,38,,
2/25/2006,-1,-1,-1,38,,
2/26/2006,-1,-1,-1,38,,
2/27/2006,-1,-1,-1,37.7,,
2/28/2006,0.7,2.2,1.7,36.7,,
3/1/2006,-1,-1,-1,36.7,,
3/2/2006,0,-1,0.3,36.7,,
3/3/2006,1,-1,0.9,36.7,,
3/4/2006,1,1.4,0.6,36.7,,
3/5/2006,0.1,2.5,-1,36.7,,
3/6/2006,0.9,-1,1,36.7,,
3/7/2006,0.2,3.4,0.1,36.5,,
3/8/2006,0.2,-1,0.7,35.7,,
3/9/2006,-1,1.2,-1,35.7,,
3/10/2006,-1,-1,-1,35.7,,
3/11/2006,-1,-1,-1,35.7,,
3/12/2006,-1,-1,-1,35.7,,
3/13/2006,-1,-1,-1,35.7,,
3/14/2006,-1,-1,0,35.7,,
3/15/2006,0,-1,0,35.7,,
3/16/2006,-1,-1,-1,35.7,,
3/17/2006,-1,-1,-1,35.5,,
3/18/2006,6.3,1,1.3,34.5,,
3/19/2006,2.3,1.9,3.6,34.4,,
3/20/2006,0,-1,0,34.4,,
3/21/2006,0,-1,0,34.4,,
3/22/2006,-1,-1,-1,34.4,,
3/23/2006,-1,-1,-1,34.4,,
3/24/2006,0,-1,0,34.4,,
3/25/2006,0.1,-1,-1,34.4,,
3/26/2006,-1,-1,-1,34.4,,
3/27/2006,0,-1,0.1,34.4,,
3/28/2006,4.6,-1,6.3,34.4,,
3/29/2006,7.3,-1,5.4,35.4,,
3/30/2006,1.9,8.4,1.2,35.7,,
3/31/2006,5.1,0,6,36.4,,
4/1/2006,5.6,1.2,3,38.7,,
4/2/2006,2.6,1.2,1.7,39,,
4/3/2006,3.2,1.1,4.2,39.4,,
4/4/2006,-1,0,1.7,41.4,,
4/5/2006,12.2,0,3.4,42,,
4/6/2006,0,-1,0,43.4,,
4/7/2006,0.7,-1,1.3,53.4,,
4/8/2006,-1,2.5,0,55.7,,
4/9/2006,1.8,-1,1.5,59.7,,
4/10/2006,0.8,-1,1.4,61.4,,
4/11/2006,2.1,-1,0.8,70,,
4/12/2006,-1,-1,-1,75.4,,
4/13/2006,-1,-1,-1,76.7,,
4/14/2006,-1,-1,-1,78.7,,
4/15/2006,-1,-1,-1,81.4,,
4/16/2006,-1,-1,-1,84.7,,
4/17/2006,0.9,-1,3.4,86.7,,
4/18/2006,1.6,0,0,89,,
4/19/2006,1.6,-1,0.1,92.7,,
4/20/2006,6.7,-1,8,93,,
4/21/2006,0,-1,-1,92.9,,
4/22/2006,-1,-1,-1,93,,
4/23/2006,-1,-1,-1,93.7,,
4/24/2006,-1,-1,-1,94.4,,
4/25/2006,-1,-1,-1,93.2,,
4/26/2006,-1,-1,-1,92.5,,
4/27/2006,-1,-1,-1,91.7,,
4/28/2006,-1,-1,-1,90.7,,
4/29/2006,-1,-1,-1,89.4,,
4/30/2006,-1,-1,-1,87.9,,
5/1/2006,-1,-1,-1,86.4,,
5/2/2006,-1,-1,-1,84.9,,
5/3/2006,-1,-1,-1,82.9,,
5/4/2006,-1,-1,-1,80.7,,
5/5/2006,-1,-1,-1,78,,
5/6/2006,-1,-1,-1,76.7,,
5/7/2006,-1,-1,-1,76.2,,
5/8/2006,-1,-1,0,75.4,,
5/9/2006,-1,-1,-1,73.4,,
5/10/2006,-1,-1,-1,72.4,,
5/11/2006,-1,-1,-1,71.7,,
5/12/2006,-1,-1,0.1,69.2,,
5/13/2006,-1,-1,0,68.4,,
5/14/2006,-1,-1,0.1,66.7,,
5/15/2006,0.9,10,1,66,,
5/16/2006,0,4.6,-1,63.7,,
5/17/2006,-1,-1,-1,62.7,,
5/18/2006,-1,-1,0.4,61,,
5/19/2006,1.8,-1,0.5,60.5,,
5/20/2006,1.1,-1,2.1,59.7,,
5/21/2006,-1,-1,-1,57.2,,
5/22/2006,-1,-1,0.7,56.7,,
5/23/2006,9.4,-1,18.1,57,,
5/24/2006,2.4,1.5,1,57.4,,
5/25/2006,3.3,5.2,4.4,60,,
5/26/2006,6.4,-1,1.7,62.7,,
5/27/2006,0,10.2,0,65,,
5/28/2006,-1,-1,-1,66.7,,
5/29/2006,-1,-1,-1,66.9,,
5/30/2006,9.6,-1,0,66.2,,
5/31/2006,0,-1,-1,65.4,,
6/1/2006,0.4,-1,-1,62.5,,
6/2/2006,-1,-1,0,60.7,,
6/3/2006,11.7,-1,5.9,59.7,,
6/4/2006,-1,12.7,-1,58,,
6/5/2006,-1,-1,-1,58.7,,
6/6/2006,-1,-1,-1,60.7,,
6/7/2006,-1,-1,0,61,,
6/8/2006,-1,-1,-1,60.9,,
6/9/2006,-1,-1,-1,59.4,,
6/10/2006,-1,-1,-1,56.7,,
6/11/2006,-1,-1,-1,55,,
6/12/2006,-1,-1,-1,53.2,,
6/13/2006,-1,-1,-1,51.7,,
6/14/2006,3.1,-1,0.5,50.2,,
6/15/2006,-1,-1,-1,49.9,,
6/16/2006,-1,-1,-1,49.2,,
6/17/2006,-1,-1,-1,48.4,,
6/18/2006,-1,-1,-1,45.5,,
6/19/2006,-1,-1,-1,45,,
6/20/2006,-1,-1,-1,44.4,,
6/21/2006,-1,-1,0,43.4,,
6/22/2006,6.3,-1,7.1,43.4,,
6/23/2006,0.1,19.8,0,43.5,,
6/24/2006,-1,5.4,-1,43.4,,
6/25/2006,-1,-1,0.1,44.7,,
6/26/2006,0.9,-1,5.7,45,,
6/27/2006,14.9,3.2,6.8,44.9,,
6/28/2006,0,-1,0,42.5,,
6/29/2006,0,5.6,0,43.7,,
6/30/2006,-1,-1,-1,46,,
7/1/2006,-1,-1,-1,46.7,,
7/2/2006,-1,-1,-1,46.4,,
7/3/2006,-1,-1,-1,44.7,,
7/4/2006,0.2,-1,0.1,43.4,,
7/5/2006,-1,-1,-1,42,,
7/6/2006,-1,-1,-1,41.5,,
7/7/2006,-1,-1,-1,39.9,,
7/8/2006,-1,-1,-1,39.5,,
7/9/2006,-1,-1,-1,38.2,,
7/10/2006,4.5,-1,-1,37.9,,
7/11/2006,-1,-1,-1,35.5,,
7/12/2006,0,-1,-1,37,,
7/13/2006,0.6,-1,0.1,37.7,,
7/14/2006,2.5,-1,0.3,37.9,,
7/15/2006,-1,-1,-1,35.7,,
7/16/2006,-1,-1,-1,35.5,,
7/17/2006,0.2,-1,0.1,34.5,,
7/18/2006,-1,4.2,-1,34.2,,
7/19/2006,-1,-1,-1,34.7,,
7/20/2006,-1,-1,-1,36.4,,
7/21/2006,2.6,4.1,3.5,36.5,,
7/22/2006,3,9.2,7,35,,
7/23/2006,-1,-1,-1,38.4,,
7/24/2006,9.5,-1,0.9,39,,
7/25/2006,-1,-1,-1,40.4,,
7/26/2006,-1,-1,-1,41.4,,
7/27/2006,-1,-1,-1,41.5,,
7/28/2006,-1,-1,-1,39.4,,
7/29/2006,-1,-1,-1,39,,
7/30/2006,-1,-1,-1,121,,
7/31/2006,-1,-1,-1,121,,
8/1/2006,-1,-1,-1,121,,
8/2/2006,-1,-1,-1,121,,
8/3/2006,-1,-1,-1,121,,
8/4/2006,-1,-1,-1,121,,
8/5/2006,-1,-1,-1,121,,
8/6/2006,-1,-1,-1,121,,
8/7/2006,-1,-1,-1,35.7,,
8/8/2006,-1,-1,-1,35.4,,
8/9/2006,-1,-1,-1,35.7,,
8/10/2006,-1,-1,-1,35.7,,
8/11/2006,-1,-1,-1,35.4,,
8/12/2006,-1,-1,-1,35.7,,
8/13/2006,-1,-1,-1,35.7,,
8/14/2006,-1,-1,-1,35.7,,
8/15/2006,3.1,-1,12,35.4,,
8/16/2006,10,2,0.2,36.7,,
8/17/2006,2.1,-1,0.2,37.9,,
8/18/2006,3.4,3.5,0,39.4,,
8/19/2006,-1,15,-1,40,,
8/20/2006,-1,-1,-1,40.7,,
8/21/2006,2.5,-1,9.6,40.4,,
8/22/2006,-1,-1,1.7,39.7,,
8/23/2006,-1,3.4,0,39.7,,
8/24/2006,-1,-1,0,37.9,,
8/25/2006,-1,-1,0.3,38,,
8/26/2006,0,-1,-1,37.7,,
8/27/2006,1,9.5,16.8,38,,
8/28/2006,11,-1,48.7,40.4,,
8/29/2006,5.4,43,5.8,44.7,,
8/30/2006,-1,-1,-1,45,,
8/31/2006,1.2,-1,-1,45,,
9/1/2006,-1,-1,-1,44.9,,
9/2/2006,-1,-1,2.5,43.7,,
9/3/2006,1.8,8,12.5,42,,
9/4/2006,33,21,9,40.7,,
9/5/2006,1.5,0,0.2,50.7,,
9/6/2006,0.7,-1,0,58,,
9/7/2006,5.8,-1,3.4,58.7,,
9/8/2006,2.8,-1,1.7,58.5,,
9/9/2006,0.3,5.9,0,56.7,,
9/10/2006,-1,-1,-1,55.2,,
9/11/2006,-1,-1,-1,55.4,,
9/12/2006,-1,-1,-1,55,,
9/13/2006,-1,-1,-1,53.4,,
9/14/2006,-1,-1,-1,50,,
9/15/2006,-1,-1,-1,49.7,,
9/16/2006,-1,-1,-1,47,,
9/17/2006,-1,-1,-1,44.7,,
9/18/2006,-1,-1,-1,43,,
9/19/2006,0.6,-1,1,42.9,,
9/20/2006,-1,-1,0.8,42,,
9/21/2006,-1,-1,-1,40.7,,
9/22/2006,-1,-1,-1,39,,
9/23/2006,-1,-1,-1,39,,
9/24/2006,-1,-1,0.4,40.4,,
9/25/2006,-1,-1,-1,40.5,,
9/26/2006,-1,-1,0,37,,
9/27/2006,-1,-1,-1,35.4,,
9/28/2006,2.5,-1,0.9,37.7,,
9/29/2006,8,-1,0.9,37.9,,
9/30/2006,0.4,0.5,0.2,37,,
10/1/2006,5.9,0.4,8.7,37.7,,
10/2/2006,-1,-1,-1,39.4,,
10/3/2006,1.9,-1,10.5,40,,
10/4/2006,2.1,-1,23.7,42.7,,
10/5/2006,3.2,-1,0.5,49,,
10/6/2006,1.1,-1,0,54,,
10/7/2006,10,-1,8.9,54.7,,
10/8/2006,0.7,-1,0.7,56,,
10/9/2006,0.7,-1,0.2,60.4,,
10/10/2006,0,-1,0.1,61,,
10/11/2006,1,-1,0,61.2,,
10/12/2006,-1,-1,-1,60,,
10/13/2006,-1,-1,0,58,,
10/14/2006,2.1,-1,4,56,,
10/15/2006,-1,-1,-1,54.7,,
10/16/2006,0.3,-1,0.3,53.4,,
10/17/2006,0,-1,-1,52.9,,
10/18/2006,-1,-1,-1,52.4,,
10/19/2006,-1,-1,-1,51.9,,
10/20/2006,-1,-1,-1,51.2,,
10/21/2006,2.1,-1,7.2,51,,
10/22/2006,10.5,-1,5.4,49.9,,
10/23/2006,18.5,5.2,22.1,50,,
10/24/2006,12.8,7.4,7.7,74.7,,
10/25/2006,1.6,-1,0.3,82.4,,
10/26/2006,20.4,-1,27.9,82.5,,
10/27/2006,4.1,14.7,5.7,83,,
10/28/2006,5.3,1.2,0.2,89.4,,
10/29/2006,1.1,-1,-1,89.5,,
10/30/2006,5.4,-1,3.2,88,,
10/31/2006,27,-1,12.4,85.5,,
11/1/2006,4.6,-1,1.8,82.4,,
11/2/2006,1,-1,0.3,79.7,,
11/3/2006,-1,-1,-1,77.9,,
11/4/2006,-1,-1,-1,75.2,,
11/5/2006,0.5,-1,0.7,72.7,,
11/6/2006,9.3,-1,6.8,72.2,,
11/7/2006,0.4,8.2,0.1,70.9,,
11/8/2006,-1,-1,-1,69.9,,
11/9/2006,0.3,-1,-1,69,,
11/10/2006,-1,-1,-1,68,,
11/11/2006,0.6,-1,3.8,67.2,,
11/12/2006,2.5,-1,3.7,66.2,,
11/13/2006,0.7,0,0.3,65.9,,
11/14/2006,5.5,-1,6.3,65.4,,
11/15/2006,2.9,-1,1.7,70.9,,
11/16/2006,0.2,-1,-1,78,,
11/17/2006,1.4,-1,1.7,80.5,,
11/18/2006,7.3,3.4,3.3,86,,
11/19/2006,2.2,-1,1.9,90.4,,
11/20/2006,1.2,5.2,0.8,91.7,,
11/21/2006,0.4,-1,1.3,91.9,,
11/22/2006,0.4,5.6,0.7,91.5,,
11/23/2006,4,-1,4.6,90.7,,
11/24/2006,6,5.4,5.8,89,,
11/25/2006,5.3,6.1,4.2,89.4,,
11/26/2006,0.1,4.2,0,88.9,,
11/27/2006,0.1,-1,-1,88.4,,
11/28/2006,0,1.2,0.1,87.4,,
11/29/2006,-1,-1,0.1,85.7,,
11/30/2006,-1,4.2,-1,83.9,,
12/1/2006,-1,3.4,-1,82,,
12/2/2006,7.1,2.2,4.8,79.9,,
12/3/2006,2.2,3.5,0,79.7,,
12/4/2006,5.7,2.5,5.4,82.4,,
12/5/2006,11,3.5,11.4,85,,
12/6/2006,1.5,2.4,0.2,87.4,,
12/7/2006,0.2,3.1,0.3,88,,
12/8/2006,3.2,4.4,3.8,87.7,,
12/9/2006,0,1.2,0,86.4,,
12/10/2006,-1,3.2,-1,83.5,,
12/11/2006,2.9,-1,1.6,82.7,,
12/12/2006,0,4.7,0,79.9,,
12/13/2006,1.5,2.2,1.1,78.1,,
12/14/2006,3.1,3.4,0.9,78.7,,
12/15/2006,-1,-1,-1,79,,
12/16/2006,-1,-1,-1,79,,
12/17/2006,0.2,-1,0.6,78.9,,
12/18/2006,-1,-1,-1,77.7,,
12/19/2006,2,-1,2.3,75.4,,
12/20/2006,3,-1,0.8,73,,
12/21/2006,-1,-1,-1,70.7,,
12/22/2006,-1,-1,-1,69.4,,
12/23/2006,1,0,0.1,69.2,,
12/24/2006,-1,2,0.1,68.2,,
12/25/2006,-1,1.2,-1,67.5,,
12/26/2006,0,-1,-1,66,,
12/27/2006,1.3,-1,0.2,66.4,,
12/28/2006,0.1,-1,0.1,66.5,,
12/29/2006,-1,0,0,65,,
12/30/2006,1.1,-1,0.5,63.7,,
12/31/2006,1.2,4.2,3.1,62.5,,
1/1/2007,3.7,11.5,6.8,67.8,,
1/2/2007,1,0.4,0.2,67.8,,
1/3/2007,0.5,-1,0,71.8,,
1/4/2007,1.7,3.5,3.7,73.1,,
1/5/2007,0.5,0.9,0,73.3,,
1/6/2007,-1,-1,0.7,75.1,,
1/7/2007,1.6,2,1.3,76.8,,
1/8/2007,1.7,4.1,2.3,76.9,,
1/9/2007,10,10,7.8,74.8,,
1/10/2007,-1,4,2.5,79.1,,
1/11/2007,1,3.4,1,84.1,,
1/12/2007,0.7,1,1.1,85.1,,
1/13/2007,0.4,2.8,1.3,85.2,,
1/14/2007,4,9.7,7.8,82.4,,
1/15/2007,1.6,2.4,3.2,78.1,,
1/16/2007,1,0.5,-1,75.9,,
1/17/2007,4.5,11.7,9,74.9,,
1/18/2007,4.5,4.4,4,76.1,,
1/19/2007,0.4,-1,0.8,79.7,,
1/20/2007,0,1.4,0.3,82.4,,
1/21/2007,0,2.1,0,82.6,,
1/22/2007,-1,-1,-1,79.7,,
1/23/2007,1,4.6,2.5,75.7,,
1/24/2007,2.4,1.3,0.4,72.3,,
1/25/2007,0,0.6,0.5,67.8,,
1/26/2007,4,6.9,5.4,67.6,,
1/27/2007,1,0.4,1,65.3,,
1/28/2007,0,-1,-1,63.1,,
1/29/2007,0.2,-1,-1,62.8,,
1/30/2007,-1,-1,0.1,60.3,,
1/31/2007,1.8,3.3,3.4,59.6,,
2/1/2007,0.4,0.5,1.2,58.8,,
2/2/2007,12.5,10.4,7.5,57.4,,
2/3/2007,-1,-1,0,56.1,,
2/4/2007,0.9,-1,0.3,55.6,,
2/5/2007,0.3,-1,0.1,54.6,,
2/6/2007,-1,-1,-1,54.3,,
2/7/2007,-1,-1,0,53.8,,
2/8/2007,0,-1,0,53.6,,
2/9/2007,-1,-1,-1,52.6,,
2/10/2007,-1,-1,-1,51.6,,
2/11/2007,-1,-1,0.1,50.8,,
2/12/2007,-1,-1,-1,50.6,,
2/13/2007,-1,-1,-1,50.1,,
2/14/2007,-1,-1,-1,49.9,,
2/15/2007,0.8,-1,0.5,48.9,,
2/16/2007,0.6,0.2,0,48.4,,
2/17/2007,-1,-1,-1,48.3,,
2/18/2007,-1,-1,0.1,47.9,,
2/19/2007,-1,-1,-1,47.3,,
2/20/2007,-1,-1,-1,46.4,,
2/21/2007,-1,-1,-1,45.9,,
2/22/2007,-1,-1,-1,45.3,,
2/23/2007,0.4,-1,-1,44.6,,
2/24/2007,0,-1,-1,44.5,,
2/25/2007,-1,-1,-1,44.4,,
2/26/2007,-1,-1,-1,44.4,,
2/27/2007,2,2.7,2.5,44.4,,
2/28/2007,1.1,1.5,1.2,43.9,,
3/1/2007,1.1,-1,1.4,43.8,,
3/2/2007,2.6,3.3,1.6,43.8,,
3/3/2007,-1,1.9,0,43.8,,
3/4/2007,0.6,-1,-1,43.8,,
3/5/2007,-1,0.5,-1,43.8,,
3/6/2007,1.6,-1,0.6,43.8,,
3/7/2007,2.4,0.9,1.7,43.8,,
3/8/2007,-1,1,0.1,43.8,,
3/9/2007,0.5,-1,0.3,44.4,,
3/10/2007,-1,0.9,1.3,45.1,,
3/11/2007,0.7,2.6,-1,46.1,,
3/12/2007,0.3,-1,0.1,50.4,,
3/13/2007,-1,-1,-1,51.1,,
3/14/2007,-1,-1,-1,54.8,,
3/15/2007,-1,-1,0,58.4,,
3/16/2007,-1,-1,0.2,76.7,,
3/17/2007,2.7,-1,5,76.9,,
3/18/2007,2.8,4.8,6.2,76.7,,
3/19/2007,7.2,6.3,5,76.9,,
3/20/2007,-1,2.6,0,76.4,,
3/21/2007,1.7,-1,0.8,81.4,,
3/22/2007,-1,2.9,0,82,,
3/23/2007,-1,-1,-1,82.7,,
3/24/2007,-1,-1,-1,82.4,,
3/25/2007,-1,-1,-1,83,,
3/26/2007,-1,-1,-1,84.7,,
3/27/2007,-1,-1,-1,84.9,,
3/28/2007,-1,-1,-1,84,,
3/29/2007,-1,-1,-1,82.7,,
3/30/2007,-1,-1,-1,81.4,,
3/31/2007,-1,-1,-1,80.9,,
4/1/2007,-1,-1,-1,79.7,,
4/2/2007,0.2,-1,-1,78.7,,
4/3/2007,-1,-1,0,77.4,,
4/4/2007,0,-1,0,76,,
4/5/2007,0.4,-1,0.2,74.7,,
4/6/2007,-1,-1,0,73.5,,
4/7/2007,0,-1,0,72.5,,
4/8/2007,-1,-1,-1,71.5,,
4/9/2007,-1,-1,-1,69.9,,
4/10/2007,0.2,-1,0.2,67.9,,
4/11/2007,0,-1,0,66.1,,
4/12/2007,-1,-1,-1,64.7,,
4/13/2007,-1,-1,-1,63.6,,
4/14/2007,-1,-1,-1,62.7,,
4/15/2007,-1,-1,-1,63.1,,
4/16/2007,-1,-1,-1,62.1,,
4/17/2007,0.6,-1,0.7,62.7,,
4/18/2007,-1,-1,0,63.1,,
4/19/2007,7.1,0.2,10.7,63.7,,
4/20/2007,8.7,12.4,11.9,66.4,,
4/21/2007,3.3,9,1.3,72.9,,
4/22/2007,-1,0.6,-1,80.4,,
4/23/2007,0.8,-1,3.6,81,,
4/24/2007,-1,3.8,-1,81.2,,
4/25/2007,4.6,-1,4.6,80,,
4/26/2007,1,5.2,0.6,77.4,,
4/27/2007,-1,0.4,-1,76.2,,
4/28/2007,-1,-1,-1,76,,
4/29/2007,-1,-1,1.7,75.9,,
4/30/2007,-1,3,0,75,,
5/1/2007,1,-1,-1,72.7,,
5/2/2007,7.1,0.3,2.9,71,,
5/3/2007,2.7,5.2,1.7,69.4,,
5/4/2007,1.8,1.5,2,68,,
5/5/2007,0,0.8,-1,67.7,,
5/6/2007,0,-1,-1,68,,
5/7/2007,0.5,-1,0.4,68,,
5/8/2007,-1,1.5,-1,67.9,,
5/9/2007,-1,-1,0,67,,
5/10/2007,-1,-1,-1,65,,
5/11/2007,-1,-1,-1,64,,
5/12/2007,-1,-1,-1,63.4,,
5/13/2007,-1,-1,-1,62.2,,
5/14/2007,0.7,-1,1.5,61.4,,
5/15/2007,4.9,0.6,6.4,59.4,,
5/16/2007,-1,5.4,-1,57.5,,
5/17/2007,-1,-1,-1,58.7,,
5/18/2007,-1,-1,-1,59.4,,
5/19/2007,-1,-1,-1,59.5,,
5/20/2007,-1,-1,-1,59.2,,
5/21/2007,4.4,-1,3.9,57.7,,
5/22/2007,0.4,4.1,0.5,56,,
5/23/2007,0.8,1.3,-1,55.2,,
5/24/2007,5.7,-1,0.3,54.2,,
5/25/2007,0.6,0.6,3.3,54.4,,
5/26/2007,5.5,2.8,4.9,53.9,,
5/27/2007,0.7,3.1,15.7,54.4,,
5/28/2007,6.2,12.6,4.3,57.4,,
5/29/2007,0,-1,-1,61,,
5/30/2007,0,0.6,2.7,62.4,,
5/31/2007,1.2,5.6,-1,63,,
6/1/2007,-1,2,-1,62.9,,
6/2/2007,-1,-1,-1,61.4,,
6/3/2007,-1,-1,-1,61.2,,
6/4/2007,-1,-1,-1,60.9,,
6/5/2007,-1,-1,-1,58.5,,
6/6/2007,-1,-1,-1,56.2,,
6/7/2007,-1,-1,-1,55.2,,
6/8/2007,-1,-1,-1,52.4,,
6/9/2007,-1,-1,-1,50.5,,
6/10/2007,3.3,-1,1.7,50,,
6/11/2007,-1,2.5,-1,49,,
6/12/2007,0.8,-1,0,48.2,,
6/13/2007,-1,-1,1.7,48,,
6/14/2007,4.3,1.2,5.5,48,,
6/15/2007,1.2,9.8,0,47.9,,
6/16/2007,-1,0.6,-1,47.7,,
6/17/2007,-1,-1,1.3,48,,
6/18/2007,3.5,2.9,8.9,47.9,,
6/19/2007,-1,6,-1,46.4,,
6/20/2007,0,-1,0,46.4,,
6/21/2007,-1,1.6,-1,46.2,,
6/22/2007,-1,-1,-1,46,,
6/23/2007,-1,-1,-1,46.2,,
6/24/2007,-1,-1,-1,43.9,,
6/25/2007,2.7,-1,1,43.5,,
6/26/2007,5.9,1.6,2,40.4,,
6/27/2007,23.8,8.6,14.8,41.1,,
6/28/2007,4.5,16.1,3.7,46.7,,
6/29/2007,0,0.7,9.8,53.7,,
6/30/2007,-1,1,0,57.7,,
7/1/2007,1.8,-1,0,58.4,,
7/2/2007,0,-1,2.9,58.5,,
7/3/2007,5,0.6,-1,56.7,,
7/4/2007,-1,-1,-1,54,,
7/5/2007,-1,-1,-1,52.2,,
7/6/2007,0.5,-1,6.8,51.5,,
7/7/2007,19.3,1.7,5.5,49.7,,
7/8/2007,4.4,10.9,2.9,47,,
7/9/2007,-1,3.2,0,48.9,,
7/10/2007,-1,-1,0,53.2,,
7/11/2007,4.1,-1,2,54.2,,
7/12/2007,-1,2.4,-1,53.2,,
7/13/2007,15.4,-1,4.4,51.4,,
7/14/2007,12.7,-1,8.3,50,,
7/15/2007,2.2,8.6,1.4,54,,
7/16/2007,-1,2.6,0.4,58.5,,
7/17/2007,-1,-1,0.4,59.7,,
7/18/2007,8.8,0.6,0.1,59.5,,
7/19/2007,0.2,-1,-1,58,,
7/20/2007,1.6,-1,1.6,55.8,,
7/21/2007,-1,2.1,-1,54.8,,
7/22/2007,-1,-1,-1,54.7,,
7/23/2007,0.3,-1,0.7,54.3,,
7/24/2007,2.1,2.7,1.8,52.7,,
7/25/2007,0,5.9,0.1,51.2,,
7/26/2007,0.4,-1,-1,49.9,,
7/27/2007,14,1.3,7.4,49.2,,
7/28/2007,1.4,6.1,0,48.4,,
7/29/2007,1.9,-1,1.6,120.8,,
7/30/2007,25,2.8,25.9,120.9,,
7/31/2007,10.4,27.5,3.8,120.9,,
8/1/2007,-1,7.1,-1,120.9,,
8/2/2007,-1,-1,-1,120.9,,
8/3/2007,-1,-1,-1,120.9,,
8/4/2007,-1,-1,-1,120.9,,
8/5/2007,-1,-1,-1,120.9,,
8/6/2007,-1,-1,-1,120.9,,
8/7/2007,-1,-1,-1,63.3,,
8/8/2007,-1,-1,-1,61.3,,
8/9/2007,-1,-1,-1,60,,
8/10/2007,-1,-1,-1,59.7,,
8/11/2007,-1,-1,0.3,56.7,,
8/12/2007,11.3,2,16.6,54.2,,
8/13/2007,0.8,0.6,0.1,53.3,,
8/14/2007,11,-1,7.2,52,,
8/15/2007,-1,6.8,-1,52.7,,
8/16/2007,10,-1,7.4,56.7,,
8/17/2007,-1,35.9,-1,57,,
8/18/2007,-1,2.9,-1,58,,
8/19/2007,-1,1.5,0.1,58.7,,
8/20/2007,-1,-1,-1,58.5,,
8/21/2007,-1,-1,-1,57.5,,
8/22/2007,5.7,-1,12.2,56.8,,
8/23/2007,15,7.5,2.2,55.3,,
8/24/2007,1.8,13.2,0,56.7,,
8/25/2007,-1,0.9,0,58,,
8/26/2007,4.4,-1,0.5,58.2,,
8/27/2007,1,1.1,5.3,58.3,,
8/28/2007,17.4,1.5,3.8,59,,
8/29/2007,5,4.7,1.5,60.6,,
8/30/2007,2.9,2.2,2.5,60.8,,
8/31/2007,-1,-1,0,60,,
9/1/2007,3.1,3.8,4.5,59.3,,
9/2/2007,16.3,4,7.5,67.6,,
9/3/2007,4.8,7.6,3.3,73,,
9/4/2007,-1,1.2,-1,77.3,,
9/5/2007,0.3,2.6,-1,77.4,,
9/6/2007,1,-1,0.5,76.8,,
9/7/2007,-1,0.3,-1,74.9,,
9/8/2007,-1,-1,-1,72.1,,
9/9/2007,-1,-1,0.1,69.3,,
9/10/2007,-1,0.7,0.9,67.5,,
9/11/2007,-1,-1,-1,65.5,,
9/12/2007,6.2,-1,1.3,63.8,,
9/13/2007,0.7,4,0.7,62.1,,
9/14/2007,0.1,-1,1,61,,
9/15/2007,2.8,-1,7.9,61,,
9/16/2007,1.3,4.4,2.1,61.3,,
9/17/2007,2.1,3,0.9,61.6,,
9/18/2007,17.8,2.6,20.2,62,,
9/19/2007,3.7,20.9,0.9,73.3,,
9/20/2007,15,2.1,12,82.9,,
9/21/2007,2.4,7.1,2.5,83.6,,
9/22/2007,1.3,6.1,0.9,83.6,,
9/23/2007,-1,14.8,-1,83.4,,
9/24/2007,-1,-1,-1,82.6,,
9/25/2007,-1,-1,-1,80.6,,
9/26/2007,1.1,-1,2.1,77.3,,
9/27/2007,3.3,0.2,1.2,74.8,,
9/28/2007,-1,1.1,-1,72.9,,
9/29/2007,-1,-1,0.2,71.6,,
9/30/2007,-1,-1,12,70.4,,
10/1/2007,1,8.2,1.1,70.8,,
10/2/2007,2,1.8,0,73.9,,
10/3/2007,0,2,0.4,74.3,,
10/4/2007,0.9,1.9,0.5,74.1,,
10/5/2007,0.6,-1,1,72.9,,
10/6/2007,1.1,0.4,1.4,70.6,,
10/7/2007,3.8,1.7,6.7,69.8,,
10/8/2007,6.7,2,2.7,76.6,,
10/9/2007,0,12.1,0,81.3,,
10/10/2007,0,-1,0,81.4,,
10/11/2007,4.6,-1,5.4,81.1,,
10/12/2007,1.5,4.7,1.3,78.9,,
10/13/2007,-1,2.7,-1,75.9,,
10/14/2007,6.8,-1,4.2,74.4,,
10/15/2007,0.1,6.3,0,74.3,,
10/16/2007,0.5,-1,0.1,75.3,,
10/17/2007,-1,-1,-1,75.4,,
10/18/2007,1.3,-1,1.2,74.8,,
10/19/2007,-1,0.7,-1,73.9,,
10/20/2007,-1,-1,-1,71.9,,
10/21/2007,-1,-1,-1,70.6,,
10/22/2007,-1,-1,-1,69.3,,
10/23/2007,-1,-1,-1,68.3,,
10/24/2007,-1,-1,-1,67.6,,
10/25/2007,-1,-1,-1,65.3,,
10/26/2007,0.3,-1,0.2,64.9,,
10/27/2007,1.8,-1,1,64.6,,
10/28/2007,3.2,-1,1.4,63.8,,
10/29/2007,0.2,-1,0.3,63.6,,
10/30/2007,7.7,0.2,5.8,64.9,,
10/31/2007,1.3,8.6,0.8,69.3,,
11/1/2007,1.3,2.6,0.3,73.6,,
11/2/2007,-1,0.5,0,74.6,,
11/3/2007,0.3,-1,1,74.7,,
11/4/2007,0.3,1,-1,73.6,,
11/5/2007,0.2,-1,0.4,71.3,,
11/6/2007,1.7,0.7,1.5,69.6,,
11/7/2007,2.4,2,6.4,68.3,,
11/8/2007,1.5,9.3,0.4,69.3,,
11/9/2007,4.8,-1,13.7,75.6,,
11/10/2007,6,30,6.5,82.9,,
11/11/2007,2,4.3,1.1,85.6,,
11/12/2007,0.3,3.7,0,85.7,,
11/13/2007,-1,1.1,0.2,85.1,,
11/14/2007,0.1,0.9,-1,82.2,,
11/15/2007,0.5,-1,0.1,79.2,,
11/16/2007,0.5,0.4,0.1,76.1,,
11/17/2007,0.7,-1,1,74.6,,
11/18/2007,0.5,1.1,0.5,72.9,,
11/19/2007,-1,-1,-1,71.9,,
11/20/2007,-1,-1,-1,70.6,,
11/21/2007,0.1,-1,-1,70.1,,
11/22/2007,0.7,-1,0.5,69.4,,
11/23/2007,3.3,0.3,2.3,68.9,,
11/24/2007,0,1.8,-1,70.9,,
11/25/2007,4.8,-1,3.8,71.6,,
11/26/2007,1.1,5.9,1.2,71.1,,
11/27/2007,1.2,0.4,-1,70.9,,
11/28/2007,-1,-1,-1,70.6,,
11/29/2007,-1,-1,-1,70.2,,
11/30/2007,-1,-1,-1,66.7,,
12/1/2007,0.9,2.7,2.1,65.3,,
12/2/2007,2.8,8.3,3.8,65.6,,
12/3/2007,2.9,8.9,6.5,65.9,,
12/4/2007,1.9,2.6,3.2,66.2,,
12/5/2007,2,2.2,4,68.6,,
12/6/2007,3.2,3.2,5.1,79.2,,
12/7/2007,12,11.6,15.3,88.9,,
12/8/2007,4.7,5.6,3.1,92.9,,
12/9/2007,-1,5.4,0.2,94.2,,
12/10/2007,1.4,0.3,0.9,94.4,,
12/11/2007,0.5,-1,0.1,92.9,,
12/12/2007,-1,-1,-1,90.2,,
12/13/2007,-1,-1,-1,87.2,,
12/14/2007,-1,-1,0,84.5,,
12/15/2007,-1,-1,-1,81.2,,
12/16/2007,-1,-1,-1,78.4,,
12/17/2007,-1,-1,-1,76.6,,
12/18/2007,-1,-1,0,75.1,,
12/19/2007,-1,-1,-1,73.2,,
12/20/2007,-1,-1,-1,72.9,,
12/21/2007,-1,-1,-1,71.2,,
12/22/2007,-1,-1,-1,69.9,,
12/23/2007,1.6,-1,0.8,69.6,,
12/24/2007,-1,-1,-1,67.6,,
12/25/2007,2,1,1.4,66.6,,
12/26/2007,1.7,0.7,0.7,67.9,,
12/27/2007,1.7,2,2,71.1,,
12/28/2007,1.5,4.1,3.4,76.5,,
12/29/2007,2.1,1.6,0.7,79.5,,
12/30/2007,3.1,3.6,1,79.7,,
12/31/2007,1.1,1.6,1.9,78.9,,
1/1/2008,-1,0.9,1,76.6,,
1/2/2008,-1,-1,-1,76.6,,
1/3/2008,0.4,-1,-1,76.8,,
1/4/2008,-1,-1,-1,74.4,,
1/5/2008,-1,-1,-1,72.4,,
1/6/2008,1.6,1.4,2.1,68.3,,
1/7/2008,4.1,4.4,3.4,65.3,,
1/8/2008,1.8,1,1.2,64,,
1/9/2008,1.7,2.1,1.8,62.8,,
1/10/2008,3,4.3,3.3,62.3,,
1/11/2008,4.7,3.8,1,62.6,,
1/12/2008,2.5,2.1,1.7,65.6,,
1/13/2008,0.3,0.3,0.3,70.6,,
1/14/2008,0.5,0.3,0.3,74.9,,
1/15/2008,1.2,1.9,0.4,76.6,,
1/16/2008,0.5,2,1.3,76.8,,
1/17/2008,0.4,1.3,0,74.9,,
1/18/2008,2.5,4,4.4,76.9,,
1/19/2008,11.3,12.9,9.7,79.3,,
1/20/2008,1.6,0.7,0.6,84.9,,
1/21/2008,10.2,5.6,7.7,89.6,,
1/22/2008,1.5,-1,2,89.8,,
1/23/2008,-1,-1,0.1,89.4,,
1/24/2008,5.3,3.1,4.2,86.6,,
1/25/2008,1.5,1.5,1.4,83.4,,
1/26/2008,1.1,0.6,0.1,80.3,,
1/27/2008,-1,-1,-1,79.3,,
1/28/2008,-1,-1,0,77.9,,
1/29/2008,-1,-1,0,76.6,,
1/30/2008,12.1,9.5,11.2,74.9,,
1/31/2008,0.2,-1,-1,76.3,,
2/1/2008,7.5,6.4,9.6,76.9,,
2/2/2008,4.8,3.5,1.8,76.4,,
2/3/2008,1.7,6.1,4.2,78.3,,
2/4/2008,0.5,0.8,0.8,80.9,,
2/5/2008,3.2,1.8,1.8,81.1,,
2/6/2008,0.2,0.4,1.6,79.6,,
2/7/2008,0.7,0.5,0.5,77.9,,
2/8/2008,0.7,0.5,-1,76.1,,
2/9/2008,0.1,-1,0.4,75.8,,
2/10/2008,1.7,0.7,1.7,75.6,,
2/11/2008,0.7,0.5,1,78.9,,
2/12/2008,0.5,1.1,0.5,81.9,,
2/13/2008,0.2,-1,0,82.9,,
2/14/2008,-1,-1,0,83.1,,
2/15/2008,-1,-1,0,82.4,,
2/16/2008,0.1,-1,0.2,80.4,,
2/17/2008,1,0.4,0.1,79.1,,
2/18/2008,0,-1,-1,78.7,,
2/19/2008,0.2,-1,0.7,77.3,,
2/20/2008,2,2.4,1.6,75.3,,
2/21/2008,1.8,1.8,1.5,72.9,,
2/22/2008,2.7,2.2,0.5,70.3,,
2/23/2008,-1,-1,0,70.8,,
2/24/2008,9.5,5.5,7.1,71.8,,
2/25/2008,-1,-1,-1,70.8,,
2/26/2008,8.8,8.9,8.8,73.8,,
2/27/2008,4.6,3.8,3.9,74.6,,
2/28/2008,1.7,1,0.8,80.4,,
2/29/2008,-1,0.4,0.1,81.2,,
3/1/2008,0.1,1.3,0.3,82.1,,
3/2/2008,-1,-1,-1,80.6,,
3/3/2008,3.5,4.4,4,78.6,,
3/4/2008,0.5,0.5,0.9,75.7,,
3/5/2008,-1,-1,0.3,74.9,,
3/6/2008,6.3,4,3.6,73.2,,
3/7/2008,0.1,0.2,0.3,70.2,,
3/8/2008,1.2,0.3,1,67.4,,
3/9/2008,0.4,-1,-1,66.6,,
3/10/2008,-1,-1,-1,71.6,,
3/11/2008,-1,-1,-1,82.2,,
3/12/2008,-1,2,0.7,82.9,,
3/13/2008,3.5,4.3,4,83.7,,
3/14/2008,4.2,1.5,2.1,83.6,,
3/15/2008,2.1,1.5,1.7,83.6,,
3/16/2008,1.1,0.7,0.7,83.4,,
3/17/2008,1,-1,0.3,82.6,,
3/18/2008,0.6,0.5,0.4,81.2,,
3/19/2008,-1,-1,0.1,78.4,,
3/20/2008,0.2,-1,-1,76.6,,
3/21/2008,-1,-1,-1,75.2,,
3/22/2008,1.7,3,2,73.9,,
3/23/2008,1.9,0.4,1,71.6,,
3/24/2008,-1,-1,-1,70.1,,
3/25/2008,11.8,8.5,7.8,68.4,,
3/26/2008,12.3,7.2,5.3,67.6,,
3/27/2008,1.3,-1,0.1,64.9,,
3/28/2008,0,-1,-1,64.6,,
3/29/2008,0,1.3,2.1,62.7,,
3/30/2008,0,-1,0,61.2,,
3/31/2008,-1,-1,-1,61.6,,
4/1/2008,-1,-1,-1,63.9,,
4/2/2008,-1,-1,-1,83.2,,
4/3/2008,-1,1,0.1,84.6,,
4/4/2008,-1,-1,-1,85.2,,
4/5/2008,0.2,-1,0.1,85.6,,
4/6/2008,2.7,3.4,5.2,85.6,,
4/7/2008,4.4,3,2.7,85.9,,
4/8/2008,13.3,21.4,12.4,87.9,,
4/9/2008,1.2,2.2,0.7,91.9,,
4/10/2008,-1,-1,-1,93.2,,
4/11/2008,-1,-1,-1,93.4,,
4/12/2008,5,13.9,6.7,92.7,,
4/13/2008,8.7,11.4,5,91.9,,
4/14/2008,0.1,-1,0.1,90.5,,
4/15/2008,-1,0.8,-1,91.2,,
4/16/2008,-1,3.8,-1,90.9,,
4/17/2008,-1,-1,-1,89,,
4/18/2008,-1,-1,-1,87.2,,
4/19/2008,-1,-1,-1,84.7,,
4/20/2008,-1,-1,-1,82.7,,
4/21/2008,-1,-1,-1,81.9,,
4/22/2008,-1,-1,-1,78.4,,
4/23/2008,-1,-1,-1,76.6,,
4/24/2008,-1,-1,-1,75.1,,
4/25/2008,-1,-1,-1,73.2,,
4/26/2008,-1,-1,-1,71.7,,
4/27/2008,-1,-1,-1,70.9,,
4/28/2008,-1,-1,-1,68.9,,
4/29/2008,-1,-1,-1,67.6,,
4/30/2008,-1,-1,-1,66.2,,
5/1/2008,-1,-1,-1,65.1,,
5/2/2008,-1,-1,-1,64.2,,
5/3/2008,-1,-1,-1,63.7,,
5/4/2008,-1,-1,-1,63.2,,
5/5/2008,0,-1,0.2,62.2,,
5/6/2008,0,-1,-1,60.4,,
5/7/2008,0.7,0.6,1.8,59.4,,
5/8/2008,0,0.3,0.3,58.7,,
5/9/2008,10.6,0.2,2.7,57.9,,
5/10/2008,-1,-1,-1,57.2,,
5/11/2008,0.1,1.2,0.4,57.6,,
5/12/2008,0.1,-1,-1,57.7,,
5/13/2008,0.1,-1,-1,56.7,,
5/14/2008,0.4,-1,-1,55.7,,
5/15/2008,4.2,1.8,6.6,54.9,,
5/16/2008,-1,0.2,-1,54.7,,
5/17/2008,2.6,3.8,1.8,54.9,,
5/18/2008,0,-1,0,55.2,,
5/19/2008,-1,-1,-1,55.1,,
5/20/2008,-1,-1,-1,54.9,,
5/21/2008,-1,-1,-1,54.7,,
5/22/2008,-1,-1,-1,54.1,,
5/23/2008,-1,-1,-1,53.7,,
5/24/2008,-1,-1,-1,53.1,,
5/25/2008,-1,-1,-1,52.4,,
5/26/2008,-1,-1,-1,51.6,,
5/27/2008,-1,-1,-1,50.7,,
5/28/2008,-1,-1,-1,49.7,,
5/29/2008,-1,-1,-1,48.4,,
5/30/2008,-1,-1,-1,47.6,,
5/31/2008,-1,-1,-1,47.9,,
6/1/2008,0,-1,-1,47.4,,
6/2/2008,0.2,-1,-1,46.7,,
6/3/2008,-1,-1,-1,46.2,,
6/4/2008,-1,-1,-1,45.7,,
6/5/2008,-1,-1,-1,45.1,,
6/6/2008,0.8,-1,0.3,44.9,,
6/7/2008,-1,-1,-1,44.9,,
6/8/2008,1.4,2.8,0.9,43.1,,
6/9/2008,1.8,0.5,0.1,42.7,,
6/10/2008,10.1,2.6,1.4,42.6,,
6/11/2008,6.2,8.4,16.2,44.6,,
6/12/2008,3.8,1.9,3.9,46.2,,
6/13/2008,-1,0.7,0.7,47.9,,
6/14/2008,0.6,5.9,5.5,49.5,,
6/15/2008,-1,1.8,0,50.2,,
6/16/2008,-1,-1,0.1,51.2,,
6/17/2008,10.1,20.8,17.7,51.5,,
6/18/2008,20.1,28.6,5.1,52.2,,
6/19/2008,-1,-1,-1,61.9,,
6/20/2008,6.5,12.2,2.4,68.5,,
6/21/2008,3.9,1.8,-1,68.7,,
6/22/2008,0.2,2.1,11.1,66.5,,
6/23/2008,7.9,17.3,6.7,64,,
6/24/2008,17.4,7.3,8.7,63.2,,
6/25/2008,0,-1,-1,71.5,,
6/26/2008,0.4,7.2,0.5,74.5,,
6/27/2008,0.4,1.7,0.1,74.7,,
6/28/2008,0.8,7.8,7.4,72.9,,
6/29/2008,8.4,0.1,1.2,69,,
6/30/2008,-1,-1,-1,67.5,,
7/1/2008,2.6,6.2,1.6,68.2,,
7/2/2008,2.5,0.6,1,68.9,,
7/3/2008,1.7,1.6,16.1,67.2,,
7/4/2008,-1,-1,-1,65.4,,
7/5/2008,-1,-1,-1,66.2,,
7/6/2008,0,3,-1,66.4,,
7/7/2008,-1,-1,-1,64.2,,
7/8/2008,-1,-1,-1,60,,
7/9/2008,0.3,0.2,1,56.2,,
7/10/2008,1.2,-1,-1,54.5,,
7/11/2008,1.4,4,2.3,53,,
7/12/2008,2.2,1,-1,52.4,,
7/13/2008,-1,-1,-1,51.4,,
7/14/2008,15,16.8,9.6,50.4,,
7/15/2008,0,-1,-1,50.5,,
7/16/2008,-1,1.1,-1,54.2,,
7/17/2008,2.6,-1,0,56.2,,
7/18/2008,1.7,-1,0,56.4,,
7/19/2008,-1,-1,-1,54.9,,
7/20/2008,11.8,0.6,0.3,52,,
7/21/2008,5.8,-1,0.1,49.9,,
7/22/2008,1.2,1.2,0.8,49.2,,
7/23/2008,-1,-1,-1,52.9,,
7/24/2008,-1,-1,-1,53.2,,
7/25/2008,-1,-1,-1,53,,
7/26/2008,-1,-1,-1,51.5,,
7/27/2008,-1,-1,-1,49.2,,
7/28/2008,-1,-1,-1,47.2,,
7/29/2008,-1,-1,-1,45.9,,
7/30/2008,-1,-1,-1,45.9,,
7/31/2008,-1,-1,-1,45.9,,
8/1/2008,1,16.6,-1,44.7,,
8/2/2008,-1,2.6,1.2,44.4,,
8/3/2008,0.3,4.1,2.1,43.9,,
8/4/2008,1.2,0.7,1.3,44,,
8/5/2008,-1,-1,-1,42.9,,
8/6/2008,-1,-1,-1,42.2,,
8/7/2008,16.6,7.1,8.4,42.9,,
8/8/2008,16.4,10.9,5.4,43.2,,
8/9/2008,0,1.3,0.9,47.2,,
8/10/2008,15.6,0.2,1,54.5,,
8/11/2008,5,7.4,2.1,54.8,,
8/12/2008,1.5,16.7,3.8,54.8,,
8/13/2008,0,2.8,0,57.5,,
8/14/2008,0.1,2.3,0.5,57.7,,
8/15/2008,0.5,-1,-1,56.5,,
8/16/2008,2.1,3.4,4.3,55,,
8/17/2008,0.3,-1,0.3,53,,
8/18/2008,1,0.4,0.5,50.8,,
8/19/2008,2,0.4,0.1,49.2,,
8/20/2008,0,2.2,0,49.2,,
8/21/2008,10.4,-1,0.9,49.2,,
8/22/2008,1,0.2,-1,49.2,,
8/23/2008,-1,-1,-1,51.8,,
8/24/2008,1.9,4.6,2,52.5,,
8/25/2008,-1,-1,-1,52.7,,
8/26/2008,-1,-1,-1,51.5,,
8/27/2008,1.1,4,1,49.7,,
8/28/2008,21.6,11.3,15.5,48.2,,
8/29/2008,0,-1,-1,49.5,,
8/30/2008,0.2,-1,-1,59.5,,
8/31/2008,-1,-1,-1,61.5,,
9/1/2008,0,0.2,-1,61.7,,
9/2/2008,4.3,4.2,3.9,59.5,,
9/3/2008,7.2,5.3,6.3,56.3,,
9/4/2008,0,-1,-1,54.3,,
9/5/2008,4.3,-1,0,54.5,,
9/6/2008,4,10.4,8.5,56.5,,
9/7/2008,-1,-1,-1,56.8,,
9/8/2008,0.1,1.4,1.2,57.8,,
9/9/2008,1.4,6.5,5.3,58,,
9/10/2008,-1,-1,-1,57.3,,
9/11/2008,0,-1,-1,56.8,,
9/12/2008,0,-1,-1,56.7,,
9/13/2008,-1,-1,-1,55.5,,
9/14/2008,-1,-1,-1,54.2,,
9/15/2008,-1,-1,-1,53,,
9/16/2008,-1,-1,-1,52,,
9/17/2008,0,0.2,-1,51.3,,
9/18/2008,0,-1,-1,50.7,,
9/19/2008,0.3,-1,0.8,50,,
9/20/2008,-1,-1,0.4,49.2,,
9/21/2008,-1,-1,-1,48,,
9/22/2008,-1,-1,-1,47.2,,
9/23/2008,-1,-1,-1,47.8,,
9/24/2008,-1,-1,-1,46.7,,
9/25/2008,-1,-1,-1,46.2,,
9/26/2008,-1,-1,-1,46,,
9/27/2008,2.5,2.3,0.5,45.8,,
9/28/2008,-1,-1,-1,46,,
9/29/2008,-1,-1,-1,45.5,,
9/30/2008,1.4,0.2,0.1,45.8,,
10/1/2008,2,8.2,7.1,46.5,,
10/2/2008,11.7,5.9,8.4,47.8,,
10/3/2008,3.5,6,5.7,55.5,,
10/4/2008,15.2,-1,0.4,60.8,,
10/5/2008,7.9,7,6.9,65.1,,
10/6/2008,0,0.3,-1,68.8,,
10/7/2008,-1,-1,-1,71.8,,
10/8/2008,-1,-1,-1,72,,
10/9/2008,1.8,1.2,0.8,71.3,,
10/10/2008,0.2,-1,-1,69.6,,
10/11/2008,1.3,0.2,0.3,66.5,,
10/12/2008,-1,-1,-1,63.8,,
10/13/2008,0.4,0.8,0.2,63.6,,
10/14/2008,-1,5.8,1.4,62.6,,
10/15/2008,0.1,1.2,1.6,62.3,,
10/16/2008,11.2,15.2,13,63.6,,
10/17/2008,0.3,0.4,0.1,71.1,,
10/18/2008,-1,0.3,-1,73.8,,
10/19/2008,0.2,2.8,0,74,,
10/20/2008,-1,0.3,-1,72.5,,
10/21/2008,2.3,3.9,3.8,70.1,,
10/22/2008,-1,-1,-1,67.3,,
10/23/2008,1.3,1,0.5,65.5,,
10/24/2008,12.3,6,7.7,65,,
10/25/2008,2.4,-1,3.8,69.1,,
10/26/2008,3.2,24.6,13.8,78.1,,
10/27/2008,0.1,12.1,0.1,82.8,,
10/28/2008,2.7,10.2,2.5,83.4,,
10/29/2008,1.8,4.3,2.8,83.6,,
10/30/2008,14.1,16.1,15.8,82.1,,
10/31/2008,14,11.9,11.7,84.6,,
11/1/2008,0.8,-1,0,87.8,,
11/2/2008,-1,-1,-1,87.9,,
11/3/2008,-1,-1,0,87.6,,
11/4/2008,-1,-1,-1,86.1,,
11/5/2008,-1,-1,-1,82.8,,
11/6/2008,-1,-1,-1,80.3,,
11/7/2008,-1,-1,-1,78.4,,
11/8/2008,0.2,-1,0.9,77.1,,
11/9/2008,1.3,3.7,1.7,75.4,,
11/10/2008,6,4.6,6.3,74.1,,
11/11/2008,11.9,14.7,12.9,78.8,,
11/12/2008,0.5,12.5,0.8,83.3,,
11/13/2008,9,2.3,3.4,85.1,,
11/14/2008,3,3.7,2.8,85.3,,
11/15/2008,3,2.4,2.4,83.8,,
11/16/2008,2.2,0.4,0.8,83.1,,
11/17/2008,0,-1,-1,82.6,,
11/18/2008,5.7,4.9,11,82.1,,
11/19/2008,1.4,1,2,81.4,,
11/20/2008,0.9,0.9,0.1,80.8,,
11/21/2008,0,-1,0,80.9,,
11/22/2008,0.4,0.2,0.1,79.8,,
11/23/2008,15,35.6,9.1,77.4,,
11/24/2008,8.8,18.4,5,75.6,,
11/25/2008,-1,4.9,0.1,73.6,,
11/26/2008,3.8,3,2.9,72.6,,
11/27/2008,0.8,0.4,0.3,72.4,,
11/28/2008,0.2,1.4,2.5,77.4,,
11/29/2008,1,0.4,1.4,83.8,,
11/30/2008,1.4,4.7,4.7,85.6,,
12/1/2008,9.1,10.8,8.3,89.1,,
12/2/2008,4.1,4,6.3,90.4,,
12/3/2008,3.5,2.4,3.9,91.7,,
12/4/2008,2.7,6,3.5,91.7,,
12/5/2008,0,-1,-1,91.4,,
12/6/2008,-1,-1,-1,90.6,,
12/7/2008,0.1,-1,-1,89.1,,
12/8/2008,1.6,-1,2.5,85.8,,
12/9/2008,4.2,4.4,5,82.9,,
12/10/2008,8.7,7,5.7,80.9,,
12/11/2008,2,0.2,1.4,79.1,,
12/12/2008,-1,-1,-1,77.8,,
12/13/2008,0.1,-1,0.1,76.4,,
12/14/2008,-1,-1,-1,76.4,,
12/15/2008,-1,-1,-1,76.1,,
12/16/2008,0.2,-1,-1,75.6,,
12/17/2008,0.3,0.7,1.7,75.1,,
12/18/2008,0.3,0.3,0,73.4,,
12/19/2008,3.3,4,2.5,72.8,,
12/20/2008,1.7,2.4,1.4,75.1,,
12/21/2008,4.8,5.5,7,77.4,,
12/22/2008,2,0.8,4.1,78.8,,
12/23/2008,2.6,0.3,0.3,79.4,,
12/24/2008,0.3,-1,-1,79.6,,
12/25/2008,-1,-1,-1,78.9,,
12/26/2008,-1,-1,-1,77.4,,
12/27/2008,-1,-1,-1,74.6,,
12/28/2008,-1,-1,-1,73.4,,
12/29/2008,-1,-1,-1,72.8,,
12/30/2008,-1,-1,0.1,69.8,,
12/31/2008,-1,-1,-1,67.4,,
1/1/2009,-1,-1,-1,66.4,,
1/2/2009,-1,-1,-1,66.5,,
1/3/2009,0.2,-1,0,65,,
1/4/2009,0,-1,0,63.5,,
1/5/2009,-1,0.5,0.2,62.7,,
1/6/2009,-1,-1,0.1,61.5,,
1/7/2009,0.9,-1,-1,60.5,,
1/8/2009,6.3,6.8,6.4,59,,
1/9/2009,1.5,1.1,0.1,58.5,,
1/10/2009,-1,-1,-1,57.2,,
1/11/2009,1.9,1,0.8,55.7,,
1/12/2009,0.2,-1,-1,56,,
1/13/2009,0.5,-1,-1,63.7,,
1/14/2009,0,-1,0,66.4,,
1/15/2009,0.8,-1,0.2,72.7,,
1/16/2009,-1,-1,-1,72.9,,
1/17/2009,0,-1,-1,71.7,,
1/18/2009,5.2,2,2.5,68,,
1/19/2009,1,1.3,-1,65.4,,
1/20/2009,4.8,6.7,5.9,65.5,,
1/21/2009,-1,0.1,-1,64.9,,
1/22/2009,10,10.9,9.6,62.9,,
1/23/2009,-1,-1,0.1,62.5,,
1/24/2009,-1,0.3,-1,61.5,,
1/25/2009,1.2,1,0.7,60.7,,
1/26/2009,2,2.3,1.5,59.9,,
1/27/2009,-1,2,-1,58.9,,
1/28/2009,0,-1,0.2,58.5,,
1/29/2009,-1,-1,-1,57.9,,
1/30/2009,0,-1,0,57,,
1/31/2009,-1,-1,-1,55.4,,
2/1/2009,-1,-1,0,54.9,,
2/2/2009,-1,-1,-1,54.4,,
2/3/2009,-1,-1,-1,54,,
2/4/2009,-1,-1,-1,53.5,,
2/5/2009,1.4,0.2,0.9,53,,
2/6/2009,4.5,3.2,4.8,52.5,,
2/7/2009,1.4,1.2,1.5,52,,
2/8/2009,5,2.8,3.9,52,,
2/9/2009,-1,-1,-1,52,,
2/10/2009,-1,-1,-1,52,,
2/11/2009,-1,-1,-1,52,,
2/12/2009,1.5,0.8,0.7,51.7,,
2/13/2009,0.2,0.2,-1,51.4,,
2/14/2009,-1,-1,-1,51,,
2/15/2009,-1,-1,-1,50.2,,
2/16/2009,-1,-1,-1,49.2,,
2/17/2009,-1,-1,-1,48.5,,
2/18/2009,0.8,0.9,0.2,47.4,,
2/19/2009,1,0.5,0.6,47,,
2/20/2009,0.2,0.7,0.1,46.7,,
2/21/2009,-1,-1,0,46.4,,
2/22/2009,-1,-1,0.1,46,,
2/23/2009,0.2,0.2,0,46,,
2/24/2009,0.7,2.1,1.4,45.7,,
2/25/2009,-1,-1,-1,45.3,,
2/26/2009,2.4,2.2,2.7,45.3,,
2/27/2009,2.8,2.7,2,45,,
2/28/2009,1,0.3,0.6,44.7,,
3/1/2009,-1,-1,-1,44.7,,
3/2/2009,-1,-1,0.9,44.7,,
3/3/2009,3,2.4,2.4,44.3,,
3/4/2009,0,-1,-1,44.3,,
3/5/2009,0,-1,0,44,,
3/6/2009,-1,-1,-1,43.7,,
3/7/2009,0,-1,-1,43.7,,
3/8/2009,-1,0.3,0.4,43.3,,
3/9/2009,7.5,5.9,7.4,43.3,,
3/10/2009,1,1.6,1.2,43.3,,
3/11/2009,0.9,0.4,1,43.3,,
3/12/2009,-1,-1,-1,43,,
3/13/2009,-1,-1,-1,43,,
3/14/2009,1,1.5,0.7,42.7,,
3/15/2009,0.3,-1,-1,43,,
3/16/2009,3.7,2.6,4.3,43,,
3/17/2009,0,-1,-1,43,,
3/18/2009,-1,-1,-1,43,,
3/19/2009,-1,-1,-1,44,,
3/20/2009,0,0.7,-1,45,,
3/21/2009,-1,-1,-1,45.7,,
3/22/2009,-1,-1,-1,46.3,,
3/23/2009,3.6,1.1,4.3,46.7,,
3/24/2009,0.9,-1,0,47,,
3/25/2009,-1,-1,0,47.3,,
3/26/2009,-1,-1,0,47.2,,
3/27/2009,-1,-1,-1,46.8,,
3/28/2009,1.4,4.5,3.7,46.5,,
3/29/2009,-1,-1,-1,46.3,,
3/30/2009,3.3,1.7,2,46.7,,
3/31/2009,-1,-1,-1,46.7,,
4/1/2009,0,-1,0,50,,
4/2/2009,-1,-1,-1,59.3,,
4/3/2009,0.4,-1,0.8,66.7,,
4/4/2009,6.9,4.7,5,73.3,,
4/5/2009,4.8,3.4,1.5,80.7,,
4/6/2009,1.3,-1,0.6,84.3,,
4/7/2009,0.9,-1,0.4,87.3,,
4/8/2009,-1,-1,-1,88.3,,
4/9/2009,0.3,-1,0,88.5,,
4/10/2009,-1,-1,-1,88.2,,
4/11/2009,-1,-1,-1,87.5,,
4/12/2009,-1,-1,-1,87.2,,
4/13/2009,-1,-1,0.4,86.2,,
4/14/2009,-1,-1,-1,86,,
4/15/2009,-1,-1,-1,85.8,,
4/16/2009,-1,-1,0,85.5,,
4/17/2009,0,0.6,1.1,84.8,,
4/18/2009,-1,-1,-1,84.2,,
4/19/2009,-1,-1,-1,83.5,,
4/20/2009,-1,-1,-1,82,,
4/21/2009,-1,-1,-1,80.2,,
4/22/2009,-1,-1,-1,78.7,,
4/23/2009,-1,-1,-1,76.8,,
4/24/2009,-1,-1,-1,75.7,,
4/25/2009,-1,-1,-1,74.3,,
4/26/2009,0.3,-1,-1,74,,
4/27/2009,-1,-1,-1,75.3,,
4/28/2009,-1,-1,-1,76,,
4/29/2009,-1,-1,-1,76,,
4/30/2009,-1,-1,-1,75.7,,
5/1/2009,-1,-1,-1,75.3,,
5/2/2009,-1,-1,-1,73.7,,
5/3/2009,-1,-1,-1,72.3,,
5/4/2009,0,-1,0.1,71,,
5/5/2009,2.6,3.6,4,69.7,,
5/6/2009,-1,-1,-1,68.3,,
5/7/2009,0,0.2,-1,68,,
5/8/2009,-1,-1,-1,67.2,,
5/9/2009,6.1,6,10,66.5,,
5/10/2009,2,-1,0.2,65.5,,
5/11/2009,0,-1,2.9,65,,
5/12/2009,-1,-1,-1,65.8,,
5/13/2009,0.8,0.9,-1,65.5,,
5/14/2009,-1,-1,-1,64.8,,
5/15/2009,-1,-1,-1,63.8,,
5/16/2009,-1,-1,-1,63,,
5/17/2009,-1,-1,-1,60.3,,
5/18/2009,-1,0.7,0.8,59,,
5/19/2009,0,-1,-1,57.5,,
5/20/2009,-1,-1,-1,56.5,,
5/21/2009,35.5,-1,-1,55.8,,
5/22/2009,5.5,2,1.6,55.3,,
5/23/2009,1.5,1.4,0.5,62,,
5/24/2009,1,0.8,0.4,62.7,,
5/25/2009,-1,-1,-1,62.5,,
5/26/2009,-1,-1,-1,62.2,,
5/27/2009,1.4,1.4,2.8,61.3,,
5/28/2009,-1,-1,0.7,60,,
5/29/2009,-1,-1,-1,58.7,,
5/30/2009,-1,-1,-1,56.3,,
5/31/2009,-1,-1,-1,54.8,,
6/1/2009,-1,-1,-1,54,,
6/2/2009,-1,-1,0,53,,
6/3/2009,6.6,2.6,4.8,50.8,,
6/4/2009,19.3,22.3,21.7,50,,
6/5/2009,2.7,1.1,0.5,54.3,,
6/6/2009,0.4,-1,0.3,63.3,,
6/7/2009,-1,-1,-1,63.5,,
6/8/2009,-1,-1,-1,62.8,,
6/9/2009,0.1,-1,0.4,61.3,,
6/10/2009,-1,-1,-1,59.7,,
6/11/2009,-1,-1,-1,57.3,,
6/12/2009,1,0.8,0.5,54.5,,
6/13/2009,4.2,6.2,6.6,53.2,,
6/14/2009,2.3,3.9,6.3,52.2,,
6/15/2009,2,3.1,0.4,52,,
6/16/2009,0.1,0.7,0,52.7,,
6/17/2009,0,-1,-1,52.5,,
6/18/2009,-1,0.2,0.1,51.5,,
6/19/2009,-1,1.8,3.1,50.7,,
6/20/2009,0.5,-1,0.5,49.3,,
6/21/2009,-1,0.9,-1,48.6,,
6/22/2009,-1,-1,-1,48.5,,
6/23/2009,-1,-1,-1,47.8,,
6/24/2009,-1,-1,-1,46.8,,
6/25/2009,-1,-1,-1,46.5,,
6/26/2009,-1,-1,-1,45.3,,
6/27/2009,3.7,0.8,1,45.6,,
6/28/2009,-1,-1,-1,45.8,,
6/29/2009,-1,0.2,-1,45.3,,
6/30/2009,-1,-1,-1,45.1,,
7/1/2009,-1,-1,-1,45.3,,
7/2/2009,-1,1.9,-1,45.5,,
7/3/2009,-1,-1,0.3,44.8,,
7/4/2009,0.9,1.3,0.6,43.8,,
7/5/2009,0.8,1.4,0.3,41.6,,
7/6/2009,-1,-1,-1,42,,
7/7/2009,4.3,11.4,7.8,42.6,,
7/8/2009,0,7.6,8.8,44,,
7/9/2009,29.3,5.2,7.2,44.3,,
7/10/2009,-1,-1,-1,51.6,,
7/11/2009,24.6,12.9,9.4,56.6,,
7/12/2009,2.9,5.3,2,56.8,,
7/13/2009,17.4,26.4,32.5,58,,
7/14/2009,-1,-1,-1,72.3,,
7/15/2009,-1,-1,-1,73,,
7/16/2009,-1,-1,-1,73.6,,
7/17/2009,-1,-1,-1,71.3,,
7/18/2009,-1,-1,-1,67,,
7/19/2009,-1,1.2,1.6,63.3,,
7/20/2009,3.1,7.6,4.5,61.3,,
7/21/2009,2.1,-1,0.1,60.1,,
7/22/2009,0.1,-1,0.1,59.1,,
7/23/2009,-1,-1,-1,57.6,,
7/24/2009,11,18.6,18.9,56.6,,
7/25/2009,-1,-1,-1,55.1,,
7/26/2009,-1,-1,-1,54.1,,
7/27/2009,-1,-1,-1,54.3,,
7/28/2009,0.1,0.4,0.3,54,,
7/29/2009,0.2,-1,0,52.1,,
7/30/2009,-1,-1,-1,50,,
7/31/2009,15.5,10.3,11.6,48.6,,
8/1/2009,0.1,-1,0,47.3,,
8/2/2009,3.1,15.1,1.5,50.3,,
8/3/2009,0,0.2,-1,52.3,,
8/4/2009,-1,-1,-1,52.5,,
8/5/2009,0.4,-1,-1,51.3,,
8/6/2009,-1,-1,-1,49.5,,
8/7/2009,-1,3.4,0.6,48,,
8/8/2009,-1,-1,-1,46.8,,
8/9/2009,-1,2.4,-1,46.3,,
8/10/2009,-1,-1,-1,46.1,,
8/11/2009,0.7,2.4,0.9,45.3,,
8/12/2009,5,9.5,7.5,45,,
8/13/2009,-1,-1,-1,47.3,,
8/14/2009,-1,0.2,-1,48,,
8/15/2009,-1,0.8,0.4,47.8,,
8/16/2009,3.1,5.1,6,47.6,,
8/17/2009,4.8,0.3,0.8,47.5,,
8/18/2009,3.3,1.5,0.5,47,,
8/19/2009,-1,-1,-1,47.6,,
8/20/2009,-1,-1,-1,47.8,,
8/21/2009,-1,-1,-1,46.8,,
8/22/2009,-1,-1,-1,46.5,,
8/23/2009,-1,0.2,0.1,46.1,,
8/24/2009,-1,-1,-1,43.6,,
8/25/2009,-1,-1,-1,42.3,,
8/26/2009,9.4,9.7,8.2,44.3,,
8/27/2009,-1,7.5,-1,44.6,,
8/28/2009,0,-1,-1,46.5,,
8/29/2009,16.5,10.8,10.5,48.3,,
8/30/2009,1.2,0.6,1.2,49,,
8/31/2009,-1,-1,-1,52,,
9/1/2009,-1,-1,-1,53,,
9/2/2009,0.5,0.4,1.2,53.1,,
9/3/2009,1.2,5.7,7.8,51.6,,
9/4/2009,7.5,1.1,0.9,49.3,,
9/5/2009,-1,7,0.2,51.6,,
9/6/2009,4.6,9.6,0.8,62.3,,
9/7/2009,0.2,-1,-1,71,,
9/8/2009,0,0.2,-1,71.1,,
9/9/2009,-1,-1,-1,69.6,,
9/10/2009,-1,-1,-1,65,,
9/11/2009,-1,-1,-1,58.3,,
9/12/2009,0.2,-1,4.2,55.3,,
9/13/2009,-1,-1,-1,53.6,,
9/14/2009,-1,-1,-1,51.3,,
9/15/2009,-1,-1,-1,49.6,,
9/16/2009,0.4,3,0.2,48.5,,
9/17/2009,-1,-1,0.1,48,,
9/18/2009,0.8,0.3,-1,47.6,,
9/19/2009,0.8,-1,-1,46.8,,
9/20/2009,-1,0.4,0,46.1,,
9/21/2009,-1,-1,0,46,,
9/22/2009,1.2,0.8,3,46.3,,
9/23/2009,0,4.1,2.7,46.3,,
9/24/2009,-1,0.2,0,46.1,,
9/25/2009,-1,-1,-1,45.8,,
9/26/2009,-1,-1,0,45,,
9/27/2009,6,1.3,3.3,44.8,,
9/28/2009,0.1,0.6,0,44.1,,
9/29/2009,3.1,2.7,1.7,44.6,,
9/30/2009,0.7,3.4,1,47,,
10/1/2009,-1,0.2,0.5,47.6,,
10/2/2009,-1,0.2,0,47.8,,
10/3/2009,14.5,23.1,16.4,49.3,,
10/4/2009,1.8,17.6,7.1,64.6,,
10/5/2009,0.1,-1,0,76.3,,
10/6/2009,2.1,1.2,1.9,76.5,,
10/7/2009,8.1,13.2,11.1,73.1,,
10/8/2009,-1,-1,-1,73.6,,
10/9/2009,-1,0.8,-1,73.8,,
10/10/2009,-1,-1,0,71.5,,
10/11/2009,-1,-1,-1,68.1,,
10/12/2009,1.3,2.9,4.1,64,,
10/13/2009,-1,-1,-1,62.1,,
10/14/2009,-1,-1,-1,60.3,,
10/15/2009,0.4,0.8,0.4,59,,
10/16/2009,0.1,-1,-1,56.8,,
10/17/2009,3.5,8.8,6.5,56,,
10/18/2009,7,10.3,1.9,60.6,,
10/19/2009,-1,4.1,-1,65.6,,
10/20/2009,-1,-1,-1,67,,
10/21/2009,-1,-1,0.5,67.1,,
10/22/2009,0.1,6.8,3.4,66.1,,
10/23/2009,-1,-1,-1,62.8,,
10/24/2009,0.8,-1,0.7,62.6,,
10/25/2009,2.8,4.7,3.4,62.1,,
10/26/2009,0.5,2.5,0.8,64,,
10/27/2009,4.5,2.7,2.9,67.6,,
10/28/2009,0,-1,-1,69.3,,
10/29/2009,-1,-1,-1,70,,
10/30/2009,0,-1,-1,69.8,,
10/31/2009,-1,-1,-1,67.4,,
11/1/2009,-1,-1,-1,64.1,,
11/2/2009,-1,-1,-1,62.3,,
11/3/2009,-1,-1,-1,60.4,,
11/4/2009,0.9,1.2,1.4,58.9,,
11/5/2009,0.1,3.1,1.4,57.3,,
11/6/2009,7.1,10.4,4.9,55.9,,
11/7/2009,0.2,-1,0.2,55.6,,
11/8/2009,-1,-1,0.1,56.6,,
11/9/2009,0,1.2,0.9,57.3,,
11/10/2009,2.1,4.3,0.8,57.6,,
11/11/2009,-1,-1,0,57.4,,
11/12/2009,-1,-1,-1,56.4,,
11/13/2009,-1,0.2,-1,56.1,,
11/14/2009,0.1,-1,-1,55.4,,
11/15/2009,-1,-1,-1,56.3,,
11/16/2009,-1,-1,0.1,59.3,,
11/17/2009,4.5,2.5,0.7,62.9,,
11/18/2009,16.1,9.3,12.6,75.9,,
11/19/2009,3.5,-1,0.1,82.8,,
11/20/2009,6,8.2,7.3,83.9,,
11/21/2009,1.2,1.8,1.2,83.8,,
11/22/2009,5.3,6.9,7.9,82.9,,
11/23/2009,1,0.6,1.6,81.4,,
11/24/2009,1.5,5.8,1,81.3,,
11/25/2009,4.9,5.2,4.1,80.9,,
11/26/2009,0.5,1.5,2.7,78.9,,
11/27/2009,0,13.7,1.4,79.9,,
11/28/2009,1.4,4,1,80.6,,
11/29/2009,-1,3.4,0.1,80.3,,
11/30/2009,-1,0.4,0.2,79.3,,
12/1/2009,1,0.4,0.4,75.9,,
12/2/2009,-1,-1,-1,74.4,,
12/3/2009,0,0.2,0.4,72.4,,
12/4/2009,0.3,2.1,0.5,71.6,,
12/5/2009,0.5,2,0.5,69.9,,
12/6/2009,0.7,0.2,0.2,68.3,,
12/7/2009,0,-1,-1,67.3,,
12/8/2009,-1,0.7,-1,65.6,,
12/9/2009,0.3,-1,0.3,62.9,,
12/10/2009,0.6,1,1.3,61.8,,
12/11/2009,0.5,-1,-1,61.4,,
12/12/2009,0.5,-1,0.2,60.8,,
12/13/2009,1.3,1,0.7,59.8,,
12/14/2009,-1,-1,-1,58.1,,
12/15/2009,-1,-1,-1,57.3,,
12/16/2009,-1,-1,0.1,56.8,,
12/17/2009,-1,-1,0,56.3,,
12/18/2009,-1,-1,-1,54.4,,
12/19/2009,0.5,-1,0.2,53.4,,
12/20/2009,2.5,9.9,2.9,53.1,,
12/21/2009,4.5,3.9,4.1,52.4,,
12/22/2009,3.2,6.7,6.4,52.1,,
12/23/2009,2.9,7.6,2.9,51.8,,
12/24/2009,-1,-1,0,51.4,,
12/25/2009,6.8,10.1,2.8,51.1,,
12/26/2009,4.6,7,2.4,50.4,,
12/27/2009,2.5,1.7,1.8,49.6,,
12/28/2009,0.1,0.6,0.4,49.1,,
12/29/2009,1,0.9,3.1,48.4,,
12/30/2009,4.1,3.4,4.8,47.9,,
12/31/2009,1.5,-1,0.9,47.4,,
1/1/2010,0.5,-1,0.1,46.4,,
1/2/2010,-1,-1,0,46.5,,
1/3/2010,3,2.2,2.8,46.2,,
1/4/2010,1.9,2.4,1.2,45.9,,
1/5/2010,-1,-1,0,45.5,,
1/6/2010,0.2,0.8,1.3,45,,
1/7/2010,4.1,4.7,2.8,44.9,,
1/8/2010,-1,-1,-1,44.5,,
1/9/2010,-1,-1,-1,44.2,,
1/10/2010,-1,-1,-1,43.9,,
1/11/2010,-1,-1,0.3,43.5,,
1/12/2010,-1,-1,-1,43.2,,
1/13/2010,-1,-1,0.1,43,,
1/14/2010,-1,-1,-1,42.9,,
1/15/2010,-1,-1,-1,42.7,,
1/16/2010,1.2,-1,0.7,42.5,,
1/17/2010,0.1,-1,-1,42.2,,
1/18/2010,-1,-1,0.4,41.9,,
1/19/2010,-1,-1,-1,41.5,,
1/20/2010,-1,-1,-1,41.4,,
1/21/2010,-1,-1,-1,41.2,,
1/22/2010,0.2,-1,0.1,41,,
1/23/2010,-1,-1,-1,40.9,,
1/24/2010,0.3,-1,0.1,40.5,,
1/25/2010,0,-1,0.1,40.2,,
1/26/2010,-1,-1,-1,39.9,,
1/27/2010,0.5,-1,0.9,39.5,,
1/28/2010,1.5,2.5,0.9,39.2,,
1/29/2010,1.9,2.6,1.5,39,,
1/30/2010,2.9,5.2,5.2,38.9,,
1/31/2010,3.2,2.2,3.6,38.7,,
2/1/2010,11.4,13.4,12,38.5,,
2/2/2010,0.7,0.7,1.1,38.4,,
2/3/2010,0,-1,-1,38.2,,
2/4/2010,0,0.3,0.2,38,,
2/5/2010,0.2,-1,-1,38,,
2/6/2010,0.1,-1,0.3,37.9,,
2/7/2010,3.3,4.1,2.5,37.7,,
2/8/2010,3,3.3,2.3,37.7,,
2/9/2010,2,1.1,2.3,37.7,,
2/10/2010,0.1,-1,0.1,37.5,,
2/11/2010,0.3,-1,0.2,37.4,,
2/12/2010,0,0.4,0,37.2,,
2/13/2010,-1,-1,-1,37,,
2/14/2010,-1,-1,-1,37,,
2/15/2010,0,-1,-1,36.9,,
2/16/2010,0,-1,0.2,36.5,,
2/17/2010,1.3,0.8,1.6,36.2,,
2/18/2010,-1,-1,-1,36,,
2/19/2010,-1,1.1,0.4,36,,
2/20/2010,2.6,4.4,2.4,36,,
2/21/2010,2,1.2,0.8,35.9,,
2/22/2010,1.4,-1,0.9,36,,
2/23/2010,10.8,8.3,10,36,,
2/24/2010,0,-1,-1,35.9,,
2/25/2010,-1,-1,-1,35.7,,
2/26/2010,4,0.9,3.4,35.7,,
2/27/2010,1.5,1.3,0.8,35.7,,
2/28/2010,1.7,2.7,2.9,35.7,,
3/1/2010,7.1,8,8,35.7,,
3/2/2010,2.1,1.4,1.5,35.7,,
3/3/2010,1.5,1.4,1.5,35.7,,
3/4/2010,1,0.2,0.9,35.7,,
3/5/2010,-1,-1,-1,35.7,,
3/6/2010,0.5,0.6,0.3,35.7,,
3/7/2010,-1,-1,0.3,35.7,,
3/8/2010,0.3,0.2,0,35.7,,
3/9/2010,0.3,-1,-1,35.7,,
3/10/2010,-1,-1,-1,35.7,,
3/11/2010,2.5,2.9,1.6,35.7,,
3/12/2010,-1,0.4,-1,35.5,,
3/13/2010,0,0.5,0.1,35.7,,
3/14/2010,0,0.2,0.2,35.7,,
3/15/2010,-1,-1,-1,35.7,,
3/16/2010,-1,-1,0.1,36,,
3/17/2010,0.1,-1,0.2,36,,
3/18/2010,9,11.1,10.5,36,,
3/19/2010,2.8,2.1,3,36,,
3/20/2010,1.8,-1,0.1,36.4,,
3/21/2010,4.5,7.4,-1,36.7,,
3/22/2010,-1,-1,-1,37,,
3/23/2010,-1,-1,-1,37.4,,
3/24/2010,-1,-1,-1,37.7,,
3/25/2010,-1,-1,-1,38.4,,
3/26/2010,3,2.2,1.1,39.1,,
3/27/2010,5,9.7,5.7,40.7,,
3/28/2010,4.8,4.5,4,46.7,,
3/29/2010,0.5,1.3,2.3,47.4,,
3/30/2010,-1,-1,0.1,51.4,,
3/31/2010,1.1,1.8,0.3,56.8,,
4/1/2010,0.1,0.6,-1,66.8,,
4/2/2010,2.7,6.1,3,70.5,,
4/3/2010,6.2,5.6,7.6,74.1,,
4/4/2010,2,3.3,1.7,84.5,,
4/5/2010,0,-1,0.4,86.8,,
4/6/2010,1,2.2,2.3,88.8,,
4/7/2010,-1,-1,-1,94.2,,
4/8/2010,0.4,-1,0,94.9,,
4/9/2010,-1,-1,-1,98.2,,
4/10/2010,-1,-1,-1,98.9,,
4/11/2010,-1,-1,-1,98.7,,
4/12/2010,-1,-1,-1,98,,
4/13/2010,-1,-1,-1,97.7,,
4/14/2010,-1,-1,-1,97,,
4/15/2010,1.6,0.6,1.5,96.7,,
4/16/2010,0,6.8,2.4,95.7,,
4/17/2010,8.6,14.4,11.8,94.7,,
4/18/2010,-1,-1,-1,93.9,,
4/19/2010,-1,1.9,0.2,92.7,,
4/20/2010,-1,-1,-1,92.5,,
4/21/2010,-1,-1,-1,92.4,,
4/22/2010,2.6,6.8,7.1,91.2,,
4/23/2010,1.9,2.7,1.8,88.9,,
4/24/2010,-1,-1,-1,86.5,,
4/25/2010,-1,-1,-1,84.8,,
4/26/2010,-1,-1,-1,84.7,,
4/27/2010,-1,-1,-1,83.8,,
4/28/2010,1.2,1.8,3.2,81.3,,
4/29/2010,1.5,2.8,2.3,79.3,,
4/30/2010,4,0.6,1.4,77.5,,
5/1/2010,1.2,0.3,0.9,76.5,,
5/2/2010,-1,0.3,-1,76.5,,
5/3/2010,-1,1.9,0.5,76.5,,
5/4/2010,3.5,4.7,8.5,76,,
5/5/2010,-1,-1,-1,75.8,,
5/6/2010,-1,-1,-1,76.8,,
5/7/2010,16,21.2,16.7,77,,
5/8/2010,4.6,0.2,0.1,76.8,,
5/9/2010,0.2,-1,0,81.5,,
5/10/2010,0.2,0.9,0,83.5,,
5/11/2010,-1,-1,-1,83.7,,
5/12/2010,-1,0.2,-1,82.7,,
5/13/2010,1.2,0.3,-1,81.2,,
5/14/2010,-1,-1,-1,77.7,,
5/15/2010,1,1.9,1.7,75.8,,
5/16/2010,1,-1,-1,74.8,,
5/17/2010,0,1.5,5,74.2,,
5/18/2010,-1,-1,-1,71.7,,
5/19/2010,-1,-1,-1,70.8,,
5/20/2010,-1,-1,-1,69.7,,
5/21/2010,-1,-1,-1,68.5,,
5/22/2010,-1,11.7,3.1,66.7,,
5/23/2010,12,17.4,13.9,64.6,,
5/24/2010,5.5,1.3,3.6,65.2,,
5/25/2010,2,-1,-1,71.5,,
5/26/2010,3.5,6.3,3.6,75.5,,
5/27/2010,0.1,0.3,0.1,75.7,,
5/28/2010,5,0.3,6.9,75,,
5/29/2010,0.5,0.2,0.7,73.7,,
5/30/2010,1,-1,0.6,75.5,,
5/31/2010,-1,-1,-1,76.2,,
6/1/2010,-1,-1,-1,76.3,,
6/2/2010,-1,-1,-1,75.2,,
6/3/2010,-1,-1,-1,72.2,,
6/4/2010,0,-1,-1,69.5,,
6/5/2010,-1,-1,-1,66.7,,
6/6/2010,-1,-1,-1,63.8,,
6/7/2010,-1,-1,-1,62,,
6/8/2010,-1,-1,-1,60,,
6/9/2010,-1,-1,-1,58,,
6/10/2010,1,-1,-1,56,,
6/11/2010,11.2,6,8.6,55.3,,
6/12/2010,4.4,10.8,4.6,54.6,,
6/13/2010,4,1.8,0.8,53.8,,
6/14/2010,1.5,-1,0.1,55.5,,
6/15/2010,3.5,0.4,-1,56.1,,
6/16/2010,-1,-1,-1,56.8,,
6/17/2010,-1,-1,-1,56.6,,
6/18/2010,-1,0.8,0.7,54.8,,
6/19/2010,3.2,6.2,6.7,54.3,,
6/20/2010,-1,2.4,0.3,53.6,,
6/21/2010,0,0.8,0,52.3,,
6/22/2010,-1,-1,-1,51.8,,
6/23/2010,-1,-1,-1,50.8,,
6/24/2010,-1,-1,-1,50.5,,
6/25/2010,1.4,2.3,2,47.8,,
6/26/2010,0.5,-1,-1,47.6,,
6/27/2010,-1,-1,-1,47.1,,
6/28/2010,-1,-1,-1,47.3,,
6/29/2010,-1,-1,-1,44.5,,
6/30/2010,-1,-1,-1,46.1,,
7/1/2010,-1,-1,-1,46.3,,
7/2/2010,-1,-1,-1,44.8,,
7/3/2010,-1,-1,-1,42.8,,
7/4/2010,-1,-1,-1,43,,
7/5/2010,-1,-1,-1,42.1,,
7/6/2010,0.6,-1,1.6,42.3,,
7/7/2010,0,-1,0.2,40.8,,
7/8/2010,-1,1,0,41.5,,
7/9/2010,-1,-1,-1,41.6,,
7/10/2010,-1,-1,-1,41.8,,
7/11/2010,-1,-1,-1,42,,
7/12/2010,-1,-1,-1,39.8,,
7/13/2010,-1,-1,-1,38.2,,
7/14/2010,-1,0.9,0.1,38.3,,
7/15/2010,1.6,1.5,16.6,37.6,,
7/16/2010,0,-1,-1,37.1,,
7/17/2010,-1,-1,-1,38.5,,
7/18/2010,6.5,11.9,6.5,38.6,,
7/19/2010,-1,-1,-1,36.3,,
7/20/2010,-1,-1,-1,37.5,,
7/21/2010,-1,-1,-1,38.5,,
7/22/2010,-1,-1,1,38.8,,
7/23/2010,2,5.8,1.8,38.3,,
7/24/2010,0.5,-1,1.3,37.5,,
7/25/2010,-1,-1,0.3,34.6,,
7/26/2010,-1,-1,0,34.8,,
7/27/2010,-1,-1,-1,35.8,,
7/28/2010,-1,-1,-1,36.5,,
7/29/2010,0,-1,-1,36.1,,
7/30/2010,0.2,0.3,2,35.8,,
7/31/2010,-1,-1,-1,35.8,,
8/1/2010,-1,-1,-1,35.8,,
8/2/2010,-1,-1,-1,35.5,,
8/3/2010,0.3,0.5,0.3,36.1,,
8/4/2010,0,-1,-1,37.3,,
8/5/2010,0.4,1.6,0.4,36.3,,
8/6/2010,-1,-1,-1,35.5,,
8/7/2010,-1,-1,-1,35.6,,
8/8/2010,8.6,6,15.7,38.1,,
8/9/2010,4.7,1.1,2.5,38.8,,
8/10/2010,0.5,2.3,0.8,39.5,,
8/11/2010,-1,-1,-1,42.8,,
8/12/2010,-1,-1,-1,43.5,,
8/13/2010,-1,-1,-1,43.3,,
8/14/2010,13,4.6,13,42.6,,
8/15/2010,-1,-1,-1,42.5,,
8/16/2010,-1,-1,-1,45.2,,
8/17/2010,-1,1.1,0.5,45.5,,
8/18/2010,-1,-1,-1,45.3,,
8/19/2010,-1,-1,-1,43.8,,
8/20/2010,-1,-1,-1,42,,
8/21/2010,2.8,7.5,0.7,40.3,,
8/22/2010,0.5,-1,0.1,40.8,,
8/23/2010,0.5,-1,0,41,,
8/24/2010,9.2,16.2,8.3,39.8,,
8/25/2010,1.5,2.1,2.8,41.5,,
8/26/2010,-1,0.3,0.4,43.8,,
8/27/2010,0,0.6,-1,45.2,,
8/28/2010,0.9,4.6,6.4,45.3,,
8/29/2010,-1,-1,0.1,44.2,,
8/30/2010,-1,-1,-1,43.5,,
8/31/2010,-1,-1,3.5,41.8,,
9/1/2010,3.8,11.9,0.5,38.8,,
9/2/2010,4.1,4.6,4.8,38.1,,
9/3/2010,2.2,0.1,3,39.5,,
9/4/2010,-1,-1,-1,40.2,,
9/5/2010,0,-1,0,40.8,,
9/6/2010,-1,-1,-1,41.2,,
9/7/2010,-1,-1,-1,40.8,,
9/8/2010,-1,-1,-1,39,,
9/9/2010,0,-1,-1,38.1,,
9/10/2010,0.9,1.6,0.9,37.1,,
9/11/2010,1.5,1.9,1.7,37.5,,
9/12/2010,0,-1,0.3,41.2,,
9/13/2010,0,-1,-1,41.3,,
9/14/2010,6.5,0.9,4.4,39.8,,
9/15/2010,6.2,10.1,9.5,38.8,,
9/16/2010,4.5,1.1,3.1,39.8,,
9/17/2010,5,2.9,5.9,42.5,,
9/18/2010,2.9,7.6,5,45.5,,
9/19/2010,-1,0.4,2.5,48.5,,
9/20/2010,3,0.6,0.2,48.7,,
9/21/2010,10.3,14.9,11.9,47.8,,
9/22/2010,0.8,0.6,0.4,47.8,,
9/23/2010,0.2,-1,-1,50.5,,
9/24/2010,0,-1,-1,50.7,,
9/25/2010,-1,-1,-1,49.9,,
9/26/2010,-1,-1,-1,47.8,,
9/27/2010,-1,-1,-1,45.8,,
9/28/2010,-1,-1,-1,42.5,,
9/29/2010,-1,-1,-1,40.3,,
9/30/2010,-1,-1,-1,39.5,,
10/1/2010,-1,-1,-1,38.8,,
10/2/2010,-1,-1,-1,39.2,,
10/3/2010,-1,-1,-1,39,,
10/4/2010,-1,-1,-1,38.3,,
10/5/2010,-1,-1,-1,38,,
10/6/2010,-1,-1,-1,38.2,,
10/7/2010,-1,-1,-1,38.5,,
10/8/2010,-1,-1,-1,38.8,,
10/9/2010,-1,-1,-1,39.2,,
10/10/2010,0.6,0.2,0,39.5,,
10/11/2010,1.1,0.6,0.1,39.8,,
10/12/2010,0,-1,0,40.5,,
10/13/2010,-1,-1,0.2,40.8,,
10/14/2010,6,5.6,18.5,41.2,,
10/15/2010,1.8,-1,0.1,42.2,,
10/16/2010,-1,-1,-1,42.5,,
10/17/2010,-1,-1,0,42.5,,
10/18/2010,0.2,0.2,0.4,42.3,,
10/19/2010,0.2,1.5,0.1,42.2,,
10/20/2010,13,12.7,10.7,42.5,,
10/21/2010,0.7,2,0.8,43.2,,
10/22/2010,-1,-1,-1,45.9,,
10/23/2010,-1,0.3,-1,47.9,,
10/24/2010,4,5.1,5.8,48,,
10/25/2010,0.5,-1,0.1,47.5,,
10/26/2010,-1,-1,-1,47.5,,
10/27/2010,0.5,1.5,0.6,47.5,,
10/28/2010,0.3,2.1,0.5,47.9,,
10/29/2010,0.8,1,3,48.2,,
10/30/2010,0.8,0.5,0,48,,
10/31/2010,0,-1,-1,47.9,,
11/1/2010,-1,-1,-1,48.2,,
11/2/2010,3.5,5.1,5,48.4,,
11/3/2010,8.5,5.3,6.6,48.5,,
11/4/2010,-1,-1,-1,49.9,,
11/5/2010,-1,0.9,0.4,51.5,,
11/6/2010,0.9,-1,0.2,51.9,,
11/7/2010,0,-1,-1,51.7,,
11/8/2010,-1,-1,-1,51.5,,
11/9/2010,6,14.7,6.6,51.5,,
11/10/2010,0.1,-1,-1,51.9,,
11/11/2010,1.2,0.9,1.2,52.6,,
11/12/2010,2.5,6.6,2,52.4,,
11/13/2010,7,3.8,4.3,51.9,,
11/14/2010,1.2,1.3,0.3,58.6,,
11/15/2010,13.7,5.5,8.5,61.6,,
11/16/2010,1.2,0.2,0.3,63.2,,
11/17/2010,1.2,5.9,1,68.9,,
11/18/2010,8.8,9.5,2.6,69.3,,
11/19/2010,-1,-1,-1,69.1,,
11/20/2010,-1,0.9,0.1,68.1,,
11/21/2010,-1,0.1,-1,66.3,,
11/22/2010,-1,-1,-1,64.9,,
11/23/2010,1.7,9.4,2.4,62.6,,
11/24/2010,7,5.7,3.4,61.2,,
11/25/2010,0.3,-1,-1,59.4,,
11/26/2010,1,0.2,0.5,57.4,,
11/27/2010,0.3,-1,-1,57.2,,
11/28/2010,0,-1,-1,57.2,,
11/29/2010,0,-1,-1,57.6,,
11/30/2010,0.9,-1,0.3,57.4,,
12/1/2010,-1,-1,0,57.1,,
12/2/2010,0.3,0.7,0.5,53.9,,
12/3/2010,0.4,0.9,0.9,46.9,,
12/4/2010,0.2,0.2,0.5,43.2,,
12/5/2010,2.3,7.8,6,43.4,,
12/6/2010,5.5,8.1,3.9,44.5,,
12/7/2010,-1,5.9,1.3,45.2,,
12/8/2010,-1,-1,-1,45.6,,
12/9/2010,0.7,8,1,46.2,,
12/10/2010,-1,0.4,-1,46.9,,
12/11/2010,1.5,4.9,1.8,47.9,,
12/12/2010,-1,-1,-1,48.6,,
12/13/2010,-1,-1,-1,48.4,,
12/14/2010,-1,-1,-1,46.6,,
12/15/2010,-1,-1,-1,45.2,,
12/16/2010,2,2.7,2.3,45.9,,
12/17/2010,0.4,0.2,0.6,45.6,,
12/18/2010,0.3,1.2,0.6,44.9,,
12/19/2010,3.6,3.9,1.4,45.6,,
12/20/2010,0.5,-1,0.5,46.2,,
12/21/2010,0.4,1.3,0.2,46.4,,
12/22/2010,0,1.2,0.6,45.7,,
12/23/2010,-1,-1,-1,43.9,,
12/24/2010,-1,-1,-1,44.6,,
12/25/2010,4.9,7.1,2.6,45.2,,
12/26/2010,5.1,4.2,3.5,45.9,,
12/27/2010,0.1,0.2,0,46.6,,
12/28/2010,0,-1,-1,46.9,,
12/29/2010,-1,-1,-1,46.7,,
12/30/2010,5.5,8.5,4.7,44.6,,
12/31/2010,0.4,0.2,0.8,43.9,,
1/1/2011,0.1,1.2,0,38.3,,
1/2/2011,0.8,-1,0,38.7,,
1/3/2011,0.5,-1,-1,38.7,,
1/4/2011,0.5,-1,0.4,38.5,,
1/5/2011,0,-1,0,38.3,,
1/6/2011,1.9,3.4,3.8,38.4,,
1/7/2011,5.5,4.6,5.5,38.2,,
1/8/2011,2.6,4,5,38,,
1/9/2011,6.1,8.6,6.2,38,,
1/10/2011,0.7,-1,0.3,38,,
1/11/2011,-1,-1,0,38,,
1/12/2011,4.4,5,4.8,37.9,,
1/13/2011,3,1.6,2.3,37.7,,
1/14/2011,0.3,-1,-1,37.5,,
1/15/2011,-1,-1,-1,36.9,,
1/16/2011,3.5,5.4,6.4,36.5,,
1/17/2011,1.6,1.5,1.1,36.4,,
1/18/2011,2.9,3,2.8,36.2,,
1/19/2011,2.6,4,3.8,36,,
1/20/2011,1.3,1.6,2.2,36,,
1/21/2011,1.6,0.7,1.8,36,,
1/22/2011,1.3,2,1.2,36,,
1/23/2011,0.2,-1,0.4,35.9,,
1/24/2011,4.1,2.7,2.7,35.5,,
1/25/2011,4.8,5.9,4.3,35.2,,
1/26/2011,-1,-1,-1,35,,
1/27/2011,0,-1,-1,34.9,,
1/28/2011,-1,-1,-1,34.7,,
1/29/2011,1.5,2.5,1.1,34.7,,
1/30/2011,-1,1.4,-1,34.5,,
1/31/2011,0.6,0.3,0.2,34.4,,
2/1/2011,2.2,1.6,1.5,34.4,,
2/2/2011,1.6,1.6,1.1,34.4,,
2/3/2011,4.6,2.8,4.1,34.7,,
2/4/2011,3,3.4,4.2,35.4,,
2/5/2011,0.3,1.4,0.5,36,,
2/6/2011,0,-1,-1,36.4,,
2/7/2011,2.2,4.7,5.2,36.4,,
2/8/2011,5.5,9.5,6.7,36.4,,
2/9/2011,0,0.1,0.1,36.2,,
2/10/2011,-1,-1,-1,36,,
2/11/2011,1.4,0.8,1,35.9,,
2/12/2011,-1,-1,-1,35.2,,
2/13/2011,-1,-1,-1,35,,
2/14/2011,-1,-1,-1,34.9,,
2/15/2011,-1,-1,-1,34.7,,
2/16/2011,-1,-1,-1,34.7,,
2/17/2011,-1,-1,-1,34.7,,
2/18/2011,-1,-1,-1,34.6,,
2/19/2011,-1,-1,-1,34.4,,
2/20/2011,-1,-1,-1,34.4,,
2/21/2011,-1,-1,0,34.2,,
2/22/2011,0.1,-1,0.1,34.1,,
2/23/2011,-1,-1,-1,33.9,,
2/24/2011,0.1,-1,-1,33.6,,
2/25/2011,0.6,0.5,0.3,33.4,,
2/26/2011,-1,-1,-1,33.2,,
2/27/2011,-1,-1,-1,33.1,,
2/28/2011,-1,-1,0.1,33.1,,
3/1/2011,-1,-1,-1,33.1,,
3/2/2011,-1,-1,0,32.9,,
3/3/2011,-1,-1,0.1,32.7,,
3/4/2011,0.6,0.6,0.4,32.6,,
3/5/2011,-1,-1,-1,32.4,,
3/6/2011,-1,-1,-1,32.2,,
3/7/2011,-1,-1,0,31.9,,
3/8/2011,-1,-1,-1,31.7,,
3/9/2011,-1,-1,-1,31.6,,
3/10/2011,5.5,3.4,9.5,31.4,,
3/11/2011,3.6,4.2,3.3,31.4,,
3/12/2011,-1,-1,-1,31.4,,
3/13/2011,0,0.2,-1,31.2,,
3/14/2011,0.8,0.2,0.2,30.9,,
3/15/2011,-1,-1,-1,30.7,,
3/16/2011,-1,-1,-1,30.7,,
3/17/2011,-1,-1,-1,30.7,,
3/18/2011,-1,-1,-1,30.7,,
3/19/2011,2.7,2.1,3.4,30.7,,
3/20/2011,0.5,0.3,-1,30.6,,
3/21/2011,1.1,0.5,0.9,30.2,,
3/22/2011,0,-1,-1,30.1,,
3/23/2011,1.8,0.2,0.5,30.1,,
3/24/2011,1,1.1,0.8,30.1,,
3/25/2011,0.2,1.1,0.5,30.1,,
3/26/2011,0.2,-1,0,30.1,,
3/27/2011,2.4,4.2,1.8,29.9,,
3/28/2011,0,-1,0,29.8,,
3/29/2011,6.2,1.3,2.3,29.8,,
3/30/2011,-1,-1,-1,29.8,,
3/31/2011,-1,-1,-1,29.8,,
4/1/2011,2.2,0.6,2.1,30.1,,
4/2/2011,0,-1,-1,34.1,,
4/3/2011,0.9,1.9,0.3,38.1,,
4/4/2011,12,3.1,7,44.2,,
4/5/2011,1.2,0.6,1.5,52,,
4/6/2011,1.6,0.6,0.4,66,,
4/7/2011,9.2,12.3,10.5,80.9,,
4/8/2011,-1,-1,-1,84.6,,
4/9/2011,-1,-1,-1,87.6,,
4/10/2011,-1,-1,-1,89.4,,
4/11/2011,-1,-1,-1,92.4,,
4/12/2011,-1,-1,-1,94.2,,
4/13/2011,-1,-1,-1,96.6,,
4/14/2011,-1,-1,-1,97.9,,
4/15/2011,-1,-1,-1,98.1,,
4/16/2011,-1,-1,-1,96.9,,
4/17/2011,0,-1,-1,94.9,,
4/18/2011,-1,-1,-1,94.9,,
4/19/2011,-1,-1,-1,95.2,,
4/20/2011,1.1,0.6,0.9,95.1,,
4/21/2011,-1,-1,-1,94.2,,
4/22/2011,-1,0.7,-1,92.6,,
4/23/2011,-1,-1,-1,90.8,,
4/24/2011,-1,-1,-1,88.8,,
4/25/2011,-1,-1,-1,87.3,,
4/26/2011,0,-1,-1,84.9,,
4/27/2011,-1,-1,-1,82.1,,
4/28/2011,-1,-1,-1,80.6,,
4/29/2011,-1,-1,0,78.3,,
4/30/2011,-1,0.4,-1,75.5,,
5/1/2011,0,-1,0,74,,
5/2/2011,-1,-1,-1,71.2,,
5/3/2011,-1,-1,-1,69.2,,
5/4/2011,-1,-1,-1,67.2,,
5/5/2011,-1,-1,-1,65.3,,
5/6/2011,-1,-1,-1,63.2,,
5/7/2011,-1,-1,-1,61.4,,
5/8/2011,-1,-1,-1,59.7,,
5/9/2011,-1,-1,-1,58,,
5/10/2011,-1,-1,-1,56.7,,
5/11/2011,-1,-1,-1,55.5,,
5/12/2011,0,-1,-1,55,,
5/13/2011,-1,-1,-1,54,,
5/14/2011,-1,-1,0.1,53.2,,
5/15/2011,-1,-1,1.8,51.4,,
5/16/2011,5.3,5.1,2.8,48.1,,
5/17/2011,1.6,2.7,2.8,46.2,,
5/18/2011,-1,-1,-1,45.7,,
5/19/2011,2.9,0.9,1,46.7,,
5/20/2011,-1,-1,-1,47.4,,
5/21/2011,-1,-1,-1,48.1,,
5/22/2011,-1,-1,-1,48.7,,
5/23/2011,11,14.3,9.9,48.6,,
5/24/2011,0,1.2,-1,48.4,,
5/25/2011,5.8,-1,0.5,49.4,,
5/26/2011,-1,-1,-1,50.7,,
5/27/2011,0.9,1.3,0.9,51.4,,
5/28/2011,0.4,0.2,0.1,52.1,,
5/29/2011,0.8,2.2,1.9,52.7,,
5/30/2011,1,1.9,0.6,52.7,,
5/31/2011,-1,-1,-1,53.4,,
6/1/2011,-1,-1,-1,53.1,,
6/2/2011,-1,-1,-1,53.1,,
6/3/2011,-1,-1,-1,52.6,,
6/4/2011,0,0.7,0.1,51.9,,
6/5/2011,-1,-1,-1,51.4,,
6/6/2011,-1,-1,-1,50.4,,
6/7/2011,-1,-1,-1,48.2,,
6/8/2011,-1,-1,-1,47.7,,
6/9/2011,-1,-1,-1,48.4,,
6/10/2011,-1,-1,1.1,48.1,,
6/11/2011,-1,-1,-1,46.3,,
6/12/2011,2.4,-1,3.2,46.4,,
6/13/2011,5,2.9,2.7,46.3,,
6/14/2011,-1,0.4,2,45.9,,
6/15/2011,3.8,4.3,5.1,45.8,,
6/16/2011,-1,0.2,0,46.4,,
6/17/2011,3.8,10.8,10.4,47.4,,
6/18/2011,8,4,6,48.1,,
6/19/2011,5,3.7,4.9,48.4,,
6/20/2011,-1,0.4,-1,49.4,,
6/21/2011,14.5,-1,7.4,50.1,,
6/22/2011,-1,-1,-1,50.4,,
6/23/2011,4.3,4.4,7.2,50.4,,
6/24/2011,5.5,1.4,1.8,51.1,,
6/25/2011,0.9,0.2,0.1,51.1,,
6/26/2011,-1,-1,-1,51.7,,
6/27/2011,-1,-1,-1,51.7,,
6/28/2011,-1,-1,-1,52.1,,
6/29/2011,-1,-1,-1,52.1,,
6/30/2011,-1,-1,-1,52.4,,
7/1/2011,-1,-1,-1,52.1,,
7/2/2011,-1,-1,-1,52.1,,
7/3/2011,5,-1,-1,51.7,,
7/4/2011,-1,-1,0,50.4,,
7/5/2011,-1,-1,-1,48.3,,
7/6/2011,-1,-1,-1,45.8,,
7/7/2011,-1,-1,-1,46.1,,
7/8/2011,0.1,-1,-1,46.4,,
7/9/2011,5.5,-1,-1,46.4,,
7/10/2011,2.5,-1,-1,46.8,,
7/11/2011,5.5,24.2,7.9,46.8,,
7/12/2011,18.3,0.6,2.6,46.8,,
7/13/2011,0.1,-1,-1,48.4,,
7/14/2011,-1,2,0.4,49.1,,
7/15/2011,3.8,4.9,2.6,49.8,,
7/16/2011,0.6,-1,1.9,49.6,,
7/17/2011,-1,2.8,-1,49.8,,
7/18/2011,-1,-1,-1,49.8,,
7/19/2011,0.2,-1,1,50.1,,
7/20/2011,-1,-1,-1,50.1,,
7/21/2011,-1,-1,-1,50.1,,
7/22/2011,-1,-1,-1,50.4,,
7/23/2011,0.8,6.2,2.7,50.3,,
7/24/2011,0.4,-1,0,49.9,,
7/25/2011,-1,-1,-1,48.1,,
7/26/2011,-1,-1,-1,46.2,,
7/27/2011,-1,-1,-1,46.3,,
7/28/2011,0.8,5,8.1,46.4,,
7/29/2011,2.7,7.7,-1,46.4,,
7/30/2011,-1,-1,-1,46.4,,
7/31/2011,-1,-1,-1,46.8,,
8/1/2011,-1,-1,-1,46.6,,
8/2/2011,-1,-1,-1,45.4,,
8/3/2011,-1,-1,-1,44.8,,
8/4/2011,-1,-1,-1,43.8,,
8/5/2011,-1,-1,-1,43.8,,
8/6/2011,7.5,1.9,7.7,44.1,,
8/7/2011,4,9.4,5,44.5,,
8/8/2011,-1,0.2,-1,45.1,,
8/9/2011,3.2,4.6,3.9,45.1,,
8/10/2011,2.5,6.8,1,45.5,,
8/11/2011,0.7,3.4,6.2,45.8,,
8/12/2011,3.7,-1,-1,45.8,,
8/13/2011,0.1,-1,-1,45.8,,
8/14/2011,-1,-1,-1,45.8,,
8/15/2011,-1,-1,-1,45.8,,
8/16/2011,0.7,9.1,4.7,45.5,,
8/17/2011,3.7,-1,-1,45.8,,
8/18/2011,0.5,-1,-1,45.8,,
8/19/2011,-1,-1,-1,45.8,,
8/20/2011,-1,-1,-1,45.5,,
8/21/2011,-1,-1,-1,42.5,,
8/22/2011,0.9,8.5,9.5,42.5,,
8/23/2011,7.1,7.6,0.4,42.5,,
8/24/2011,-1,-1,-1,42.8,,
8/25/2011,-1,-1,-1,43.1,,
8/26/2011,-1,-1,-1,43.1,,
8/27/2011,-1,-1,-1,43.1,,
8/28/2011,-1,3.6,-1,43.1,,
8/29/2011,7.5,23.2,10.8,43.1,,
8/30/2011,1.6,34.9,2.1,44.1,,
8/31/2011,0.2,5.5,-1,44.8,,
9/1/2011,0.9,12.2,0.3,45.5,,
9/2/2011,4,-1,0,45.8,,
9/3/2011,0.7,3.8,0,45.8,,
9/4/2011,-1,-1,-1,45.8,,
9/5/2011,-1,-1,-1,45.8,,
9/6/2011,1.5,2.3,1.9,45.8,,
9/7/2011,1.6,1.8,2.4,45.8,,
9/8/2011,4,16.7,22.6,46.5,,
9/9/2011,1,0.5,1.1,47.8,,
9/10/2011,-1,2.6,2.6,48.5,,
9/11/2011,0.1,-1,-1,48.5,,
9/12/2011,5.9,3.4,15.3,48.5,,
9/13/2011,6,10.4,9.5,49.1,,
9/14/2011,5.6,1.9,0,49.8,,
9/15/2011,8,5.5,4,50.5,,
9/16/2011,-1,-1,-1,50.5,,
9/17/2011,0.1,-1,0.6,51.1,,
9/18/2011,-1,-1,-1,51.8,,
9/19/2011,10.1,6,6.9,51.8,,
9/20/2011,0.9,1,0.5,51.8,,
9/21/2011,16.2,11.4,14.1,51.8,,
9/22/2011,7.2,17.7,7.5,56.1,,
9/23/2011,4.1,0.4,3.1,65.4,,
9/24/2011,-1,-1,-1,66.1,,
9/25/2011,-1,-1,-1,65.9,,
9/26/2011,5.2,4.1,6.1,64.8,,
9/27/2011,-1,-1,-1,64.1,,
9/28/2011,0.3,-1,-1,61.3,,
9/29/2011,0.5,-1,0.1,61.1,,
9/30/2011,-1,-1,-1,61.1,,
10/1/2011,-1,-1,-1,60.6,,
10/2/2011,0,0.6,1.7,59.8,,
10/3/2011,3.1,10.7,8.6,59.6,,
10/4/2011,2.3,0.5,0.6,58.6,,
10/5/2011,-1,-1,-1,58.1,,
10/6/2011,13.3,5.4,6.7,58.4,,
10/7/2011,1.5,2,2.4,59.1,,
10/8/2011,0.3,0.6,-1,59.8,,
10/9/2011,5,6.2,6.4,60.1,,
10/10/2011,10.3,11.8,8.6,60.4,,
10/11/2011,0.5,0.7,0.1,69.1,,
10/12/2011,4,-1,0,74.1,,
10/13/2011,0,-1,0.1,74.2,,
10/14/2011,-1,-1,-1,73.2,,
10/15/2011,-1,-1,-1,71.4,,
10/16/2011,-1,-1,-1,70.1,,
10/17/2011,-1,-1,-1,68.1,,
10/18/2011,7.2,8,8.2,66.8,,
10/19/2011,10.5,15.9,21.1,65.8,,
10/20/2011,-1,1.4,-1,75.1,,
10/21/2011,-1,2.5,2.2,81.1,,
10/22/2011,2,3.3,0,81.2,,
10/23/2011,-1,-1,-1,79.4,,
10/24/2011,-1,-1,-1,76.6,,
10/25/2011,-1,-1,-1,73.4,,
10/26/2011,0,-1,-1,71.1,,
10/27/2011,0,-1,0.1,69.3,,
10/28/2011,0,0.2,0,68.3,,
10/29/2011,0,-1,-1,66.9,,
10/30/2011,3.2,1.8,1.2,65.9,,
10/31/2011,-1,-1,-1,64.9,,
11/1/2011,0.1,-1,-1,63.9,,
11/2/2011,-1,-1,-1,63.8,,
11/3/2011,-1,-1,-1,63.8,,
11/4/2011,-1,-1,-1,63.8,,
11/5/2011,-1,-1,-1,62.8,,
11/6/2011,0.1,0.1,0.1,62.6,,
11/7/2011,-1,-1,-1,61.8,,
11/8/2011,-1,-1,-1,60.6,,
11/9/2011,-1,-1,-1,59.8,,
11/10/2011,0.1,-1,-1,59.5,,
11/11/2011,0.3,0.2,0.5,58.3,,
11/12/2011,-1,-1,0.1,57.3,,
11/13/2011,-1,-1,-1,57,,
11/14/2011,0.4,-1,0,55.6,,
11/15/2011,-1,-1,-1,55.5,,
11/16/2011,-1,-1,0,55.5,,
11/17/2011,-1,-1,0.2,55.3,,
11/18/2011,5.3,6.9,5.9,54.8,,
11/19/2011,-1,-1,-1,55.2,,
11/20/2011,-1,-1,0.2,55.8,,
11/21/2011,0,0.4,0.2,55.8,,
11/22/2011,0.2,-1,0.2,56.1,,
11/23/2011,1.6,1.6,0.8,56.8,,
11/24/2011,2.8,3.2,2.6,57.1,,
11/25/2011,3.8,2.1,1,58.1,,
11/26/2011,2.6,3.3,2.5,58.8,,
11/27/2011,16.5,10.9,10.9,59.5,,
11/28/2011,1.4,0.2,0,73.8,,
11/29/2011,1.1,0.6,0.5,77.4,,
11/30/2011,0.3,0.2,0.3,77.6,,
12/1/2011,1.2,2.7,2.9,76.9,,
12/2/2011,0.1,3.2,1.4,75.8,,
12/3/2011,2.6,3.6,6.7,74.4,,
12/4/2011,2.8,9.7,4.4,74.1,,
12/5/2011,2.6,10.9,3.5,76.8,,
12/6/2011,0,-1,0.2,77.1,,
12/7/2011,1,0.4,2,76.9,,
12/8/2011,4.1,3.9,4.1,76.3,,
12/9/2011,6.1,6.6,20.1,75.4,,
12/10/2011,9.6,5.2,8.3,74.8,,
12/11/2011,1.2,0.3,1,82.1,,
12/12/2011,4.1,5.3,5.9,82.8,,
12/13/2011,3.2,8.7,4.5,83.4,,
12/14/2011,4.2,6.5,4.2,83.4,,
12/15/2011,3.5,11.2,4.4,85.1,,
12/16/2011,0.4,0.4,0.7,87.4,,
12/17/2011,9,19.7,13.1,87.7,,
12/18/2011,6.7,11.8,14.2,88.1,,
12/19/2011,4.2,8.6,3,91.4,,
12/20/2011,1.2,1.3,0.7,92.1,,
12/21/2011,-1,-1,-1,92.7,,
12/22/2011,-1,-1,-1,92.2,,
12/23/2011,6,5.3,10,90.4,,
12/24/2011,4.3,8.2,2.6,88.1,,
12/25/2011,5.4,7.3,5.1,86.1,,
12/26/2011,0.6,0.3,0,85.7,,
12/27/2011,1.4,1,0.3,86.1,,
12/28/2011,1.2,3.2,3.1,86.2,,
12/29/2011,3.9,4.6,13.3,86.1,,
12/30/2011,2.3,0.8,1.3,85.9,,
12/31/2011,0.4,-1,0,85.8,,
1.1.2012,0,-1,0.1,35,,
2.1.2012,2.7,10.4,9.1,30,,
3.1.2012,0,3.1,6.2,24,,
4.1.2012,6.5,4.3,6,23,,
5.1.2012,2.5,3.3,6.5,23,,
6.1.2012,0.3,7.7,1,24,,
7.1.2012,3.1,0.1,0.5,23,,
8.1.2012,3.1,3.9,2.8,21,,
9.1.2012,2.2,1.2,1.5,20,,
10.1.2012,0.2,0.7,0.4,18,,
11.1.2012,6.8,5.2,4.8,16,,
12.1.2012,8.2,13.5,11.2,16,,
13.1.2012,7.4,1.8,6.2,14,,
14.1.2012,0.8,0.2,0.9,13,,
15.1.2012,-1,-1,-1,13,,
16.1.2012,-1,-1,-1,12,,
17.1.2012,5.3,8.2,4.8,12,,
18.1.2012,-1,1.8,2.7,12,,
19.1.2012,5.3,8.5,3.4,11,,
20.1.2012,1.5,6.1,2.6,10,,
21.1.2012,1,1.6,1,10,,
22.1.2012,1.4,1.8,1.2,9,,
23.1.2012,4.2,4.2,3.3,8,,
24.1.2012,2.1,2.9,2.4,8,,
25.1.2012,0.4,0.7,0.8,8,,
26.1.2012,0.5,-1,0.6,7,,
27.1.2012,-1,-1,-1,7,,
28.1.2012,-1,-1,-1,7,,
29.1.2012,0.1,-1,-1,6,,
30.1.2012,-1,-1,-1,6,,
31.1.2012,0.2,-1,0.2,6,,
1.2.2012,-1,-1,0.2,6,,
2.2.2012,-1,-1,0.6,5,,
3.2.2012,-1,2.1,-1,5,,
4.2.2012,-1,-1,0.2,5,,
5.2.2012,1.4,1.1,0.7,5,,
6.2.2012,0.1,0.2,-1,5,,
7.2.2012,1.1,-1,0.7,5,,
8.2.2012,0,-1,-1,5,,
9.2.2012,-1,-1,-1,5,,
10.2.2012,-1,-1,-1,4,,
11.2.2012,0.1,0.5,0.3,4,,
12.2.2012,2,1,1.3,4,,
13.2.2012,0.4,-1,0.4,4,,
14.2.2012,4,9.6,6.3,4,,
15.2.2012,0.7,0.5,0.2,4,,
16.2.2012,0.5,-1,0.7,4,,
17.2.2012,2.5,0.2,2.9,4,,
18.2.2012,-1,-1,1,4,,
19.2.2012,5.3,19.4,10,4,,
20.2.2012,2.6,0.4,1.1,4,,
21.2.2012,0,1.2,0.1,4,,
22.2.2012,3.5,4.8,3.3,4,,
23.2.2012,-1,1.4,0.8,4,,
24.2.2012,1.7,1.9,2.5,4,,
25.2.2012,1.9,1.1,1.9,4,,
26.2.2012,-1,0.3,-1,4,,
27.2.2012,-1,-1,-1,4,,
28.2.2012,9.2,9.9,9.4,4,,
29.2.2012,-1,-1,-1,4,,
1.3.2012,7.4,2.7,3.5,4,,
2.3.2012,-1,0.6,-1,3,,
3.3.2012,-1,-1,-1,3,,
4.3.2012,-1,-1,-1,3,,
5.3.2012,-1,-1,-1,3,,
6.3.2012,-1,-1,-1,3,,
7.3.2012,-1,-1,-1,4,,
8.3.2012,-1,-1,-1,4,,
9.3.2012,2.5,2.7,2.7,4,,
10.3.2012,6.1,6.6,8,4,,
11.3.2012,0.5,0.2,-1,4,,
12.3.2012,-1,-1,-1,4,,
13.3.2012,0,0.8,1,4,,
14.3.2012,-1,-1,-1,4,,
15.3.2012,-1,-1,0.1,4,,
16.3.2012,-1,-1,-1,4,,
17.3.2012,-1,0.3,0.6,4,,
18.3.2012,1,1.7,3.1,4,,
19.3.2012,8,7,6,5,,
20.3.2012,0.8,-1,-1,6,,
21.3.2012,-1,0.4,-1,6,,
22.3.2012,0.3,-1,-1,7,,
23.3.2012,-1,-1,-1,7,,
24.3.2012,10,9,12,9,,
25.3.2012,-1,-1,-1,12,,
26.3.2012,3.8,2.9,2.5,13,,
27.3.2012,-1,-1,-1,16,,
28.3.2012,-1,-1,0.1,29,,
29.3.2012,0.2,-1,0.1,37,,
30.3.2012,0.7,-1,-1,41,,
31.3.2012,-1,-1,0,42,,
1.4.2012,4.9,7.8,10.2,41,,
2.4.2012,3,0.6,2.5,39,,
3.4.2012,1.1,0.8,1,34,,
4.4.2012,0.3,-1,0.1,28,,
5.4.2012,-1,-1,-1,24,,
6.4.2012,0.8,1.9,2.4,23,,
7.4.2012,-1,-1,0,21,,
8.4.2012,-1,-1,-1,20,,
9.4.2012,1.3,-1,0.4,18,,
10.4.2012,-1,-1,-1,17,,
11.4.2012,-1,-1,-1,17,,
12.4.2012,-1,-1,-1,18,,
13.4.2012,9.7,7.3,7,29,,
14.4.2012,5.4,2.9,3.5,43,,
15.4.2012,-1,-1,-1,59,,
16.4.2012,6.6,5.7,9.9,68,,
17.4.2012,1,0.4,1.3,69,,
18.4.2012,1.3,-1,-1,70,,
19.4.2012,-1,0.4,0.3,67,,
20.4.2012,1.7,9.6,7.7,62,,
21.4.2012,-1,-1,-1,61,,
22.4.2012,-1,-1,-1,61,,
23.4.2012,1.4,2.8,0.3,60,,
24.4.2012,3,6.3,1.7,59,,
25.4.2012,3,5.7,3.2,58,,
26.4.2012,3.8,3.8,3.8,55,,
27.4.2012,-1,-1,-1,54,,
28.4.2012,-1,-1,-1,50,,
29.4.2012,-1,-1,-1,45,,
30.4.2012,-1,-1,-1,38,,
1.5.2012,-1,-1,-1,33,,
2.5.2012,-1,-1,-1,28,,
3.5.2012,-1,-1,-1,24,,
4.5.2012,3.4,7.7,9,21,,
5.5.2012,-1,-1,-1,19,,
6.5.2012,9.6,24,7.2,18,,
7.5.2012,-1,-1,-1,18,,
8.5.2012,-1,-1,-1,19,,
9.5.2012,-1,-1,-1,19,,
10.5.2012,4.6,9,7.7,16,,
11.5.2012,0.5,5.1,0.2,15,,
12.5.2012,1.2,0.2,-1,15,,
13.5.2012,-1,-1,-1,14,,
14.5.2012,-1,-1,-1,13,,
15.5.2012,0,-1,-1,12,,
16.5.2012,0.3,-1,0.4,11,,
17.5.2012,12.7,15.7,16.9,10,,
18.5.2012,2.1,-1,-1,10,,
19.5.2012,-1,-1,-1,11,,
20.5.2012,-1,-1,-1,11,,
21.5.2012,-1,-1,-1,11,,
22.5.2012,-1,-1,-1,12,,
23.5.2012,-1,-1,-1,11,,
24.5.2012,-1,-1,-1,10,,
25.5.2012,1,3,2.5,9,,
26.5.2012,-1,-1,-1,8,,
27.5.2012,-1,-1,-1,7,,
28.5.2012,3.5,3.5,4.3,7,,
29.5.2012,-1,-1,-1,7,,
30.5.2012,-1,-1,-1,6,,
31.5.2012,-1,-1,-1,6,,
1.6.2012,8.1,21,10.9,5,,
2.6.2012,7.8,6.2,5.5,5,,
3.6.2012,0,0.1,2.1,5,,
4.6.2012,-1,-1,-1,5,,
5.6.2012,1,-1,-1,5,,
6.6.2012,0,-1,-1,5,,
7.6.2012,-1,-1,-1,5,,
8.6.2012,-1,-1,-1,5,,
9.6.2012,0.5,-1,1.6,5,,
10.6.2012,8.7,-1,-1,4,,
11.6.2012,-1,-1,-1,4,,
12.6.2012,-1,0.3,0.1,4,,
13.6.2012,-1,-1,-1,4,,
14.6.2012,-1,-1,-1,4,,
15.6.2012,-1,-1,-1,4,,
16.6.2012,-1,-1,-1,3,,
17.6.2012,23,19.1,22.4,3,,
18.6.2012,-1,0.3,1.2,3,,
19.6.2012,4,1.1,1.2,4,,
20.6.2012,-1,-1,-1,4,,
21.6.2012,-1,-1,-1,4,,
22.6.2012,-1,-1,-1,4,,
23.6.2012,32.1,26.4,24.4,4,,
24.6.2012,4.5,-1,2.2,4,,
25.6.2012,4.3,6.9,14.3,6,,
26.6.2012,0.1,-1,-1,8,,
27.6.2012,4.3,1.5,0.6,8,,
28.6.2012,-1,3.8,2.2,8,,
29.6.2012,-1,-1,-1,8,,
30.6.2012,0,0.5,0.7,8,,
1.7.2012,1.8,4.6,1.2,8,,
2.7.2012,-1,-1,-1,8,,
3.7.2012,-1,-1,-1,8,,
4.7.2012,-1,-1,-1,7,,
5.7.2012,-1,-1,-1,6,,
6.7.2012,-1,-1,-1,6,,
7.7.2012,2.5,-1,0.9,5,,
8.7.2012,-1,0.2,0.3,4,,
9.7.2012,0.2,-1,0.1,4,,
10.7.2012,-1,-1,-1,4,,
11.7.2012,0.4,-1,0.4,4,,
12.7.2012,22.2,17.9,8,3,,
13.7.2012,-1,-1,-1,4,,
14.7.2012,0,-1,0.5,4,,
15.7.2012,5,6.5,3,4,,
16.7.2012,3.9,14.4,11.2,4,,
17.7.2012,8.6,2.4,0.5,4,,
18.7.2012,-1,-1,-1,4,,
19.7.2012,0.3,-1,-1,4,,
20.7.2012,-1,-1,-1,5,,
21.7.2012,-1,7.1,-1,5,,
22.7.2012,-1,0.3,-1,5,,
23.7.2012,0.4,0.8,2.2,4,,
24.7.2012,0.8,0.3,0.8,4,,
25.7.2012,4.4,0.9,1.9,4,,
26.7.2012,-1,-1,-1,3,,
27.7.2012,-1,-1,-1,3,,
28.7.2012,10.4,1.3,25.4,3,,
29.7.2012,0.5,-1,3.3,4,,
30.7.2012,0.3,1.7,0.1,4,,
31.7.2012,-1,-1,-1,4,,
1.8.2012,0.3,3.5,4.7,4,,
2.8.2012,-1,-1,-1,4,,
3.8.2012,8.5,2.5,23.6,4,,
4.8.2012,0,0.3,-1,4,,
5.8.2012,-1,1.9,1.1,4,,
6.8.2012,9.9,14,9.8,4,,
7.8.2012,0.4,-1,0,4,,
8.8.2012,0,-1,0,4,,
9.8.2012,-1,-1,-1,4,,
10.8.2012,-1,-1,-1,4,,
11.8.2012,-1,-1,-1,4,,
12.8.2012,-1,-1,-1,3,,
13.8.2012,-1,-1,-1,3,,
14.8.2012,-1,-1,-1,3,,
15.8.2012,-1,-1,-1,3,,
16.8.2012,-1,-1,1.5,3,,
17.8.2012,0.2,-1,-1,3,,
18.8.2012,0,1.5,-1,3,,
19.8.2012,9.5,1.1,14.4,3,,
20.8.2012,-1,-1,-1,2,,
21.8.2012,-1,-1,-1,3,,
22.8.2012,14.3,5.5,13.2,3,,
23.8.2012,6,6.2,2.4,3,,
24.8.2012,-1,-1,-1,5,,
25.8.2012,-1,-1,0.2,6,,
26.8.2012,24,2.2,2.5,6,,
27.8.2012,0.3,3.5,7.2,6,,
28.8.2012,-1,-1,-1,10,,
29.8.2012,0.5,3.1,0.4,11,,
30.8.2012,-1,-1,-1,11,,
31.8.2012,0,-1,-1,11,,
1.9.2012,9.3,19.4,14.4,10,,
2.9.2012,1.3,0.1,0.8,9,,
3.9.2012,2.1,6,1.9,10,,
4.9.2012,0.4,0.6,0.7,10,,
5.9.2012,-1,0.2,-1,11,,
6.9.2012,-1,0.6,0,11,,
7.9.2012,4,0.4,1.5,11,,
8.9.2012,6.1,0.3,0.3,11,,
9.9.2012,-1,-1,-1,10,,
10.9.2012,-1,2.1,1.9,10,,
11.9.2012,-1,0.2,0.1,10,,
12.9.2012,6.4,3.1,2,9,,
13.9.2012,3.3,0.2,0.5,9,,
14.9.2012,1.5,16.6,5.5,9,,
15.9.2012,-1,-1,-1,9,,
16.9.2012,-1,-1,-1,9,,
17.9.2012,4.8,3.5,3.7,9,,
18.9.2012,1.5,12.3,3,8,,
19.9.2012,7.8,11,8.5,8,,
20.9.2012,-1,-1,-1,9,,
21.9.2012,2.9,6.3,2.5,10,,
22.9.2012,3.2,6.4,6,10,,
23.9.2012,40.5,25.9,46.7,11,,
24.9.2012,0.8,0.2,0.3,36,,
25.9.2012,0.2,0.4,0.4,51,,
26.9.2012,5,1.1,4.6,48,,
27.9.2012,17.5,28.8,14,42,,
28.9.2012,10,0.9,2.3,44,,
29.9.2012,2,3.9,10.7,51,,
30.9.2012,7,4,3.3,53,,
1.10.2012,3.6,2.9,2,55,,
2.10.2012,0.3,-1,-1,50,,
3.10.2012,0.2,-1,-1,44,,
4.10.2012,2.7,4.2,4.2,38,,
5.10.2012,17,9.1,12.8,34,,
6.10.2012,-1,-1,-1,38,,
7.10.2012,0.6,2.6,0.5,39,,
8.10.2012,2.1,3.5,1.3,39,,
9.10.2012,0.5,5.1,0.6,36,,
10.10.2012,4.5,0.4,3.6,32,,
11.10.2012,0.7,0.3,-1,31,,
12.10.2012,-1,-1,0.3,28,,
13.10.2012,0.4,3.2,1,26,,
14.10.2012,0.1,0.9,0.9,24,,
15.10.2012,8.8,11.2,9.8,22,,
16.10.2012,1.3,0.4,0.8,22,,
17.10.2012,12,12.9,13.6,24,,
18.10.2012,8.7,4.1,5.8,34,,
19.10.2012,0,0.3,-1,38,,
20.10.2012,-1,12.9,10,38,,
21.10.2012,-1,3.2,2.6,38,,
22.10.2012,-1,-1,-1,38,,
23.10.2012,9.1,0.2,-1,37,,
24.10.2012,0.1,-1,-1,37,,
25.10.2012,-1,0.4,1.4,33,,
26.10.2012,1.4,0.3,-1,30,,
27.10.2012,-1,-1,-1,26,,
28.10.2012,-1,-1,0.3,24,,
29.10.2012,1,3.6,0.6,21,,
30.10.2012,-1,-1,-1,20,,
31.10.2012,0.3,0.4,0.1,18,,
1.11.2012,0,0.2,-1,17,,
2.11.2012,7.5,18,11.4,17,,
3.11.2012,7.2,3.9,1.8,18,,
4.11.2012,0.5,1.5,0.3,25,,
5.11.2012,14.2,19.9,18.4,25,,
6.11.2012,9.4,2.5,6.8,27,,
7.11.2012,0.5,-1,1.3,35,,
8.11.2012,-1,-1,-1,36,,
9.11.2012,-1,-1,-1,35,,
10.11.2012,1.5,0.7,0,33,,
11.11.2012,0.3,0.7,0.9,30,,
12.11.2012,-1,-1,-1,29,,
13.11.2012,0,-1,0.4,29,,
14.11.2012,5.1,6.6,15.5,28,,
15.11.2012,4,2.5,0.9,27,,
16.11.2012,0.1,-1,0.2,28,,
17.11.2012,0.1,1.2,0.5,27,,
18.11.2012,0.4,0.9,0.5,27,,
19.11.2012,-1,-1,-1,27,,
20.11.2012,-1,2.3,0,24,,
21.11.2012,0.1,0.2,0,22,,
22.11.2012,0.4,1.6,1.9,21,,
23.11.2012,0.2,0.3,0.2,20,,
24.11.2012,1.5,-1,0.5,19,,
25.11.2012,9,1.9,3.5,18,,
26.11.2012,0.1,0.2,-1,18,,
27.11.2012,1.5,-1,0,19,,
28.11.2012,-1,0.5,0.3,19,,
29.11.2012,-1,5.1,0.1,18,,
30.11.2012,8.1,11,4.5,14,,
1.12.2012,2.6,0.2,0.7,11,,
2.12.2012,2.5,0.7,0.5,10,,
3.12.2012,0.4,2.7,0.3,9,,
4.12.2012,1.2,-1,-1,8,,
5.12.2012,-1,-1,-1,8,,
6.12.2012,2.2,1.2,1.3,7,,
7.12.2012,5.7,5.1,4.5,7,,
8.12.2012,3.3,-1,0.1,7,,
9.12.2012,0.6,-1,-1,7,,
10.12.2012,0.5,0.3,0.3,7,,
11.12.2012,5.3,9.3,5.8,6,,
12.12.2012,3.7,3.4,2.5,6,,
13.12.2012,4.6,2.1,7.7,6,,
14.12.2012,2.3,2.8,3,6,,
15.12.2012,0.8,-1,2.5,6,,
16.12.2012,4.5,4.6,8.2,6,,
17.12.2012,1,3,4.8,6,,
18.12.2012,0.1,-1,0,6,,
19.12.2012,0.3,-1,0.2,6,,
20.12.2012,0.7,-1,0.7,6,,
21.12.2012,0.3,-1,0.4,6,,
22.12.2012,-1,-1,-1,6,,
23.12.2012,-1,0.6,2,5,,
24.12.2012,1,2,1.5,5,,
25.12.2012,5.5,5.6,2.8,5,,
26.12.2012,1.7,4.5,2.6,5,,
27.12.2012,0.2,1.2,0.2,5,,
28.12.2012,-1,-1,-1,5,,
29.12.2012,1.6,1.3,1.2,5,,
30.12.2012,7.3,6.8,8.4,5,,
31.12.2012,5.5,7,9.9,5,,
1.1.2013,2.5,2.3,2.4,6,,
2.1.2013,1.1,2.2,3,9,,
3.1.2013,0.6,-1,1.3,15,,
4.1.2013,1.8,0.6,0.5,17,,
5.1.2013,-1,-1,-1,17,,
6.1.2013,-1,-1,-1,15,,
7.1.2013,1.2,0.6,1.5,14,,
8.1.2013,1.7,1.8,2.3,13,,
9.1.2013,0.4,0.4,-1,11,,
10.1.2013,0.7,1.1,0.3,9,,
11.1.2013,-1,-1,0.1,9,,
12.1.2013,-1,-1,-1,8,,
13.1.2013,-1,0.2,-1,8,,
14.1.2013,-1,-1,-1,7,,
15.1.2013,0.6,0.9,1,7,,
16.1.2013,0.6,0.2,0.4,7,,
17.1.2013,-1,-1,-1,6,,
18.1.2013,-1,-1,-1,6,,
19.1.2013,3.8,1.8,2.5,5,,
20.1.2013,0.3,0.3,-1,5,,
21.1.2013,0,-1,-1,5,,
22.1.2013,-1,-1,-1,5,,
23.1.2013,0.1,-1,-1,4,,
24.1.2013,0,-1,0.3,4,,
25.1.2013,-1,-1,-1,4,,
26.1.2013,3,3.2,2.7,4,,
27.1.2013,-1,-1,0,4,,
28.1.2013,2,1.3,1.7,4,,
29.1.2013,-1,0.6,0.6,4,,
30.1.2013,9.7,13.4,14.5,4,,
31.1.2013,3.6,0.8,2.3,4,,
1.2.2013,-1,-1,-1,5,,
2.2.2013,-1,-1,0.1,5,,
3.2.2013,-1,-1,0,5,,
4.2.2013,0,0.4,0.2,4,,
5.2.2013,0.6,4,1.3,4,,
6.2.2013,3.6,2,1.1,4,,
7.2.2013,0.6,0.3,0.5,4,,
8.2.2013,4.6,5.1,4.1,4,,
9.2.2013,4.8,5.3,4.9,4,,
10.2.2013,3.2,5.3,4.9,4,,
11.2.2013,1.9,1.1,1.2,4,,
12.2.2013,0.4,0.3,0.7,4,,
13.2.2013,1.5,1.1,0.5,4,,
14.2.2013,0.5,-1,0.2,5,,
15.2.2013,0.2,-1,0.1,5,,
16.2.2013,0,-1,0,5,,
17.2.2013,2.6,2.5,3.2,4,,
18.2.2013,2,1.4,4,4,,
19.2.2013,0.6,-1,0.1,4,,
20.2.2013,-1,-1,-1,4,,
21.2.2013,0,-1,-1,4,,
22.2.2013,0.4,1.1,0.7,4,,
23.2.2013,-1,-1,-1,4,,
24.2.2013,-1,-1,-1,4,,
25.2.2013,-1,-1,-1,4,,
26.2.2013,-1,-1,-1,4,,
27.2.2013,-1,-1,-1,3,,
28.2.2013,2.3,0.4,0.4,3,,
1.3.2013,0.1,-1,0,3,,
2.3.2013,1,5.9,3.1,4,,
3.3.2013,-1,0.2,-1,4,,
4.3.2013,0.7,1.3,2.3,4,,
5.3.2013,0.2,0.2,0.2,4,,
6.3.2013,0.2,-1,-1,4,,
7.3.2013,-1,-1,-1,4,,
8.3.2013,0.3,0.7,1.2,3,,
9.3.2013,-1,-1,-1,3,,
10.3.2013,-1,0.2,0.3,3,,
11.3.2013,0.7,0.8,0.1,3,,
12.3.2013,0.9,1.3,1.1,3,,
13.3.2013,0.9,0.5,0.3,3,,
14.3.2013,0.2,0.2,0,3,,
15.3.2013,-1,-1,-1,3,,
16.3.2013,-1,-1,-1,3,,
17.3.2013,-1,-1,-1,3,,
18.3.2013,-1,-1,-1,3,,
19.3.2013,-1,-1,-1,3,,
20.3.2013,-1,-1,-1,3,,
21.3.2013,-1,-1,-1,3,,
22.3.2013,0.2,-1,0.1,3,,
23.3.2013,-1,-1,-1,3,,
24.3.2013,-1,-1,-1,2,,
25.3.2013,-1,-1,-1,2,,
26.3.2013,-1,-1,-1,2,,
27.3.2013,-1,-1,-1,2,,
28.3.2013,-1,-1,-1,2,,
29.3.2013,-1,-1,-1,2,,
30.3.2013,-1,-1,-1,2,,
31.3.2013,-1,-1,-1,2,,
1.4.2013,-1,-1,-1,2,,
2.4.2013,-1,-1,-1,2,,
3.4.2013,-1,-1,-1,2,,
4.4.2013,-1,-1,-1,2,,
5.4.2013,-1,-1,-1,2,,
6.4.2013,-1,-1,-1,3,,
7.4.2013,1,2.7,1.9,3,,
8.4.2013,-1,-1,0,3,,
9.4.2013,-1,-1,-1,3,,
10.4.2013,-1,-1,-1,3,,
11.4.2013,0.9,0.2,-1,3,,
12.4.2013,0.1,5.3,0.8,4,,
13.4.2013,4.2,6.4,4.2,4,,
14.4.2013,0.1,-1,0,12,,
15.4.2013,3.8,3.1,2,20,,
16.4.2013,0.3,0.4,1.4,31,,
17.4.2013,1.3,0.7,0.1,45,,
18.4.2013,4.1,5.2,4.7,59,,
19.4.2013,0,1.4,0.5,86,,
20.4.2013,-1,-1,-1,99,,
21.4.2013,-1,-1,-1,86,,
22.4.2013,-1,-1,-1,77,,
23.4.2013,0.6,2.3,2.3,69,,
24.4.2013,-1,-1,-1,63,,
25.4.2013,-1,-1,-1,57,,
26.4.2013,2.9,2.8,1,50,,
27.4.2013,0,-1,0.2,43,,
28.4.2013,-1,-1,-1,36,,
29.4.2013,3,3.5,3.2,30,,
30.4.2013,3,-1,0.7,26,,
1.5.2013,-1,-1,-1,23,,
2.5.2013,-1,-1,-1,20,,
3.5.2013,-1,-1,-1,17,,
4.5.2013,-1,-1,-1,14,,
5.5.2013,1.8,1.1,0.2,12,,
6.5.2013,-1,-1,-1,11,,
7.5.2013,-1,-1,-1,10,,
8.5.2013,-1,2.2,2.9,8,,
9.5.2013,1.1,-1,0,7,,
10.5.2013,12.6,-1,-1,7,,
11.5.2013,-1,-1,-1,6,,
12.5.2013,-1,-1,-1,6,,
13.5.2013,3,1.2,1.5,6,,
14.5.2013,-1,-1,-1,5,,
15.5.2013,-1,-1,-1,5,,
16.5.2013,-1,-1,-1,4,,
17.5.2013,5,0.9,-1,4,,
18.5.2013,0,17.6,0,4,,
19.5.2013,2,-1,-1,4,,
20.5.2013,-1,-1,-1,4,,
21.5.2013,-1,-1,-1,4,,
22.5.2013,2.5,11,8.5,4,,
23.5.2013,3.5,3,4.6,4,,
24.5.2013,-1,-1,-1,4,,
25.5.2013,-1,-1,-1,4,,
26.5.2013,0.1,-1,0,4,,
27.5.2013,-1,-1,-1,4,,
28.5.2013,-1,-1,-1,3,,
29.5.2013,-1,-1,-1,3,,
30.5.2013,0,-1,0.1,3,,
31.5.2013,0.5,-1,-1,3,,
1.6.2013,-1,-1,-1,2,,
2.6.2013,-1,-1,-1,2,,
3.6.2013,-1,-1,-1,2,,
4.6.2013,-1,-1,-1,2,,
5.6.2013,-1,-1,2.6,2,,
6.6.2013,-1,0.7,0.4,2,,
7.6.2013,15.6,4.7,0.6,2,,
8.6.2013,-1,-1,-1,2,,
9.6.2013,-1,-1,0,2,,
10.6.2013,13,10.2,6.5,2,,
11.6.2013,0,1.2,0.1,2,,
12.6.2013,0,5.1,1.3,3,,
13.6.2013,6.5,3.8,8.5,3,,
14.6.2013,7.9,2.5,10.1,3,,
15.6.2013,0.3,-1,-1,3,,
16.6.2013,5.7,5.7,5.9,3,,
17.6.2013,-1,5.1,1.2,3,,
18.6.2013,-1,1,-1,3,,
19.6.2013,-1,-1,-1,3,,
20.6.2013,0.2,0.2,0.1,4,,
21.6.2013,-1,-1,0.2,4,,
22.6.2013,-1,4,-1,4,,
23.6.2013,-1,-1,-1,3,,
24.6.2013,-1,-1,0.6,3,,
25.6.2013,-1,0.1,5,3,,
26.6.2013,-1,-1,-1,2,,
27.6.2013,28.4,0.2,0.5,2,,
28.6.2013,-1,-1,-1,2,,
29.6.2013,5.8,2.5,4.7,3,,
30.6.2013,2.3,1.7,1,3,,
1.7.2013,11.4,4.1,8.8,3,,
2.7.2013,0.6,-1,-1,3,,
3.7.2013,-1,-1,-1,3,,
4.7.2013,0.2,-1,-1,3,,
5.7.2013,-1,-1,0.7,3,,
6.7.2013,0.7,1.2,0.4,3,,
7.7.2013,-1,-1,-1,3,,
8.7.2013,-1,-1,0.2,3,,
9.7.2013,-1,-1,-1,3,,
10.7.2013,16.7,-1,5.6,2,,
11.7.2013,-1,-1,-1,2,,
12.7.2013,-1,-1,-1,2,,
13.7.2013,-1,-1,-1,2,,
14.7.2013,0,-1,-1,2,,
15.7.2013,-1,0.1,-1,2,,
16.7.2013,0,-1,-1,2,,
17.7.2013,-1,-1,-1,2,,
18.7.2013,19,4.7,5.8,2,,
19.7.2013,5.7,15.7,9.9,2,,
20.7.2013,-1,-1,0.7,2,,
21.7.2013,1.5,8.3,0.7,3,,
22.7.2013,1.5,0.9,1.1,3,,
23.7.2013,-1,-1,-1,2,,
24.7.2013,-1,-1,-1,2,,
25.7.2013,-1,-1,-1,2,,
26.7.2013,-1,-1,-1,2,,
27.7.2013,-1,-1,-1,2,,
28.7.2013,-1,-1,-1,2,,
29.7.2013,-1,-1,0.7,2,,
30.7.2013,0.4,0.1,0.8,2,,
31.7.2013,0,0.4,3.3,2,,
1.8.2013,15,13.4,1.1,2,,
2.8.2013,0.2,1.6,0.3,2,,
3.8.2013,-1,-1,-1,2,,
4.8.2013,-1,-1,-1,2,,
5.8.2013,-1,-1,-1,2,,
6.8.2013,-1,-1,-1,2,,
7.8.2013,9.7,10.7,5.8,2,,
8.8.2013,9.7,25.4,14.1,2,,
9.8.2013,0.2,-1,-1,2,,
10.8.2013,0.2,-1,1,3,,
11.8.2013,-1,5.8,-1,3,,
12.8.2013,0.2,11.6,0.8,3,,
13.8.2013,14.7,30.9,14.5,3,,
14.8.2013,54,11.4,21.4,3,,
15.8.2013,9.2,5,1,13,,
16.8.2013,0.7,0.7,-1,25,,
17.8.2013,1.1,1.3,1.9,25,,
18.8.2013,-1,0.3,0.1,18,,
19.8.2013,2.4,4.9,5.2,13,,
20.8.2013,-1,-1,-1,11,,
21.8.2013,-1,-1,-1,10,,
22.8.2013,0.3,-1,0.1,9,,
23.8.2013,-1,-1,-1,8,,
24.8.2013,-1,-1,-1,7,,
25.8.2013,-1,-1,-1,6,,
26.8.2013,-1,-1,-1,5,,
27.8.2013,-1,-1,-1,4,,
28.8.2013,-1,-1,-1,4,,
29.8.2013,-1,-1,-1,3,,
30.8.2013,-1,-1,0.3,3,,
31.8.2013,-1,4,1.6,2,,
1.9.2013,16.9,1.3,4.3,2,,
2.9.2013,0.1,0.4,-1,2,,
3.9.2013,-1,-1,-1,3,,
4.9.2013,-1,-1,-1,3,,
5.9.2013,-1,-1,-1,3,,
6.9.2013,-1,-1,-1,3,,
7.9.2013,-1,-1,-1,3,,
8.9.2013,-1,-1,-1,2,,
9.9.2013,4.5,2.1,8.4,2,,
10.9.2013,-1,0.3,0.3,3,,
11.9.2013,0.4,0.2,0.1,3,,
12.9.2013,1.5,-1,13.7,3,,
13.9.2013,-1,-1,-1,3,,
14.9.2013,-1,-1,-1,4,,
15.9.2013,-1,-1,-1,4,,
16.9.2013,-1,-1,-1,3,,
17.9.2013,-1,-1,-1,3,,
18.9.2013,4,2.4,4.7,3,,
19.9.2013,0.3,2.9,0.3,2,,
20.9.2013,9.6,1.8,6.6,3,,
21.9.2013,1.3,0.1,1,3,,
22.9.2013,5.3,0.9,0.5,8,,
23.9.2013,1.5,0.4,1.1,11,,
24.9.2013,0,-1,-1,9,,
25.9.2013,0.7,0.2,0.1,8,,
26.9.2013,1.5,0.5,0.8,6,,
27.9.2013,1.1,2.1,1.1,5,,
28.9.2013,-1,-1,-1,4,,
29.9.2013,-1,-1,-1,4,,
30.9.2013,-1,-1,-1,4,,
1.10.2013,-1,-1,-1,4,,
2.10.2013,0,-1,-1,3,,
3.10.2013,-1,-1,-1,3,,
4.10.2013,-1,-1,-1,3,,
5.10.2013,0.8,0.4,0.7,3,,
6.10.2013,0.8,0.1,0.4,3,,
7.10.2013,-1,-1,0.2,2,,
8.10.2013,3.8,6.5,5.4,2,,
9.10.2013,3.5,3.1,1.4,3,,
10.10.2013,4.9,-1,0.4,3,,
11.10.2013,-1,-1,-1,3,,
12.10.2013,-1,-1,-1,4,,
13.10.2013,-1,-1,-1,4,,
14.10.2013,-1,-1,-1,4,,
15.10.2013,-1,-1,-1,3,,
16.10.2013,-1,-1,-1,3,,
17.10.2013,23.5,19.4,22.9,3,,
18.10.2013,8.8,3.4,4,4,,
19.10.2013,1.8,0.1,0.3,16,,
20.10.2013,-1,-1,-1,18,,
21.10.2013,-1,-1,-1,13,,
22.10.2013,7.3,3.4,8,9,,
23.10.2013,6.5,4.8,5.1,8,,
24.10.2013,1.6,0.9,0.7,13,,
25.10.2013,0.4,-1,-1,20,,
26.10.2013,7.8,5.4,7.2,19,,
27.10.2013,5.6,3.8,5.8,19,,
28.10.2013,11.6,14.7,14.1,20,,
29.10.2013,2.1,5.8,3.9,29,,
30.10.2013,-1,-1,-1,38,,
31.10.2013,1.8,1.8,2.5,32,,
1.11.2013,3.9,9.1,4.4,25,,
2.11.2013,2.3,2.4,0.8,25,,
3.11.2013,1.2,9.3,5,25,,
4.11.2013,13.8,19.5,11.8,25,,
5.11.2013,4.1,11.7,6.1,38,,
6.11.2013,0.5,-1,0.4,44,,
7.11.2013,1.8,6.1,5,37,,
8.11.2013,1.2,1.8,1,31,,
9.11.2013,5.7,10.9,8.8,28,,
10.11.2013,2.5,0.1,1.8,30,,
11.11.2013,-1,-1,-1,33,,
12.11.2013,4.7,6.2,4.6,30,,
13.11.2013,-1,-1,-1,28,,
14.11.2013,-1,-1,-1,27,,
15.11.2013,3.1,3.1,2.2,24,,
16.11.2013,-1,-1,-1,22,,
17.11.2013,-1,-1,-1,21,,
18.11.2013,0.6,2.2,2,19,,
19.11.2013,6.7,4.1,7,17,,
20.11.2013,1.3,1.9,3.3,17,,
21.11.2013,14.4,19.3,10.6,21,,
22.11.2013,0.2,-1,0.4,32,,
23.11.2013,0.3,0.9,0.7,37,,
24.11.2013,-1,-1,-1,31,,
25.11.2013,-1,-1,0,25,,
26.11.2013,2.2,1.7,1.7,22,,
27.11.2013,0,0.4,0,20,,
28.11.2013,0.5,-1,0.2,18,,
29.11.2013,-1,-1,0.1,18,,
30.11.2013,1.9,0.6,1.9,16,,
1.12.2013,2.1,2.7,0.1,14,,
2.12.2013,-1,0.3,0.4,15,,
3.12.2013,0.9,-1,-1,18,,
4.12.2013,-1,-1,-1,12,,
5.12.2013,3.5,5.6,7.2,10,,
6.12.2013,6,3,3,10,,
7.12.2013,0.6,0.1,0.7,10,,
8.12.2013,-1,-1,-1,9,,
9.12.2013,0.2,-1,0.1,8,,
10.12.2013,1.9,1.6,1.7,7,,
11.12.2013,-1,-1,-1,7,,
12.12.2013,-1,0.9,-1,8,,
13.12.2013,-1,-1,-1,9,,
14.12.2013,-1,-1,0,12,,
15.12.2013,3.2,4,4.3,11,,
16.12.2013,0.2,2.7,0.5,10,,
17.12.2013,-1,-1,-1,12,,
18.12.2013,-1,-1,-1,16,,
19.12.2013,0.4,1.5,1.9,15,,
20.12.2013,4.2,1.7,2.2,13,,
21.12.2013,2.7,2.4,2.6,14,,
22.12.2013,2,2.4,2.5,18,,
23.12.2013,3,2.2,2,27,,
24.12.2013,4,5,6.7,31,,
25.12.2013,8,4.5,6.3,31,,
26.12.2013,1.5,1.8,0.8,33,,
27.12.2013,1.5,1.7,1.8,36,,
28.12.2013,3.6,2.2,4.4,34,,
29.12.2013,0.2,0.3,0.2,33,,
30.12.2013,0.3,-1,0.1,31,,
31.12.2013,0.8,0.9,0.3,27,,
1.1.2014,1.3,0.5,0.4,23.9,,
2.1.2014,0,0.5,0.5,21.8,,
3.1.2014,0.1,0.1,0.1,20.4,,
4.1.2014,2.8,2.8,4.2,18.7,,
5.1.2014,0.3,0.3,0.3,17.3,,
6.1.2014,0.6,0.1,0.4,19.1,,
7.1.2014,13.6,14.4,12.7,18.9,,
8.1.2014,4.9,2.1,4.7,20.9,,
9.1.2014,0.8,4.8,2.9,36.1,,
10.1.2014,4.4,6,2.5,39.1,,
11.1.2014,0.9,1.1,2,37.2,,
12.1.2014,0.4,0.2,0.6,30.6,,
13.1.2014,0,-1,-1,24,,
14.1.2014,-1,-1,-1,21.3,,
15.1.2014,0,-1,0,19.5,,
16.1.2014,0.3,-1,-1,16.4,,
17.1.2014,-1,-1,-1,14.5,,
18.1.2014,-1,-1,-1,13,,
19.1.2014,-1,-1,-1,11.5,,
20.1.2014,0.5,-1,0.2,9.6,,
21.1.2014,0.2,-1,-1,8.9,,
22.1.2014,-1,-1,-1,7.8,,
23.1.2014,0,-1,-1,6.6,,
24.1.2014,-1,-1,-1,5.8,,
25.1.2014,0.3,-1,-1,4.9,,
26.1.2014,0.3,-1,0.2,4.6,,
27.1.2014,0.8,-1,0.5,4.2,,
28.1.2014,0.3,-1,0.4,4,,
29.1.2014,0.1,-1,0.1,3.7,,
30.1.2014,-1,-1,-1,3.5,,
31.1.2014,3.4,7,6.3,3.4,,
1.2.2014,2.4,0.8,2.5,3.2,,
2.2.2014,2.5,0.5,1.8,3.1,,
3.2.2014,-1,0.4,0.2,3,,
4.2.2014,0,-1,-1,2.9,,
5.2.2014,-1,-1,-1,2.8,,
6.2.2014,-1,-1,-1,2.8,,
7.2.2014,0.6,2.5,3.4,2.7,,
8.2.2014,2.4,2.7,1.2,2.6,,
9.2.2014,0.1,0.6,1.3,2.5,,
10.2.2014,4.3,5.6,5.9,2.5,,
11.2.2014,3.1,2.1,2.2,2.5,,
12.2.2014,1.2,1.6,1.2,2.6,,
13.2.2014,0,-1,-1,2.6,,
14.2.2014,0.1,-1,0.2,2.7,,
15.2.2014,0.5,0.9,1,2.8,,
16.2.2014,0.1,1.9,0.8,2.9,,
17.2.2014,1.1,1.3,1,3.1,,
18.2.2014,0.1,0.4,0.1,3.2,,
19.2.2014,0,0.2,-1,3.5,,
20.2.2014,0,-1,0.2,3.8,,
21.2.2014,1.7,0.7,1.3,4.2,,
22.2.2014,1.4,1.5,0.8,5,,
23.2.2014,0.1,0.2,-1,6.2,,
24.2.2014,-1,-1,-1,13.9,,
25.2.2014,-1,-1,-1,20.8,,
26.2.2014,-1,-1,-1,16.3,,
27.2.2014,0,0.1,0.2,10.9,,
28.2.2014,-1,-1,-1,9.2,,
1.3.2014,-1,-1,-1,8.6,,
2.3.2014,0.3,1.5,1.4,7.8,,
3.3.2014,2,2.4,1.8,7.4,,
4.3.2014,-1,-1,-1,8,,
5.3.2014,-1,-1,-1,9,,
6.3.2014,-1,-1,-1,8.3,,
7.3.2014,1.1,2.1,2.9,7.6,,
8.3.2014,2.3,1.6,2.2,9.6,,
9.3.2014,-1,-1,1.2,18.5,,
10.3.2014,2.8,2.3,2.7,17.6,,
11.3.2014,-1,-1,-1,20.6,,
12.3.2014,-1,-1,-1,21.3,,
13.3.2014,-1,-1,-1,19.6,,
14.3.2014,3.9,5.7,5.2,19.6,,
15.3.2014,5,4.6,3.4,18,,
16.3.2014,0.3,-1,0.2,15.4,,
17.3.2014,-1,-1,-1,13.3,,
18.3.2014,1.1,1.2,0.4,11.3,,
19.3.2014,0,-1,0,10.8,,
20.3.2014,2.9,2.7,5.1,9.6,,
21.3.2014,0.1,1,-1,9.5,,
22.3.2014,-1,-1,-1,14.7,,
23.3.2014,0,0.6,0.5,18.9,,
24.3.2014,-1,-1,-1,18.6,,
25.3.2014,-1,-1,-1,17.5,,
26.3.2014,-1,-1,-1,16,,
27.3.2014,-1,-1,-1,14.3,,
28.3.2014,-1,-1,-1,13,,
29.3.2014,-1,-1,-1,12.1,,
30.3.2014,-1,-1,-1,11.6,,
31.3.2014,0,-1,-1,11.2,,
1.4.2014,0.2,-1,0.1,10.5,,
2.4.2014,-1,-1,0,9.6,,
3.4.2014,-1,-1,-1,8.9,,
4.4.2014,-1,-1,0,8.4,,
5.4.2014,-1,0.2,0.2,7.8,,
6.4.2014,3.6,1.7,0.4,7.6,,
7.4.2014,-1,0.1,0.1,7.7,,
8.4.2014,-1,-1,-1,7.9,,
9.4.2014,-1,-1,-1,8,,
10.4.2014,-1,-1,-1,7.7,,
11.4.2014,5.2,4.5,3.5,7.3,,
12.4.2014,-1,-1,0.1,7.5,,
13.4.2014,1.7,1.6,1.7,9.3,,
14.4.2014,1.8,0.1,0.8,11.7,,
15.4.2014,-1,-1,-1,13.7,,
16.4.2014,-1,-1,-1,15.7,,
17.4.2014,-1,-1,-1,14.8,,
18.4.2014,-1,-1,-1,13.6,,
19.4.2014,-1,-1,-1,13.1,,
20.4.2014,-1,-1,-1,12.5,,
21.4.2014,-1,-1,-1,11.9,,
22.4.2014,-1,-1,-1,11.5,,
23.4.2014,-1,-1,-1,10.8,,
24.4.2014,-1,-1,-1,10.2,,
25.4.2014,-1,-1,-1,8.9,,
26.4.2014,-1,-1,-1,8.2,,
27.4.2014,-1,-1,-1,7.6,,
28.4.2014,-1,-1,-1,7.1,,
29.4.2014,-1,-1,-1,6.7,,
30.4.2014,-1,-1,-1,6.4,,
1.5.2014,0.5,3.6,1,6.2,,
2.5.2014,1,0.3,-1,6.1,,
3.5.2014,0,1,-1,5.8,,
4.5.2014,2.3,2.9,4,5.6,,
5.5.2014,-1,0.4,-1,5.3,,
6.5.2014,-1,-1,-1,5.3,,
7.5.2014,-1,1.2,0.3,5.2,,
8.5.2014,4.4,7.1,5.4,4.9,,
9.5.2014,8.3,7.9,9,4.9,,
10.5.2014,3.4,7,1.4,6.9,,
11.5.2014,4.8,1.7,4,10.8,,
12.5.2014,0.4,0.8,0.6,12.3,,
13.5.2014,21.3,14.5,9.3,13.8,,
14.5.2014,-1,-1,-1,22.1,,
15.5.2014,-1,-1,-1,30,,
16.5.2014,0.2,-1,0.1,23.3,,
17.5.2014,-1,-1,-1,17.1,,
18.5.2014,-1,-1,-1,13.9,,
19.5.2014,-1,0.2,0.2,12,,
20.5.2014,0.8,0.7,1,10.6,,
21.5.2014,4.5,1.5,1.1,9.1,,
22.5.2014,-1,-1,-1,8.1,,
23.5.2014,-1,-1,-1,7.7,,
24.5.2014,-1,-1,-1,6.8,,
25.5.2014,1.4,-1,-1,5.8,,
26.5.2014,0.4,0.1,-1,5.2,,
27.5.2014,10.6,5.5,3.7,5.2,,
28.5.2014,9.5,15.5,7,4.8,,
29.5.2014,4.7,1.2,3,6.1,,
30.5.2014,-1,-1,-1,10.4,,
31.5.2014,0.1,-1,-1,11.8,,
1.6.2014,-1,-1,-1,9,,
2.6.2014,-1,-1,-1,7.1,,
3.6.2014,0.2,0.1,0.4,6,,
4.6.2014,-1,-1,-1,5.3,,
5.6.2014,-1,1,0.9,4.8,,
6.6.2014,-1,-1,1.7,4.3,,
7.6.2014,11.5,0.4,7.3,4,,
8.6.2014,-1,-1,-1,4.1,,
9.6.2014,4.1,3.6,9,5.2,,
10.6.2014,9.5,5.9,9,6.5,,
11.6.2014,-1,0.8,2.8,6.8,,
12.6.2014,12.5,10.5,13.3,6.6,,
13.6.2014,0.7,2.2,3.7,5.8,,
14.6.2014,0.1,-1,14.3,8.9,,
15.6.2014,-1,-1,-1,9.4,,
16.6.2014,9.5,4.1,4,7.4,,
17.6.2014,0.4,-1,0.3,6.9,,
18.6.2014,-1,0.4,-1,7.7,,
19.6.2014,5.5,2.2,2.5,7.5,,
20.6.2014,-1,0.6,0.1,6.8,,
21.6.2014,9,0.7,0.6,6.5,,
22.6.2014,19.6,12.4,11,6.1,,
23.6.2014,4.5,1.1,1.9,8.3,,
24.6.2014,7.8,3.5,5,16.5,,
25.6.2014,-1,-1,-1,18.2,,
26.6.2014,0.5,9.3,1.8,16.8,,
27.6.2014,0.3,0.1,4.9,12.5,,
28.6.2014,-1,-1,0.1,10.6,,
29.6.2014,4,18.5,8.9,10.2,,
30.6.2014,3.4,0.3,0.7,10,,
1.7.2014,4.9,7,3.6,12.6,,
2.7.2014,3.8,0.3,0.6,13.2,,
3.7.2014,2.1,1.5,0.7,13.4,,
4.7.2014,-1,-1,0,12.3,,
5.7.2014,-1,-1,-1,11,,
6.7.2014,-1,-1,-1,9.4,,
7.7.2014,-1,-1,-1,7.5,,
8.7.2014,-1,-1,-1,6.5,,
9.7.2014,4,0.3,2.8,5.5,,
10.7.2014,-1,-1,-1,5,,
11.7.2014,-1,-1,-1,4.4,,
12.7.2014,-1,-1,-1,3.9,,
13.7.2014,-1,-1,-1,3.5,,
14.7.2014,2.5,4.6,2,2.8,,
15.7.2014,-1,-1,0.1,3.2,,
16.7.2014,3.5,-1,3.5,3.2,,
17.7.2014,0.1,-1,-1,2.8,,
18.7.2014,0,-1,-1,2.9,,
19.7.2014,0.5,-1,0.1,3.2,,
20.7.2014,-1,-1,1.3,3.5,,
21.7.2014,-1,-1,-1,3.5,,
22.7.2014,-1,-1,-1,3.6,,
23.7.2014,-1,-1,-1,3.1,,
24.7.2014,-1,-1,6.4,3.6,,
25.7.2014,-1,-1,-1,3.2,,
26.7.2014,-1,-1,-1,3.3,,
27.7.2014,-1,-1,-1,3.1,,
28.7.2014,0.5,-1,3.5,2.8,,
29.7.2014,0.2,0.5,7.7,2.5,,
30.7.2014,0.5,2.9,0.4,2.8,,
31.7.2014,0.1,-1,0.5,2.8,,
1.8.2014,-1,-1,-1,2.6,,
2.8.2014,-1,-1,-1,2.6,,
3.8.2014,-1,-1,-1,2.5,,
4.8.2014,-1,-1,-1,2.4,,
5.8.2014,-1,-1,-1,2.3,,
6.8.2014,-1,-1,-1,2.1,,
7.8.2014,0.7,-1,-1,2.1,,
8.8.2014,-1,-1,-1,2.1,,
9.8.2014,-1,-1,-1,2.4,,
10.8.2014,-1,-1,-1,2.3,,
11.8.2014,7.2,7.9,16.6,2.3,,
12.8.2014,-1,4.1,-1,2,,
13.8.2014,0.4,12.5,11.9,2.3,,
14.8.2014,-1,-1,4.2,2.8,,
15.8.2014,1.9,9,0.7,2.8,,
16.8.2014,3,9,0.2,2.3,,
17.8.2014,2.3,0.8,5.8,1.6,,
18.8.2014,17.7,2.1,15.2,2,,
19.8.2014,5.7,4,8.6,3.2,,
20.8.2014,8.4,23.4,13.5,4.2,,
21.8.2014,5.1,0.2,0.3,4.8,,
22.8.2014,0.1,2.6,8.5,4.8,,
23.8.2014,0.4,2.6,1.5,4.1,,
24.8.2014,0.7,0.4,2.6,3.2,,
25.8.2014,9.4,12.9,7.8,2.8,,
26.8.2014,3.2,0.6,9.4,2.9,,
27.8.2014,2.9,1.3,5.9,4.1,,
28.8.2014,2.1,2.3,0.8,5.3,,
29.8.2014,2.2,2.1,1.1,5,,
30.8.2014,0.1,-1,-1,4.2,,
31.8.2014,-1,-1,-1,3.8,,
1.9.2014,-1,-1,-1,3.3,,
2.9.2014,0.1,-1,-1,3.1,,
3.9.2014,-1,1.5,-1,2.9,,
4.9.2014,-1,-1,-1,2.7,,
5.9.2014,-1,-1,-1,2.5,,
6.9.2014,-1,-1,-1,2.5,,
7.9.2014,-1,-1,-1,2.5,,
8.9.2014,-1,-1,-1,2.2,,
9.9.2014,4.2,2.4,3.7,1.6,,
10.9.2014,-1,1.6,-1,1.8,,
11.9.2014,-1,-1,-1,1.6,,
12.9.2014,-1,-1,-1,1.8,,
13.9.2014,-1,-1,-1,2,,
14.9.2014,-1,-1,-1,2.2,,
15.9.2014,-1,-1,-1,1.6,,
16.9.2014,-1,-1,-1,1.5,,
17.9.2014,-1,-1,-1,1.4,,
18.9.2014,-1,-1,-1,1.6,,
19.9.2014,-1,-1,-1,1.4,,
20.9.2014,-1,0.1,-1,1.2,,
21.9.2014,1.3,-1,-1,1.3,,
22.9.2014,8.9,28.3,11.1,1.4,,
23.9.2014,2.1,-1,0.6,1.7,,
24.9.2014,0.8,15.2,1.1,2,,
25.9.2014,5.8,2.2,13.4,2.6,,
26.9.2014,5.7,5.6,5.9,3.1,,
27.9.2014,-1,-1,-1,4.2,,
28.9.2014,-1,-1,-1,5.2,,
29.9.2014,-1,-1,-1,4.7,,
30.9.2014,0.2,-1,-1,3.6,,
1.10.2014,-1,-1,-1,3.1,,
2.10.2014,-1,0.2,-1,2.6,,
3.10.2014,0,3.3,9.4,2.5,,
4.10.2014,0,7.5,1,2.5,,
5.10.2014,0,-1,-1,3.1,,
6.10.2014,0,-1,-1,3.4,,
7.10.2014,0,-1,-1,3.3,,
8.10.2014,4,2.3,1.4,3.2,,
9.10.2014,3.4,6.8,3,2.6,,
10.10.2014,0.1,0.1,1.7,3.3,,
11.10.2014,-1,-1,-1,3.8,,
12.10.2014,-1,0.2,-1,4.1,,
13.10.2014,-1,6.4,0.3,3.7,,
14.10.2014,-1,1.7,-1,3.5,,
15.10.2014,-1,-1,-1,3.4,,
16.10.2014,-1,-1,-1,3.1,,
17.10.2014,-1,-1,-1,2.8,,
18.10.2014,0.3,1.3,2,2.9,,
19.10.2014,12.8,8.5,7.9,2.6,,
20.10.2014,0,0.1,-1,4.9,,
21.10.2014,0,-1,-1,7,,
22.10.2014,-1,-1,-1,5.5,,
23.10.2014,-1,-1,-1,4.2,,
24.10.2014,-1,-1,1.9,3.8,,
25.10.2014,0.5,0.1,0.1,3.7,,
26.10.2014,0.4,0.6,-1,3.4,,
27.10.2014,1.1,0.9,1.8,3.3,,
28.10.2014,0.8,-1,-1,3.3,,
29.10.2014,0.4,0.6,0.2,2.8,,
30.10.2014,-1,0.1,-1,2.9,,
31.10.2014,-1,0.1,-1,2.9,,
1.11.2014,0.3,0.4,0.3,2.8,,
2.11.2014,6.7,4.4,2.3,2.9,,
3.11.2014,0.7,4.4,1.6,3,,
4.11.2014,0.9,2.2,0.4,3.5,,
5.11.2014,0,0.1,0,4.2,,
6.11.2014,10.8,17.6,14.7,4.4,,
7.11.2014,2.4,2,0.4,6.7,,
8.11.2014,-1,-1,-1,11.8,,
9.11.2014,0.2,0.3,0.5,9.9,,
10.11.2014,0.4,1.8,0.9,8.9,,
11.11.2014,0.5,1.3,0.2,10.6,,
12.11.2014,0.5,-1,0.1,11.1,,
13.11.2014,0.2,-1,0.2,10,,
14.11.2014,-1,0.1,-1,8.5,,
15.11.2014,-1,-1,-1,7.7,,
16.11.2014,-1,-1,-1,7,,
17.11.2014,-1,-1,-1,6.4,,
18.11.2014,-1,-1,-1,6,,
19.11.2014,0,-1,0.1,5.3,,
20.11.2014,-1,-1,-1,4.7,,
21.11.2014,5.5,10.5,1,4.6,,
22.11.2014,0,-1,-1,4.3,,
23.11.2014,0.2,-1,-1,4.1,,
24.11.2014,-1,0.1,0.1,3.7,,
25.11.2014,0.9,0.5,1.3,3.9,,
26.11.2014,0.4,0.7,0.1,3.9,,
27.11.2014,0.2,0.8,0.2,5.2,,
28.11.2014,0.3,0.8,1.9,5.9,,
29.11.2014,0.9,0.4,0.1,6.3,,
30.11.2014,-1,-1,-1,6.1,,
1.12.2014,-1,-1,-1,5.5,,
2.12.2014,-1,-1,-1,5,,
3.12.2014,-1,-1,-1,4.7,,
4.12.2014,-1,-1,-1,4.4,,
5.12.2014,1.1,1.7,1.4,4.4,,
6.12.2014,7.4,4.4,4.4,4.3,,
7.12.2014,1.6,2.3,3,4.4,,
8.12.2014,6.8,8.5,6.2,6.4,,
9.12.2014,-1,2,11,16.3,,
10.12.2014,2,1.9,5,18.2,,
11.12.2014,1,2.8,-1,15.4,,
12.12.2014,3.8,14,4.9,15.2,,
13.12.2014,10.3,2.9,10,15.8,,
14.12.2014,0.8,-1,2,15.8,,
15.12.2014,2.1,4.4,5,14.6,,
16.12.2014,2.2,3.3,3.5,18.4,,
17.12.2014,2.3,1.7,0.8,22.7,,
18.12.2014,3.2,7.6,5.5,25.7,,
19.12.2014,2.2,4.2,1.4,23.3,,
20.12.2014,0.2,-1,0.2,26.1,,
21.12.2014,-1,-1,0.2,24.2,,
22.12.2014,-1,3,1.4,19,,
23.12.2014,-1,-1,-1,14.4,,
24.12.2014,8.5,5.2,8.3,11.1,,
25.12.2014,0.2,-1,-1,9.8,,
26.12.2014,3.1,0.4,1.6,9.2,,
27.12.2014,0,-1,0.1,8.8,,
28.12.2014,0,-1,-1,8.7,,
29.12.2014,0.6,0.4,0.9,8,,
30.12.2014,7.3,9.8,7.5,7,,
31.12.2014,-1,-1,-1,7.1,,
01.01.2015,-1,0.9,1.5,8.3,,
02.01.2015,9.1,4.4,4.9,10.8,,
03.01.2015,4.6,2.6,4.2,27.2,,
04.01.2015,0.1,-1,0.2,32,,
05.01.2015,-1,-1,-1,25.5,,
06.01.2015,-1,-1,0.1,18.5,,
07.01.2015,0.6,0.3,0.3,14.3,,
08.01.2015,3.1,3.8,3.7,12.7,,
09.01.2015,0.8,0.7,1.4,12.1,,
10.01.2015,2.5,5.1,4.3,11,,
11.01.2015,1.8,3.1,0.9,10,,
12.01.2015,4.3,4.3,4.5,8.9,,
13.01.2015,8,4.3,6.9,7.8,,
14.01.2015,-1,1.1,0.1,7.6,,
15.01.2015,3.4,5.8,7.3,7.4,,
16.01.2015,2.2,3.6,2.4,7,,
17.01.2015,0.3,1.5,3.5,8,,
18.01.2015,3.6,-1,-1,10.8,,
19.01.2015,0.5,0.1,1.3,10.9,,
20.01.2015,-1,-1,-1,10,,
21.01.2015,-1,-1,-1,8.8,,
22.01.2015,1.5,0.5,1.1,7.8,,
23.01.2015,3.8,0.7,4,7.1,,
24.01.2015,-1,-1,-1,6.5,,
25.01.2015,-1,-1,0.1,6.1,,
26.01.2015,-1,-1,0,5.7,,
27.01.2015,3,0.7,1.6,5.4,,
28.01.2015,1.3,0.1,1.3,5.1,,
29.01.2015,1.2,3,4,4.9,,
30.01.2015,-1,-1,-1,4.7,,
31.01.2015,5.5,11.1,8.3,4.5,,
01.02.2015,7.3,8.5,7.8,4.3,,
02.02.2015,7.9,10.1,12.4,4.2,,
03.02.2015,1.7,0.7,1,4,,
04.02.2015,0.5,-1,0.2,4,,
05.02.2015,1.6,1.2,2.2,3.9,,
06.02.2015,0.9,0.2,0.4,3.8,,
07.02.2015,-1,0.6,0,3.7,,
08.02.2015,-1,-1,-1,3.6,,
09.02.2015,0.2,0.3,0.4,3.6,,
10.02.2015,-1,-1,-1,3.5,,
11.02.2015,-1,-1,-1,3.5,,
12.02.2015,-1,-1,-1,3.5,,
13.02.2015,0.8,1,-1,3.5,,
14.02.2015,0.4,0.9,2.1,3.4,,
15.02.2015,-1,-1,-1,3.3,,
16.02.2015,-1,-1,-1,3.2,,
17.02.2015,1.7,1,1.1,3.1,,
18.02.2015,-1,-1,-1,3.2,,
19.02.2015,0.1,0.6,-1,3.3,,
20.02.2015,0.6,2.4,1.9,5.2,,
21.02.2015,2.7,2.9,4.5,12.3,,
22.02.2015,2.7,2.4,3.1,18.9,,
23.02.2015,2.4,2.1,5.3,21.4,,
24.02.2015,3.5,3,-1,21.6,,
25.02.2015,-1,-1,-1,27.5,,
26.02.2015,-1,-1,-1,31.2,,
27.02.2015,-1,-1,-1,29.2,,
28.02.2015,-1,-1,-1,26.4,,
01.03.2015,0.2,0.9,3.2,23.6,,
02.03.2015,3.3,7.5,5.5,22.4,,
03.03.2015,6.1,6.2,6.8,27.3,,
04.03.2015,1.1,0.4,2.5,34.8,,
05.03.2015,0.2,-1,0.5,39.3,,
06.03.2015,5.6,3.6,2.5,37.8,,
07.03.2015,0.1,-1,0.1,35.4,,
08.03.2015,1.3,0.3,0.7,40.7,,
09.03.2015,-1,-1,-1,54.1,,
10.03.2015,-1,0.1,-1,61,,
11.03.2015,-1,-1,-1,60.6,,
12.03.2015,-1,-1,-1,58.3,,
13.03.2015,-1,-1,-1,51.3,,
14.03.2015,-1,-1,-1,43.2,,
15.03.2015,-1,-1,-1,36.4,,
16.03.2015,-1,-1,-1,31.6,,
17.03.2015,-1,-1,-1,27.4,,
18.03.2015,-1,-1,-1,24.2,,
19.03.2015,-1,-1,-1,21.7,,
20.03.2015,-1,-1,-1,20,,
21.03.2015,-1,-1,-1,18.1,,
22.03.2015,0.8,0.1,-1,15.5,,
23.03.2015,2.1,1.2,1,13.6,,
24.03.2015,0.3,0.2,0.2,13.6,,
25.03.2015,0,1,0,14.4,,
26.03.2015,-1,-1,-1,14,,
27.03.2015,0.1,3,1.5,12.1,,
28.03.2015,3.5,2.7,3.2,11.6,,
29.03.2015,2.5,4,5.1,13.7,,
30.03.2015,8.3,21.4,20.2,17.4,,
31.03.2015,1.5,0.6,0.9,24,,
01.04.2015,0.5,0.2,-1,41.4,,
02.04.2015,1.1,1.9,1.2,43.3,,
03.04.2015,0.5,1.2,0.2,42.1,,
04.04.2015,1.4,1.9,1,37.9,,
05.04.2015,-1,-1,-1,35.9,,
06.04.2015,-1,-1,-1,33.7,,
07.04.2015,-1,-1,-1,31.1,,
08.04.2015,-1,-1,-1,28.8,,
09.04.2015,-1,-1,-1,27.2,,
10.04.2015,-1,-1,-1,25.7,,
11.04.2015,-1,-1,-1,23.9,,
12.04.2015,0.4,-1,-1,21.8,,
13.04.2015,0,-1,-1,20.6,,
14.04.2015,0.1,0.7,0.4,18.9,,
15.04.2015,1.5,-1,0.2,17.1,,
16.04.2015,1.5,0.7,1.6,15.9,,
17.04.2015,4.8,2,1.1,14.9,,
18.04.2015,0,-1,-1,14.6,,
19.04.2015,-1,0.9,-1,14,,
20.04.2015,0,-1,-1,12.6,,
21.04.2015,-1,-1,-1,11.9,,
22.04.2015,2.9,1.3,1,10.7,,
23.04.2015,0.1,-1,-1,9.6,,
24.04.2015,-1,-1,-1,9.5,,
25.04.2015,0.5,0.3,0.4,9,,
26.04.2015,3.3,3.2,4,8.3,,
27.04.2015,14.5,11.2,16,7.9,,
28.04.2015,0.7,0.8,0.4,14.4,,
29.04.2015,21.8,18.4,18.7,24.3,,
30.04.2015,-1,-1,-1,39.1,,
01.05.2015,0.5,0.1,0,38.7,,
02.05.2015,11.5,11.9,12.7,31.6,,
03.05.2015,-1,-1,-1,30.9,,
04.05.2015,-1,-1,-1,32,,
05.05.2015,-1,-1,-1,27.1,,
06.05.2015,1.5,3.5,4.6,22,,
07.05.2015,0.5,2.8,0.5,19.9,,
08.05.2015,-1,-1,-1,18.4,,
09.05.2015,0,-1,-1,16.7,,
10.05.2015,0,0.1,-1,15,,
11.05.2015,-1,-1,-1,13.2,,
12.05.2015,14.8,7.7,13.7,12,,
13.05.2015,3.3,5.5,2,12.2,,
14.05.2015,1.3,1.7,0.4,18.9,,
15.05.2015,1.4,-1,0.1,20.3,,
16.05.2015,-1,-1,0,17.8,,
17.05.2015,0.6,0.1,-1,15.3,,
18.05.2015,5.8,0.8,2.4,13.4,,
19.05.2015,-1,-1,0.1,12.3,,
20.05.2015,-1,3.4,0.4,12,,
21.05.2015,7.6,3.9,8,11.3,,
22.05.2015,-1,-1,-1,11.7,,
23.05.2015,0.1,2.7,0,11.9,,
24.05.2015,-1,0.2,-1,10.6,,
25.05.2015,-1,-1,-1,9.2,,
26.05.2015,0.2,0.5,0.1,8,,
27.05.2015,-1,-1,-1,7.4,,
28.05.2015,-1,-1,-1,6.8,,
29.05.2015,0.1,-1,0.1,6.1,,
30.05.2015,0.1,0.2,0.4,5.5,,
31.05.2015,-1,-1,0.2,5.2,,
01.06.2015,1.2,1.4,1.5,4.7,,
02.06.2015,1.5,1.3,2.8,4.4,,
03.06.2015,0.5,2.5,1.4,4.2,,
04.06.2015,-1,-1,-1,4.1,,
05.06.2015,-1,-1,-1,4.1,,
06.06.2015,0,-1,0.4,3.6,,
07.06.2015,0,-1,0,3.3,,
08.06.2015,0.9,11.4,1.3,3.2,,
09.06.2015,-1,-1,-1,3.2,,
10.06.2015,0,-1,-1,3.1,,
11.06.2015,-1,0.2,0.3,3.3,,
12.06.2015,0.5,-1,-1,3.4,,
13.06.2015,-1,0.3,0.2,3,,
14.06.2015,4.2,10.2,8.5,2.8,,
15.06.2015,1.5,0.9,-1,3.1,,
16.06.2015,-1,-1,-1,2.9,,
17.06.2015,-1,1.4,1.9,3.2,,
18.06.2015,11.9,17.2,16.7,3.2,,
19.06.2015,1.2,0.1,0,3.4,,
20.06.2015,5,4.6,4.3,3.9,,
21.06.2015,-1,2.1,0.9,4.5,,
22.06.2015,1.9,3,1.7,4.5,,
23.06.2015,3.1,16,16.2,4.3,,
24.06.2015,7.2,4.2,4.5,4.6,,
25.06.2015,-1,-1,-1,8.1,,
26.06.2015,0.5,-1,0.1,7.2,,
27.06.2015,0,4.7,0.1,5.3,,
28.06.2015,-1,-1,-1,4.5,,
29.06.2015,-1,-1,-1,5.2,,
30.06.2015,22.5,3.3,6.7,4.8,,
01.07.2015,-1,-1,-1,5.9,,
02.07.2015,-1,-1,-1,7.1,,
03.07.2015,-1,-1,-1,5.7,,
04.07.2015,-1,-1,-1,4.4,,
05.07.2015,-1,-1,-1,3.5,,
06.07.2015,2,1.8,4,3.2,,
07.07.2015,14,1.1,3.8,2.8,,
08.07.2015,7.8,4.5,3.6,2.9,,
09.07.2015,1.8,-1,-1,3.6,,
10.07.2015,1.2,0.8,6.5,3.9,,
11.07.2015,0.7,0.1,0.4,3.7,,
12.07.2015,2.5,1.5,1.5,3.2,,
13.07.2015,1.3,0.5,0.8,3.1,,
14.07.2015,0.1,-1,-1,2.9,,
15.07.2015,-1,-1,-1,2.9,,
16.07.2015,1.6,1.5,7.3,2.7,,
17.07.2015,0.8,8.8,4.9,3.1,,
18.07.2015,1.8,7.6,1.5,3.1,,
19.07.2015,1.9,0.8,1.4,3.3,,
20.07.2015,-1,0.1,-1,3.3,,
21.07.2015,5.8,4.7,15.2,3.1,,
22.07.2015,15.7,4.1,2.9,3.4,,
23.07.2015,4.5,0.1,6.5,4.5,,
24.07.2015,0.3,-1,0.1,5.5,,
25.07.2015,-1,-1,0.2,4.9,,
26.07.2015,4.8,9.5,1.4,4.2,,
27.07.2015,0.2,-1,-1,3.7,,
28.07.2015,-1,-1,-1,3.5,,
29.07.2015,-1,0.1,0.2,3.3,,
30.07.2015,0.5,16,4.5,3.2,,
31.07.2015,0.1,16,19.4,2.9,,
01.08.2015,-1,-1,-1,2.9,,
02.08.2015,3.4,-1,0.3,3.1,,
03.08.2015,-1,-1,-1,2.8,,
04.08.2015,-1,-1,-1,2.6,,
05.08.2015,4.2,10.7,5.4,2.7,,
06.08.2015,0.2,0.6,0,2.6,,
07.08.2015,-1,0.6,0,2.6,,
08.08.2015,0.2,-1,-1,2.7,,
09.08.2015,-1,-1,-1,2.6,,
10.08.2015,-1,-1,-1,2.3,,
11.08.2015,-1,-1,-1,2.1,,
12.08.2015,-1,1.7,-1,2.4,,
13.08.2015,-1,-1,-1,2,,
14.08.2015,-1,-1,-1,2.4,,
15.08.2015,-1,-1,-1,2.3,,
16.08.2015,-1,-1,-1,2.3,,
17.08.2015,-1,-1,-1,1.9,,
18.08.2015,-1,-1,-1,1.6,,
19.08.2015,-1,-1,-1,1.9,,
20.08.2015,-1,-1,-1,2.1,,
21.08.2015,-1,-1,-1,2,,
22.08.2015,-1,-1,-1,1.9,,
23.08.2015,-1,-1,-1,1.9,,
24.08.2015,-1,-1,-1,1.9,,
25.08.2015,-1,-1,-1,1.8,,
26.08.2015,2.4,1.6,2.1,1.9,,
27.08.2015,13.5,6.2,9.3,1.9,,
28.08.2015,7.4,19.9,9.2,2.1,,
29.08.2015,10.5,-1,0.2,2.9,,
30.08.2015,-1,3.5,11.8,3.6,,
31.08.2015,-1,-1,-1,3.2,,
01.09.2015,1.3,-1,-1,3.1,,
02.09.2015,-1,6.5,2.8,3.2,,
03.09.2015,0.4,3,2.4,2.6,,
04.09.2015,-1,-1,2.2,2.4,,
05.09.2015,9.3,6,7.3,2.8,,
06.09.2015,3,-1,0,4.4,,
07.09.2015,0.2,-1,3.2,4.4,,
08.09.2015,-1,-1,-1,3.8,,
09.09.2015,-1,-1,-1,3.3,,
10.09.2015,-1,-1,-1,2.8,,
11.09.2015,-1,-1,-1,2.5,,
12.09.2015,-1,-1,-1,2.4,,
13.09.2015,-1,-1,-1,2.3,,
14.09.2015,-1,-1,-1,2,,
15.09.2015,0.2,3.2,0.5,2.1,,
16.09.2015,2.1,1.5,2.5,2.1,,
17.09.2015,2.5,0.5,1.8,2,,
18.09.2015,14.2,3,7.9,2.3,,
19.09.2015,0.2,0.6,2.7,2.3,,
20.09.2015,0.6,1.8,0.5,3.1,,
21.09.2015,6.3,7.5,14.7,3.2,,
22.09.2015,0.2,-1,0.1,2.8,,
23.09.2015,-1,-1,-1,2.8,,
24.09.2015,0.9,3.1,1.3,2.9,,
25.09.2015,-1,1.5,-1,2.6,,
26.09.2015,-1,3.7,-1,2.6,,
27.09.2015,0.2,-1,0.3,2.4,,
28.09.2015,-1,0.6,0.1,2.3,,
29.09.2015,-1,-1,-1,2.4,,
30.09.2015,-1,-1,0.1,2.3,,
01.10.2015,2.6,0.7,0.4,2.2,,
02.10.2015,-1,-1,-1,2,,
03.10.2015,-1,-1,-1,2,,
04.10.2015,-1,-1,-1,2.1,,
05.10.2015,-1,-1,-1,2.3,,
06.10.2015,-1,-1,-1,1.8,,
07.10.2015,-1,-1,-1,1.8,,
08.10.2015,-1,-1,-1,1.9,,
09.10.2015,-1,-1,-1,2,,
10.10.2015,-1,-1,-1,1.9,,
11.10.2015,-1,-1,-1,1.9,,
12.10.2015,-1,-1,-1,1.8,,
13.10.2015,-1,-1,-1,1.9,,
14.10.2015,-1,-1,-1,1.9,,
15.10.2015,-1,-1,-1,1.9,,
16.10.2015,-1,-1,-1,1.9,,
17.10.2015,-1,-1,-1,1.9,,
18.10.2015,-1,-1,-1,1.7,,
19.10.2015,-1,-1,-1,1.8,,
20.10.2015,-1,-1,-1,1.8,,
21.10.2015,-1,-1,-1,2,,
22.10.2015,5.4,7.2,7.8,1.9,,
23.10.2015,1.5,1.9,2.9,2,,
24.10.2015,0,-1,-1,2.1,,
25.10.2015,4.7,6.4,6.9,2.4,,
26.10.2015,-1,-1,-1,2.5,,
27.10.2015,-1,-1,-1,2.8,,
28.10.2015,-1,-1,-1,2.9,,
29.10.2015,-1,-1,-1,2.5,,
30.10.2015,-1,-1,-1,2.1,,
31.10.2015,-1,-1,-1,2,,
01.11.2015,-1,-1,-1,2,,
02.11.2015,-1,-1,-1,1.6,,
03.11.2015,-1,-1,-1,1.6,,
04.11.2015,-1,-1,-1,1.8,,
05.11.2015,-1,-1,-1,1.4,,
06.11.2015,0.3,-1,-1,1.7,,
07.11.2015,4.2,4.6,3.3,2.3,,
08.11.2015,1.4,7.6,3.1,2.3,,
09.11.2015,7,5.4,6.1,2.5,,
10.11.2015,-1,-1,0.4,2.8,,
11.11.2015,1,0.5,0.6,3.5,,
12.11.2015,-1,0.2,0.1,3.4,,
13.11.2015,3.7,5.7,5.8,3.2,,
14.11.2015,4.9,2.2,0.3,3.3,,
15.11.2015,3.2,2.6,3.7,4.3,,
16.11.2015,3,3.8,5.2,5.2,,
17.11.2015,3.6,6.3,6.6,6.3,,
18.11.2015,4.7,7.4,3,8.8,,
19.11.2015,5.1,17.7,5.4,10.6,,
20.11.2015,10,1.9,4.4,11.6,,
21.11.2015,1.9,0.7,3.3,14.5,,
22.11.2015,0.4,0.5,0.3,14.9,,
23.11.2015,-1,0.7,-1,12.9,,
24.11.2015,0.7,0.8,0.8,10,,
25.11.2015,0.3,-1,0,8.1,,
26.11.2015,0.3,0.4,0.2,7.6,,
27.11.2015,0.1,0.8,0.4,7.4,,
28.11.2015,0.5,0.8,0.5,6.9,,
29.11.2015,-1,4.8,6.2,6.5,,
30.11.2015,7.6,3.8,6.8,7.5,,
01.12.2015,0.8,0.3,0.3,12.4,,
02.12.2015,1.4,1.7,2.3,14.1,,
03.12.2015,0.8,1.5,0.8,12.1,,
04.12.2015,7,8.7,6.9,11.8,,
05.12.2015,3.2,2.7,5,16.1,,
06.12.2015,10,8.1,7.5,19.1,,
07.12.2015,-1,0.1,-1,24.4,,
08.12.2015,0.4,1,-1,25.5,,
09.12.2015,0.1,1.7,0.5,20.4,,
10.12.2015,1.4,1.7,1.1,16.4,,
11.12.2015,-1,1.3,-1,15.1,,
12.12.2015,-1,3.8,0.1,14.2,,
13.12.2015,0.4,0.1,0.2,12.9,,
14.12.2015,0,-1,-1,11.6,,
15.12.2015,-1,-1,-1,10.4,,
16.12.2015,-1,0.2,0.3,9.1,,
17.12.2015,4.1,3.3,6.2,8.2,,
18.12.2015,6.2,4.1,4.9,7.7,,
19.12.2015,2.8,2.2,2.2,12.5,,
20.12.2015,2.8,1,0.8,17.5,,
21.12.2015,-1,-1,0.1,19.5,,
22.12.2015,3.7,2.3,2,19.3,,
23.12.2015,-1,-1,0.1,16.4,,
24.12.2015,0.6,0.5,0.7,14.9,,
25.12.2015,1.2,2.2,1,14.5,,
26.12.2015,0,0.1,0.5,13.6,,
27.12.2015,-1,-1,-1,12.4,,
28.12.2015,-1,-1,-1,10.3,,
29.12.2015,-1,-1,-1,8,,
30.12.2015,-1,-1,-1,6.9,,
31.12.2015,-1,-1,0,6.3,,
01.01.2016,0.2,0.2,0.4,5.3,,
02.01.2016,0,0.3,0.2,4.8,,
03.01.2016,1.6,1,1.5,4.2,,
04.01.2016,0.3,-1,0.1,3.4,,
05.01.2016,0.1,0.6,0.2,3,,
06.01.2016,-1,-1,-1,2.9,,
07.01.2016,-1,-1,-1,2.4,,
08.01.2016,-1,-1,-1,2.3,,
09.01.2016,-1,-1,0.1,2.2,,
10.01.2016,-1,-1,0.1,1.9,,
11.01.2016,0.2,4.5,1.4,1.8,,
12.01.2016,4.8,5.8,3.6,1.7,,
13.01.2016,4.2,1.3,2.7,1.6,,
14.01.2016,1.7,-1,0.2,1.6,,
15.01.2016,0.8,-1,0.5,1.6,,
16.01.2016,1,0.7,0.9,1.5,,
17.01.2016,-1,0.3,0.3,1.5,,
18.01.2016,1.2,3.5,1.3,1.5,,
19.01.2016,0.5,0.1,0.1,1.5,,
20.01.2016,-1,-1,-1,1.4,,
21.01.2016,0.3,-1,-1,1.4,,
22.01.2016,-1,-1,-1,1.4,,
23.01.2016,0.4,0.1,1.5,1.4,,
24.01.2016,0.4,2.8,2.4,1.4,,
25.01.2016,2,3,7.9,1.4,,
26.01.2016,7.9,7.7,4.5,1.5,,
27.01.2016,5.5,6.2,7.8,2.3,,
28.01.2016,3,2.4,3,3.7,,
29.01.2016,1.9,2.7,2.9,8.6,,
30.01.2016,-1,0.2,-1,9.6,,
31.01.2016,0,-1,0.1,12.4,,
01.02.2016,2.4,2.9,4.7,9.6,,
02.02.2016,2,0.9,1.5,6.5,,
03.02.2016,-1,0.5,0.1,5.4,,
04.02.2016,0.8,0.3,0.6,4.8,,
05.02.2016,-1,-1,-1,4.4,,
06.02.2016,4.6,3.6,5.1,4.1,,
07.02.2016,0.1,0.4,0.1,4.1,,
08.02.2016,6.6,7,8.5,7.1,,
09.02.2016,3.9,3.9,6.6,17,,
10.02.2016,8.6,19.3,14.9,38.3,,
11.02.2016,8.3,8,12,56.7,,
12.02.2016,2.3,1.5,6.6,60,,
13.02.2016,2.8,4.9,8.3,49.6,,
14.02.2016,4.1,3.7,2.8,39.5,,
15.02.2016,-1,-1,0,31.7,,
16.02.2016,-1,-1,-1,24.7,,
17.02.2016,-1,-1,-1,20.4,,
18.02.2016,5.2,6.4,1.6,17.6,,
19.02.2016,2.3,3.8,2.4,16.4,,
20.02.2016,4.8,8.8,11.4,15.4,,
21.02.2016,5,8.4,8.8,13.6,,
22.02.2016,2.2,0.6,1.6,12.2,,
23.02.2016,0.5,-1,0.1,11.4,,
24.02.2016,-1,-1,-1,10.3,,
25.02.2016,1.2,0.1,1,9.8,,
26.02.2016,1.3,1.1,0.2,9.1,,
27.02.2016,0.4,-1,0.1,8.1,,
28.02.2016,-1,-1,-1,7.9,,
29.02.2016,-1,-1,-1,7.3,,
01.03.2016,-1,-1,-1,7.1,,
02.03.2016,-1,-1,-1,6.9,,
03.03.2016,-1,-1,-1,6.5,,
04.03.2016,-1,-1,-1,6.3,,
05.03.2016,1.3,1.2,0.9,6.3,,
06.03.2016,0.2,0.2,1.3,6.1,,
07.03.2016,2.5,3.1,1.6,5.9,,
08.03.2016,3.6,5.4,2.5,6.1,,
09.03.2016,-1,-1,-1,5.9,,
10.03.2016,-1,-1,-1,6.5,,
11.03.2016,-1,-1,-1,6.5,,
12.03.2016,-1,-1,-1,6.3,,
13.03.2016,0.3,0.3,0.1,6.3,,
14.03.2016,-1,0.1,-1,6.5,,
15.03.2016,-1,-1,-1,6.9,,
16.03.2016,-1,-1,-1,7.7,,
17.03.2016,0,1.4,1,12.9,,
18.03.2016,-1,-1,0,21,,
19.03.2016,-1,-1,-1,19.6,,
20.03.2016,1.6,3.6,1.7,15.1,,
21.03.2016,-1,1,-1,13.2,,
22.03.2016,-1,-1,-1,11,,
23.03.2016,0.3,-1,-1,10.1,,
24.03.2016,0.1,-1,-1,8.8,,
25.03.2016,0.2,1.2,0.5,7.9,,
26.03.2016,0.1,0.2,-1,7.7,,
27.03.2016,-1,-1,-1,12,,
28.03.2016,-1,-1,-1,31,,
29.03.2016,-1,-1,-1,41.1,,
30.03.2016,-1,-1,0.1,43,,
31.03.2016,-1,-1,-1,43,,
01.04.2016,0.2,2,-1,41,,
02.04.2016,-1,1.5,0.3,38,,
03.04.2016,-1,0.4,1.3,37,,
04.04.2016,-1,-1,-1,34,,
05.04.2016,-1,1.1,1,32,,
06.04.2016,1.3,3,2.8,31,,
07.04.2016,1,1.5,1.2,36,,
08.04.2016,0.1,0.2,0.1,41,,
09.04.2016,0,0.1,0.8,40,,
10.04.2016,-1,-1,-1,37,,
11.04.2016,-1,-1,-1,33,,
12.04.2016,-1,-1,-1,30,,
13.04.2016,-1,-1,-1,26,,
14.04.2016,-1,-1,-1,23,,
15.04.2016,-1,-1,-1,21,,
16.04.2016,0.4,0.5,0.2,18.7,,
17.04.2016,4.4,4.4,3.7,17,,
18.04.2016,0.2,0.8,0.6,16.7,,
19.04.2016,0.7,0.1,0.6,18.4,,
20.04.2016,0.8,0.1,0,18.1,,
21.04.2016,-1,-1,-1,16.7,,
22.04.2016,0,2,0.4,15.6,,
23.04.2016,0,2.2,2.1,14.7,,
24.04.2016,9.5,14.3,13.9,13.9,,
25.04.2016,2.7,3.6,2.2,16.7,,
26.04.2016,19.7,22.4,20.7,23,,
27.04.2016,0.4,-1,-1,43,,
28.04.2016,8.1,12.9,14.1,54,,
29.04.2016,-1,-1,-1,55,,
30.04.2016,7.1,1,1.1,52,,
01.05.2016,-1,-1,-1,47.6,,
02.05.2016,-1,-1,-1,44.2,,
03.05.2016,-1,-1,-1,37.8,,
04.05.2016,-1,-1,-1,31.8,,
05.05.2016,-1,-1,-1,26.3,,
06.05.2016,-1,-1,-1,22.1,,
07.05.2016,-1,-1,-1,18.9,,
08.05.2016,-1,-1,-1,16.4,,
09.05.2016,-1,-1,-1,14.4,,
10.05.2016,0.2,-1,0,12.6,,
11.05.2016,-1,-1,-1,10.8,,
12.05.2016,-1,-1,-1,9.5,,
13.05.2016,-1,-1,-1,8.2,,
14.05.2016,7.4,14.5,9.5,7.5,,
15.05.2016,1,0.1,2.6,7.4,,
16.05.2016,0.8,1.5,1,7.7,,
17.05.2016,-1,-1,-1,7.4,,
18.05.2016,-1,-1,-1,6.8,,
19.05.2016,-1,-1,-1,6.1,,
20.05.2016,-1,-1,-1,5.8,,
21.05.2016,-1,0.2,-1,5.3,,
22.05.2016,-1,-1,-1,5,,
23.05.2016,-1,-1,-1,4.7,,
24.05.2016,-1,-1,-1,4.4,,
25.05.2016,-1,-1,-1,4.1,,
26.05.2016,15,26.8,10.2,3.7,,
27.05.2016,0.8,-1,-1,4.6,,
28.05.2016,-1,-1,-1,6,,
29.05.2016,-1,-1,-1,5.9,,
30.05.2016,-1,-1,-1,5.2,,
31.05.2016,-1,-1,-1,4.6,,
01.06.2016,-1,-1,-1,3.9,,
02.06.2016,-1,0.9,-1,3.9,,
03.06.2016,-1,0.3,-1,3.9,,
04.06.2016,-1,-1,-1,3.6,,
05.06.2016,0,-1,-1,3.3,,
06.06.2016,-1,-1,-1,3.2,,
07.06.2016,2.5,2.2,1.4,3.2,,
08.06.2016,0.7,2.3,1.5,3.2,,
09.06.2016,0.5,-1,0,3.2,,
10.06.2016,0,0.6,0.1,3.3,,
11.06.2016,-1,-1,-1,3.3,,
12.06.2016,-1,-1,-1,3.2,,
13.06.2016,-1,-1,-1,3.1,,
14.06.2016,-1,-1,-1,2.9,,
15.06.2016,11,18.1,10,2.9,,
16.06.2016,14.5,5.2,3.8,3.2,,
17.06.2016,11,17.3,17.2,4.4,,
18.06.2016,6.5,11.6,14.2,6.9,,
19.06.2016,2,0.3,0.1,9.9,,
20.06.2016,-1,-1,-1,10.3,,
21.06.2016,-1,-1,-1,8,,
22.06.2016,-1,-1,-1,6.1,,
23.06.2016,6.1,1,-1,5.2,,
24.06.2016,-1,0.2,-1,4.5,,
25.06.2016,-1,-1,-1,4.2,,
26.06.2016,-1,-1,-1,3.9,,
27.06.2016,13.2,21.2,19,3.8,,
28.06.2016,-1,-1,-1,4.2,,
29.06.2016,0,-1,0.3,5,,
30.06.2016,8.1,-1,0.1,4.8,,
01.07.2016,-1,-1,-1,4.1,,
02.07.2016,3.3,7.9,15,3.9,,
03.07.2016,23.1,13.4,9,3.8,,
04.07.2016,9.5,3.1,3.1,4.2,,
05.07.2016,1.7,7.8,3.8,7.1,,
06.07.2016,2.1,0.7,1.3,10.3,,
07.07.2016,4.9,2.2,2.5,8.6,,
08.07.2016,1.4,0.5,0.7,7.2,,
09.07.2016,-1,-1,0.3,7.8,,
10.07.2016,-1,1.5,2.6,8.7,,
11.07.2016,9.3,2.9,9.8,10.1,,
12.07.2016,1.5,0.7,4.6,10.2,,
13.07.2016,-1,-1,1.5,8.7,,
14.07.2016,-1,-1,-1,8.5,,
15.07.2016,13.5,22.3,28.5,7.6,,
16.07.2016,-1,-1,-1,16.9,,
17.07.2016,-1,-1,-1,21.3,,
18.07.2016,-1,0.2,-1,16.4,,
19.07.2016,-1,-1,-1,12.6,,
20.07.2016,-1,-1,-1,10.4,,
21.07.2016,-1,-1,-1,8.8,,
22.07.2016,0.4,0.1,-1,7.7,,
23.07.2016,-1,-1,0.2,7.1,,
24.07.2016,-1,-1,-1,6.5,,
25.07.2016,-1,-1,14.6,5.9,,
26.07.2016,-1,-1,-1,5.5,,
27.07.2016,-1,-1,-1,5.3,,
28.07.2016,1,2.4,1.8,4.8,,
29.07.2016,-1,-1,-1,4.5,,
30.07.2016,4.1,0.2,4.7,4.2,,
31.07.2016,6.5,-1,5.3,4.2,,
01.08.2016,-1,-1,0.3,5.9,,
02.08.2016,2.2,-1,1.1,6.1,,
03.08.2016,0.6,-1,6.3,5.5,,
04.08.2016,2.8,7.4,4.1,5.7,,
05.08.2016,2.5,2,1.5,5.5,,
06.08.2016,0.5,0.1,0.1,5,,
07.08.2016,-1,1.7,-1,4.8,,
08.08.2016,0.6,0.2,-1,5.2,,
09.08.2016,-1,2.5,0.4,4.6,,
10.08.2016,4.1,2.8,0.9,4.1,,
11.08.2016,-1,-1,-1,3.9,,
12.08.2016,0.6,1.1,0.4,3.8,,
13.08.2016,6.5,5.8,1.8,3.6,,
14.08.2016,3.8,1.9,3.1,3.6,,
15.08.2016,0.6,2.5,-1,4.4,,
16.08.2016,4.7,9.2,5.1,5.8,,
17.08.2016,4.5,6.7,5,5.3,,
18.08.2016,0.2,2.7,13,5.8,,
19.08.2016,-1,-1,0,7.2,,
20.08.2016,1.8,-1,-1,6.8,,
21.08.2016,-1,-1,-1,5.6,,
22.08.2016,1.3,0.7,1.3,4.9,,
23.08.2016,-1,-1,2.4,4.6,,
24.08.2016,-1,-1,-1,5.6,,
25.08.2016,1.6,2.1,0.3,6.4,,
26.08.2016,1.4,-1,-1,5.2,,
27.08.2016,-1,-1,-1,4.6,,
28.08.2016,-1,0.7,-1,4.2,,
29.08.2016,8.7,7.3,5,3.9,,
30.08.2016,-1,-1,0,3.7,,
31.08.2016,-1,-1,-1,4.5,,
01.09.2016,-1,-1,-1,4.7,,
02.09.2016,-1,-1,-1,4.2,,
03.09.2016,13.5,47.6,25.2,3.9,,
04.09.2016,5.5,-1,-1,8,,
05.09.2016,-1,-1,-1,13.1,,
06.09.2016,-1,-1,-1,12.5,,
07.09.2016,-1,-1,-1,9.6,,
08.09.2016,-1,-1,-1,7,,
09.09.2016,-1,-1,-1,5.8,,
10.09.2016,0.5,-1,-1,5.3,,
11.09.2016,-1,-1,-1,4.8,,
12.09.2016,-1,-1,-1,4.1,,
13.09.2016,-1,-1,-1,3.8,,
14.09.2016,-1,-1,-1,3.8,,
15.09.2016,-1,-1,-1,3.8,,
16.09.2016,-1,-1,-1,3.5,,
17.09.2016,-1,-1,-1,3.4,,
18.09.2016,-1,-1,-1,3.1,,
19.09.2016,-1,-1,-1,3.2,,
20.09.2016,-1,-1,-1,3.2,,
21.09.2016,-1,-1,-1,3.2,,
22.09.2016,-1,-1,-1,3.2,,
23.09.2016,-1,-1,-1,3.2,,
24.09.2016,-1,-1,-1,3.2,,
25.09.2016,-1,-1,-1,3.2,,
26.09.2016,-1,-1,-1,2.9,,
27.09.2016,-1,-1,-1,3.1,,
28.09.2016,6.6,11.3,7.3,3.2,,
29.09.2016,5.9,6.3,4.5,3.2,,
30.09.2016,-1,-1,-1,3.8,,
01.10.2016,-1,-1,-1,5,,
02.10.2016,-1,-1,-1,4.8,,
03.10.2016,-1,-1,-1,3.9,,
04.10.2016,-1,-1,-1,3.8,,
05.10.2016,-1,-1,-1,3.5,,
06.10.2016,-1,-1,-1,3.3,,
07.10.2016,-1,-1,-1,3.3,,
08.10.2016,-1,-1,-1,3.3,,
09.10.2016,-1,-1,-1,3.2,,
10.10.2016,-1,-1,-1,3.2,,
11.10.2016,-1,-1,-1,3.2,,
12.10.2016,-1,-1,-1,3.1,,
13.10.2016,-1,0.1,0,2.8,,
14.10.2016,0.1,-1,0.2,3.1,,
15.10.2016,-1,0.1,0.3,2.9,,
16.10.2016,-1,-1,-1,3.1,,
17.10.2016,-1,-1,-1,3.1,,
18.10.2016,-1,-1,-1,3,,
19.10.2016,-1,-1,-1,3,,
20.10.2016,-1,-1,-1,3,,
21.10.2016,-1,-1,-1,2.9,,
22.10.2016,-1,-1,-1,3,,
23.10.2016,-1,-1,-1,2.9,,
24.10.2016,-1,0.3,-1,2.8,,
25.10.2016,1.3,1.7,2,3,,
26.10.2016,1.3,0.8,0.3,2.9,,
27.10.2016,11.3,10.9,8,2.9,,
28.10.2016,7.9,8,5.9,3.3,,
29.10.2016,8.1,3.2,0.4,5.5,,
30.10.2016,0.5,-1,0.1,8.1,,
31.10.2016,0.6,0.7,0.5,9.4,,
01.11.2016,-1,-1,0.1,8,,
02.11.2016,1.3,7.5,1.5,6.5,,
03.11.2016,0.3,-1,0.1,5.5,,
04.11.2016,-1,-1,0.2,4.8,,
05.11.2016,-1,-1,0,4.3,,
06.11.2016,-1,0.9,0,3.9,,
07.11.2016,-1,11.7,4.9,3.8,,
08.11.2016,4.6,3.6,1.8,3.3,,
09.11.2016,0.9,4.7,1.4,3.6,,
10.11.2016,2.7,2.1,2.5,4,,
11.11.2016,-1,-1,0,3.9,,
12.11.2016,-1,0.3,0,3.5,,
13.11.2016,-1,0.1,-1,3.5,,
14.11.2016,-1,0.4,-1,3.7,,
15.11.2016,2.8,5.9,3.2,3.7,,
16.11.2016,1.5,4.3,1.5,3.7,,
17.11.2016,2.7,7.1,3.5,4.2,,
18.11.2016,3.7,5.1,5.6,10.7,,
19.11.2016,3.2,6.9,6.7,21.1,,
20.11.2016,9.4,15.1,5.9,27.4,,
21.11.2016,1.4,1.5,0.2,30,,
22.11.2016,0.5,1.3,0.6,31.2,,
23.11.2016,2.5,2.3,2.5,27.2,,
24.11.2016,1.6,3,2,23,,
25.11.2016,11.4,9.5,11.1,21.4,,
26.11.2016,8.8,2.1,1.8,21,,
27.11.2016,2.1,0.3,0.5,24.3,,
28.11.2016,0.4,0.4,-1,25.9,,
29.11.2016,4.5,4.5,2.5,20,,
30.11.2016,-1,-1,0,16,,
01.12.2016,-1,-1,-1,15.6,,
02.12.2016,0.6,-1,0.2,13.8,,
03.12.2016,0.5,-1,0,12.9,,
04.12.2016,3.1,1.3,1.8,10.9,,
05.12.2016,0.2,0.1,-1,10.4,,
06.12.2016,-1,-1,-1,10.1,,
07.12.2016,2.6,2.9,2.8,9.2,,
08.12.2016,-1,-1,0.1,8.3,,
09.12.2016,-1,0.1,0,8.1,,
10.12.2016,-1,-1,-1,7.5,,
11.12.2016,-1,-1,-1,6.8,,
12.12.2016,0.4,-1,0.1,6.1,,
13.12.2016,2.7,1,1.3,5.7,,
14.12.2016,-1,-1,0,5.3,,
15.12.2016,-1,-1,-1,5,,
16.12.2016,-1,-1,-1,5.1,,
17.12.2016,-1,0.1,0.2,5.2,,
18.12.2016,-1,-1,-1,5.1,,
19.12.2016,0.9,0.5,0.5,5.1,,
20.12.2016,-1,0.1,0.2,4.8,,
21.12.2016,-1,-1,1.1,4.6,,
22.12.2016,0.1,-1,0.2,4.9,,
23.12.2016,0.6,0.1,0.1,7.6,,
24.12.2016,2.1,8.5,4.7,11.8,,
25.12.2016,1.1,1.2,0.4,15.8,,
26.12.2016,1.2,1,1.2,18.3,,
27.12.2016,0.3,-1,-1,19.1,,
28.12.2016,-1,-1,-1,18.6,,
29.12.2016,-1,-1,-1,15.4,,
30.12.2016,-1,-1,-1,12.8,,
31.12.2016,-1,-1,-1,11.8,,
01.01.2017,0.1,-1,0,9.5,,
02.01.2017,0.5,2.6,4.5,8.1,,
03.01.2017,4.6,6.8,1,7.5,,
04.01.2017,-1,0.1,-1,7.1,,
05.01.2017,-1,-1,-1,6.4,,
06.01.2017,0.7,-1,0.4,6,,
07.01.2017,4.6,2.2,4.9,5.6,,
08.01.2017,-1,0.1,0.1,5.4,,
09.01.2017,0.1,0.1,0.2,5.3,,
10.01.2017,0.2,0.1,0.2,5.2,,
11.01.2017,-1,-1,0.2,4.8,,
12.01.2017,5.8,14.2,7.5,4.6,,
13.01.2017,3,0.2,2.8,4.5,,
14.01.2017,-1,-1,0.2,4.5,,
15.01.2017,0.1,-1,0.2,4.4,,
16.01.2017,0.1,-1,0.2,4.3,,
17.01.2017,0.5,0.1,0.6,4.2,,
18.01.2017,-1,0.1,-1,4.1,,
19.01.2017,-1,-1,-1,4,,
20.01.2017,0.3,0.5,0.6,3.9,,
21.01.2017,0.9,1.4,1.9,3.7,,
22.01.2017,-1,-1,-1,3.6,,
23.01.2017,0.2,-1,0.1,3.6,,
24.01.2017,-1,0.1,-1,3.5,,
25.01.2017,0.1,0.2,0.3,3.4,,
26.01.2017,-1,-1,-1,3.4,,
27.01.2017,-1,-1,-1,3.3,,
28.01.2017,0.3,2,-1,3.3,,
29.01.2017,0.4,1.8,1,3.2,,
30.01.2017,-1,3.1,1.1,3.1,,
31.01.2017,-1,-1,-1,3.1,,
01.02.2017,0.1,1.1,0.4,3.1,,
02.02.2017,0.5,-1,0.7,3,,
03.02.2017,0.3,0.3,0.6,3,,
04.02.2017,1.9,2.3,2.6,2.9,,
05.02.2017,0.2,-1,0.2,2.9,,
06.02.2017,-1,-1,0,2.9,,
07.02.2017,-1,-1,-1,2.8,,
08.02.2017,-1,-1,-1,2.7,,
09.02.2017,-1,-1,-1,2.7,,
10.02.2017,-1,-1,-1,2.7,,
11.02.2017,-1,-1,-1,2.6,,
12.02.2017,-1,-1,-1,2.6,,
13.02.2017,-1,-1,-1,2.6,,
14.02.2017,-1,-1,-1,2.6,,
15.02.2017,-1,-1,-1,2.6,,
16.02.2017,4.4,1.6,2.4,2.6,,
17.02.2017,0.1,0.7,-1,2.6,,
18.02.2017,1.3,0.9,0.7,2.6,,
19.02.2017,4.4,1.6,2.3,2.6,,
20.02.2017,0.1,3,1.8,3.2,,
21.02.2017,-1,-1,-1,3.5,,
22.02.2017,7.5,9.2,13.3,3.6,,
23.02.2017,3,1,1,3.6,,
24.02.2017,-1,0.2,0.1,3.5,,
25.02.2017,-1,-1,0.1,3.4,,
26.02.2017,0.6,2.6,1.8,3.3,,
27.02.2017,-1,0.3,0.3,3.3,,
28.02.2017,4.3,5.6,5.5,3.3,,
01.03.2017,8.2,7.6,6.5,3.9,,
02.03.2017,0.1,0.3,0.2,8.6,,
03.03.2017,2.4,1.2,1.2,12.6,,
04.03.2017,-1,0.1,0.4,14.2,,
05.03.2017,-1,-1,-1,12.4,,
06.03.2017,-1,-1,-1,9.8,,
07.03.2017,0.8,2.4,2.4,7.7,,
08.03.2017,1.5,0.5,2.5,6.7,,
09.03.2017,0.6,-1,1,6.3,,
10.03.2017,-1,-1,-1,6.1,,
11.03.2017,-1,-1,-1,5.7,,
12.03.2017,-1,-1,-1,5.7,,
13.03.2017,-1,-1,-1,5.7,,
14.03.2017,3.4,3.2,3.5,6.5,,
15.03.2017,-1,-1,-1,8.6,,
16.03.2017,0.1,0.8,0.8,21,,
17.03.2017,1.5,3.2,3.1,24,,
18.03.2017,0.5,-1,0.1,25,,
19.03.2017,3.4,-1,0.4,25,,
20.03.2017,-1,0.5,0.5,24,,
21.03.2017,4.5,4,6.2,24,,
22.03.2017,0.3,0.2,-1,27,,
23.03.2017,-1,-1,-1,35,,
24.03.2017,0.4,0.2,0.5,35,,
25.03.2017,0.2,0.1,0.3,31,,
26.03.2017,0.8,0.1,-1,25,,
27.03.2017,0.1,-1,-1,25,,
28.03.2017,-1,-1,-1,28,,
29.03.2017,-1,-1,-1,28,,
30.03.2017,0.2,1,0.8,24,,
31.03.2017,0.1,0.2,0,21,,
01.04.2017,7.1,3.1,4.7,19,,
02.04.2017,1.4,0.4,0.3,18.4,,
03.04.2017,-1,-1,-1,21,,
04.04.2017,0.8,-1,0.3,24,,
05.04.2017,6.7,0.3,-1,26,,
06.04.2017,-1,-1,-1,28,,
07.04.2017,4.6,3.7,1.8,31,,
08.04.2017,-1,-1,-1,33,,
09.04.2017,-1,-1,-1,32,,
10.04.2017,1.4,1.5,-1,31,,
11.04.2017,1,1,0.3,30,,
12.04.2017,0.6,0.9,0.3,30,,
13.04.2017,-1,0.2,-1,27,,
14.04.2017,-1,-1,-1,25,,
15.04.2017,-1,-1,0.2,21,,
16.04.2017,-1,-1,0.1,19,,
17.04.2017,-1,-1,0,16.7,,
18.04.2017,-1,-1,-1,14.9,,
19.04.2017,-1,-1,-1,13.4,,
20.04.2017,1.9,2.9,3,12.3,,
21.04.2017,2.8,4.2,4.1,11.8,,
22.04.2017,1.7,1.8,5.4,13.2,,
23.04.2017,-1,-1,0.1,14.7,,
24.04.2017,-1,0.9,0.1,14.4,,
25.04.2017,3.7,3,14.5,13.4,,
26.04.2017,0.6,2.4,0.1,13.7,,
27.04.2017,0.8,2.5,0.8,14.7,,
28.04.2017,-1,-1,-1,13.9,,
29.04.2017,10.1,15.4,8.6,12.9,,
30.04.2017,0.5,0.9,0.1,12.9,,
01.05.2017,-1,-1,-1,19.5,,
02.05.2017,-1,-1,-1,20.5,,
03.05.2017,-1,-1,-1,17.6,,
04.05.2017,-1,-1,-1,15.3,,
05.05.2017,-1,-1,-1,13.5,,
06.05.2017,-1,-1,-1,12.2,,
07.05.2017,-1,-1,-1,11.2,,
08.05.2017,-1,-1,-1,10.4,,
09.05.2017,-1,-1,0,9.3,,
10.05.2017,-1,3.3,0.1,8.6,,
11.05.2017,-1,1.7,0.3,7.8,,
12.05.2017,-1,-1,-1,7.2,,
13.05.2017,-1,-1,-1,6.7,,
14.05.2017,0.2,-1,0.2,6.1,,
15.05.2017,-1,-1,0,5.8,,
16.05.2017,-1,-1,-1,5.6,,
17.05.2017,-1,-1,-1,5.3,,
18.05.2017,-1,-1,-1,5.2,,
19.05.2017,-1,-1,-1,5.1,,
20.05.2017,-1,-1,-1,5,,
21.05.2017,-1,-1,-1,4.9,,
22.05.2017,-1,-1,-1,4.7,,
23.05.2017,-1,-1,-1,4.4,,
24.05.2017,-1,-1,-1,4.2,,
25.05.2017,-1,-1,0,4.1,,
26.05.2017,-1,-1,-1,3.8,,
27.05.2017,0.2,-1,-1,3.5,,
28.05.2017,-1,2.4,-1,3.3,,
29.05.2017,-1,-1,-1,3.3,,
30.05.2017,10.7,6.7,7.7,3.2,,
31.05.2017,0.2,0.3,-1,3.4,,
01.06.2017,3,1.4,3,3.7,,
02.06.2017,-1,-1,-1,4,,
03.06.2017,-1,-1,-1,3.9,,
04.06.2017,-1,-1,-1,3.6,,
05.06.2017,2.2,2.5,3.4,3.3,,
06.06.2017,-1,-1,-1,3.1,,
07.06.2017,-1,-1,-1,3.2,,
08.06.2017,7.2,13.6,9.3,3.2,,
09.06.2017,-1,-1,0,3.6,,
10.06.2017,-1,-1,0.2,4.1,,
11.06.2017,0.7,1.8,0.7,4.6,,
12.06.2017,17.8,16.4,12.7,4.2,,
13.06.2017,4.1,4.4,11.1,5.3,,
14.06.2017,-1,-1,-1,10.9,,
15.06.2017,-1,-1,-1,12.1,,
16.06.2017,0.4,0.3,0,9.2,,
17.06.2017,-1,-1,-1,7.2,,
18.06.2017,-1,-1,-1,6.2,,
19.06.2017,0.5,3.2,1,5.5,,
20.06.2017,13.1,5.8,4.8,5,,
21.06.2017,2.7,0.1,0.1,4.5,,
22.06.2017,1.1,4.2,4.9,4.5,,
23.06.2017,-1,-1,-1,4.8,,
24.06.2017,2.6,7,3.9,4.5,,
25.06.2017,14.9,0.4,0.2,4.1,,
26.06.2017,4.3,3.5,12,3.8,,
27.06.2017,5.7,4.1,0.9,5,,
28.06.2017,-1,-1,-1,7,,
29.06.2017,-1,-1,-1,7.3,,
30.06.2017,-1,0.1,-1,6.4,,
01.07.2017,-1,-1,-1,5.3,,
02.07.2017,-1,-1,-1,4.6,,
03.07.2017,1.8,4.7,0.5,4.1,,
04.07.2017,14.4,1.7,8,3.8,,
05.07.2017,1.3,-1,-1,3.7,,
06.07.2017,0.2,0.2,0.2,3.6,,
07.07.2017,-1,-1,-1,3.8,,
08.07.2017,-1,2.8,5.4,3.5,,
09.07.2017,-1,-1,-1,3.2,,
10.07.2017,-1,-1,-1,3,,
11.07.2017,1.6,11.7,5.8,2.8,,
12.07.2017,2.3,0.5,-1,2.9,,
13.07.2017,4.6,7.2,6,2.9,,
14.07.2017,-1,-1,-1,2.9,,
15.07.2017,-1,-1,-1,2.9,,
16.07.2017,-1,-1,-1,2.9,,
17.07.2017,6.2,1.7,2.5,2.8,,
18.07.2017,0.8,1.4,0.7,2.7,,
19.07.2017,1,0.7,1,2.7,,
20.07.2017,-1,-1,0.1,2.9,,
21.07.2017,-1,-1,-1,2.7,,
22.07.2017,-1,3.9,0.6,2.6,,
23.07.2017,0.1,-1,-1,2.5,,
24.07.2017,0.3,0.6,0.1,2.5,,
25.07.2017,0.1,0.1,1.2,2.5,,
26.07.2017,-1,-1,-1,2.4,,
27.07.2017,2.8,0.4,4.8,2.5,,
28.07.2017,0.3,0.6,0,2.6,,
29.07.2017,-1,-1,-1,2.8,,
30.07.2017,0.2,1.8,0.9,2.5,,
31.07.2017,2.6,-1,-1,1.9,,
01.08.2017,4.7,10.9,12.2,1.4,,
02.08.2017,20.3,5.9,15.1,2.3,,
03.08.2017,2.6,10.1,5.4,2.8,,
04.08.2017,6.8,13.1,10.3,5.5,,
05.08.2017,4,0.2,6.6,5.8,,
06.08.2017,24.3,1.9,12,6.2,,
07.08.2017,-1,4.4,0.1,7.5,,
08.08.2017,-1,-1,-1,14.2,,
09.08.2017,0.4,-1,-1,13.9,,
10.08.2017,-1,-1,-1,10.1,,
11.08.2017,-1,-1,-1,7.4,,
12.08.2017,11.3,19.9,17.9,6.2,,
13.08.2017,2.3,0.1,1,6.2,,
14.08.2017,-1,-1,-1,6.9,,
15.08.2017,-1,-1,-1,6.9,,
16.08.2017,0.1,-1,-1,6.3,,
17.08.2017,1.2,0.1,0.5,5.6,,
18.08.2017,10.8,-1,-1,4.8,,
19.08.2017,2.5,4.1,3.1,4.5,,
20.08.2017,-1,-1,-1,4.7,,
21.08.2017,-1,-1,-1,4.4,,
22.08.2017,5,2.7,-1,4.2,,
23.08.2017,-1,-1,-1,4,,
24.08.2017,-1,-1,-1,3.8,,
25.08.2017,0.6,1.4,0.5,3.8,,
26.08.2017,0.2,1.3,2.8,3.4,,
27.08.2017,-1,-1,0,3.3,,
28.08.2017,-1,-1,-1,3.1,,
29.08.2017,-1,-1,-1,2.8,,
30.08.2017,1.7,2,3,2.7,,
31.08.2017,13.3,3.3,7.3,2.7,,
01.09.2017,-1,0.1,-1,2.7,,
02.09.2017,-1,-1,-1,3.3,,
03.09.2017,-1,-1,-1,4,,
04.09.2017,-1,-1,-1,3.7,,
05.09.2017,-1,-1,-1,3.1,,
06.09.2017,-1,-1,-1,3.2,,
07.09.2017,5.2,1.7,3.1,3.1,,
08.09.2017,1,2.8,1.3,3.4,,
09.09.2017,13,18.5,14.2,3.3,,
10.09.2017,7.8,6.2,6.5,3.8,,
11.09.2017,6.7,11.8,7.6,6.1,,
12.09.2017,2.5,5.7,2.9,9.4,,
13.09.2017,0.4,-1,2.8,13.7,,
14.09.2017,3.8,30.1,3.6,14.9,,
15.09.2017,1.7,-1,0.2,15.1,,
16.09.2017,0.8,6,0.5,19.5,,
17.09.2017,-1,-1,-1,17,,
18.09.2017,0.1,-1,-1,14.7,,
19.09.2017,0.7,0.1,-1,12.3,,
20.09.2017,1.4,0.5,1.1,10.9,,
21.09.2017,0.4,2.9,0.4,9.8,,
22.09.2017,2.1,1.5,3.2,9.2,,
23.09.2017,-1,-1,-1,8.6,,
24.09.2017,-1,-1,-1,8,,
25.09.2017,-1,-1,-1,7.5,,
26.09.2017,-1,-1,-1,6.9,,
27.09.2017,-1,-1,0.2,6.2,,
28.09.2017,-1,-1,-1,5.7,,
29.09.2017,-1,-1,0.2,5.2,,
30.09.2017,0.3,-1,1.3,4.8,,
01.10.2017,-1,-1,0.2,4.6,,
02.10.2017,0.1,2.1,2.6,4.5,,
03.10.2017,18,20.4,26,4.5,,
04.10.2017,9.8,14.3,11.3,6.7,,
05.10.2017,0.5,2.8,2.5,25,,
06.10.2017,0.5,1.4,1.7,29.6,,
07.10.2017,3.6,7.8,6.8,25.9,,
08.10.2017,12.7,18.4,15.4,21.2,,
09.10.2017,10.7,15.1,13.3,27.9,,
10.10.2017,10.8,28.1,28,43.5,,
11.10.2017,1.3,1,0.5,65.9,,
12.10.2017,5.4,13.7,10.2,73.8,,
13.10.2017,0.2,-1,-1,65,,
14.10.2017,3.9,4.1,4.5,58.2,,
15.10.2017,0.8,4.5,5.1,49,,
16.10.2017,1.3,0.2,0.2,43,,
17.10.2017,5.2,4,5.2,39,,
18.10.2017,0.2,-1,-1,37,,
19.10.2017,-1,-1,-1,37,,
20.10.2017,-1,-1,-1,33,,
21.10.2017,-1,-1,-1,29,,
22.10.2017,0.2,-1,-1,25,,
23.10.2017,-1,-1,-1,23,,
24.10.2017,-1,-1,-1,20,,
25.10.2017,3.1,1.7,6,18.1,,
26.10.2017,9.8,10.1,13,16.7,,
27.10.2017,0.3,0.6,0.3,15.4,,
28.10.2017,10.2,17.8,14,15.1,,
29.10.2017,4,4.4,4.6,30,,
30.10.2017,0.1,-1,0.3,44,,
31.10.2017,-1,-1,-1,39,,
01.11.2017,-1,-1,-1,33,,
02.11.2017,0.3,0.1,-1,26,,
03.11.2017,-1,-1,0.1,22,,
04.11.2017,1.2,0.3,1,20,,
05.11.2017,0.2,-1,1,20,,
06.11.2017,2.1,3.1,1.2,22,,
07.11.2017,-1,-1,-1,25,,
08.11.2017,-1,0.3,0.3,25,,
09.11.2017,4.1,9.9,5.5,22,,
10.11.2017,0.6,1.8,1,22,,
11.11.2017,13.8,18.6,16,25,,
12.11.2017,1.6,1.6,1.1,38,,
13.11.2017,-1,-1,0.2,47,,
14.11.2017,1,0.7,0.5,43,,
15.11.2017,1.6,2.1,1.9,36,,
16.11.2017,0.9,1.8,1.8,31,,
17.11.2017,1.6,2.7,1.2,28,,
18.11.2017,5.2,11.1,15.9,28,,
19.11.2017,0.8,8,3.5,36,,
20.11.2017,1.9,8,4.2,40,,
21.11.2017,0.8,9.5,2.5,36,,
22.11.2017,-1,6.4,0.9,31,,
23.11.2017,3.2,2.4,3.7,26,,
24.11.2017,6.9,11.6,9.4,26,,
25.11.2017,4.1,7.8,6.6,39,,
26.11.2017,3,3.9,2.3,45,,
27.11.2017,3.8,0.9,6.3,44,,
28.11.2017,3,4.2,5.3,47,,
29.11.2017,1.8,1.1,0.8,47,,
30.11.2017,3.2,3.3,3.6,45,,
01.12.2017,6.2,8.8,5,43,,
02.12.2017,0.2,1.4,0.6,39,,
03.12.2017,4.3,7.3,5,38,,
04.12.2017,-1,-1,0.2,46,,
05.12.2017,0.9,0.2,0.8,45,,
06.12.2017,0.6,0.1,0.2,39,,
07.12.2017,11.6,10.4,11.1,33,,
08.12.2017,2.5,2,3,31,,
09.12.2017,3.7,0.2,1.2,36,,
10.12.2017,0.2,-1,0.4,40,,
11.12.2017,0.6,0.6,1.7,38,,
12.12.2017,17.1,27.1,16.6,34,,
13.12.2017,-1,2,3.8,31,,
14.12.2017,0.2,0.7,0.5,28,,
15.12.2017,7.2,12.2,10.5,25,,
16.12.2017,1.6,0.1,2.3,24,,
17.12.2017,-1,-1,0,24,,
18.12.2017,2.5,3.7,4,22,,
19.12.2017,0.4,0.2,0.5,21,,
20.12.2017,7.7,4.7,5.7,21,,
21.12.2017,-1,-1,0.1,26,,
22.12.2017,-1,-1,-1,36.6,,
23.12.2017,8.8,5.8,6.8,34.3,,
24.12.2017,-1,-1,-1,30,,
25.12.2017,7.3,4.7,4.5,24.7,,
26.12.2017,3.8,4.6,4.2,22.9,,
27.12.2017,0.7,1.4,0.6,22.2,,
28.12.2017,1.2,2.5,2.9,23,,
29.12.2017,11.2,14.9,9.5,26,,
30.12.2017,1,1.6,0.6,35.8,,
31.12.2017,0.9,2.4,2.2,36,,
01.01.2018,3.4,3.6,3.1,32,,
02.01.2018,1.7,0.4,2,30,,
03.01.2018,0.8,0.6,2.7,38,,
04.01.2018,6.1,5.6,8.4,44,,
05.01.2018,6.2,8.2,8.2,52,,
06.01.2018,1.5,0.8,1.3,71,,
07.01.2018,0.9,-1,0.5,72,,
08.01.2018,0.4,0.1,0.3,64,,
09.01.2018,-1,-1,-1,53.77,,
10.01.2018,0.2,-1,-1,45.62,,
11.01.2018,-1,-1,0.1,41.9,,
12.01.2018,-1,-1,-1,38.95,,
13.01.2018,-1,-1,-1,36.43,,
14.01.2018,-1,-1,-1,32.45,,
15.01.2018,-1,-1,0,28.21,,
16.01.2018,0.1,-1,0.4,23.8,,
17.01.2018,2.1,4.9,5,18.88,,
18.01.2018,1.9,4.1,1.5,16.42,,
19.01.2018,-1,-1,0.4,14.19,,
20.01.2018,-1,0.4,-1,12.56,,
21.01.2018,1.2,3.1,3.4,11.33,,
22.01.2018,0.3,2.1,1,10.79,,
23.01.2018,3.8,2,4.3,10.34,,
24.01.2018,12.5,18.9,15.2,10.92,,
25.01.2018,2.7,1.9,0.8,11.82,,
26.01.2018,0.4,0.2,0.1,37.55,,
27.01.2018,2.2,1.3,4.2,38.24,,
28.01.2018,0.6,2.8,1.6,36.43,,
29.01.2018,1.2,0.4,0.5,30.54,,
30.01.2018,0.4,0.4,1.1,26.87,,
31.01.2018,0.1,0.6,0.4,22.25,,
01.02.2018,4.6,12.5,7.5,19.83,,
02.02.2018,1.5,-1,0,17.24,,
03.02.2018,0.2,-1,0.1,14.54,,
04.02.2018,-1,-1,-1,13.03,,
05.02.2018,0.9,0.8,1.6,11.97,,
06.02.2018,1.1,2.2,2.4,10.72,,
07.02.2018,1,1.7,0.5,9.91,,
08.02.2018,-1,0.6,0.2,9.21,,
09.02.2018,-1,-1,-1,8.56,,
10.02.2018,-1,-1,0.2,8.06,,
11.02.2018,1.3,1.2,2.1,7.49,,
12.02.2018,0.9,2.6,2,7.05,,
13.02.2018,0.1,0.2,0.2,6.63,,
14.02.2018,-1,-1,-1,6.36,,
15.02.2018,0.4,0.6,0.7,6.09,,
16.02.2018,0.2,-1,0.7,5.84,,
17.02.2018,-1,-1,0,5.63,,
18.02.2018,-1,-1,-1,5.43,,
19.02.2018,-1,-1,-1,5.23,,
20.02.2018,-1,-1,-1,5.04,,
21.02.2018,-1,-1,-1,4.8,,
22.02.2018,-1,-1,-1,4.58,,
23.02.2018,-1,-1,-1,4.41,,
24.02.2018,-1,-1,-1,4.25,,
25.02.2018,0.3,0.2,0.8,4.08,,
26.02.2018,-1,-1,0,3.93,,
27.02.2018,-1,-1,-1,3.81,,
28.02.2018,-1,-1,-1,3.61,,
01.03.2018,-1,-1,-1,3.48,,
02.03.2018,-1,-1,-1,3.42,,
03.03.2018,-1,-1,-1,3.27,,
04.03.2018,-1,-1,-1,3.22,,
05.03.2018,-1,-1,-1,3.16,,
06.03.2018,-1,-1,-1,3.1,,
07.03.2018,-1,-1,-1,3.01,,
08.03.2018,1.4,4,2.3,2.95,,
09.03.2018,0.9,0.6,0.5,2.9,,
10.03.2018,4.4,1.3,1.2,2.86,,
11.03.2018,-1,0.1,0.2,2.85,,
12.03.2018,6.1,5.1,8.2,2.97,,
13.03.2018,5.4,5.4,8,3.06,,
14.03.2018,-1,-1,0.1,3.2,,
15.03.2018,-1,-1,-1,3.36,,
16.03.2018,-1,-1,-1,3.44,,
17.03.2018,-1,-1,-1,3.5,,
18.03.2018,-1,-1,0,3.44,,
19.03.2018,0.9,2.1,1.2,3.31,,
20.03.2018,2.5,1.6,0.3,3.22,,
21.03.2018,0.5,0.2,0.1,3.12,,
22.03.2018,3.6,2.6,1,3.04,,
23.03.2018,0.2,-1,0.3,2.94,,
24.03.2018,-1,-1,-1,2.9,,
25.03.2018,0.3,0.6,-1,2.88,,
26.03.2018,-1,-1,-1,2.9,,
27.03.2018,0.5,-1,-1,2.94,,
28.03.2018,0.2,0.1,0.8,2.94,,
29.03.2018,-1,-1,-1,2.94,,
30.03.2018,-1,-1,-1,2.9,,
31.03.2018,-1,-1,-1,2.86,,
01.04.2018,1.4,4.1,2.6,2.9,,
02.04.2018,17.5,11.7,10.5,2.95,,
03.04.2018,-1,-1,-1,3.06,,
04.04.2018,2,1.2,0.9,3.25,,
05.04.2018,1.1,1.3,0.6,3.81,,
06.04.2018,0.8,2.3,0.6,3.81,,
07.04.2018,-1,-1,-1,3.81,,
08.04.2018,-1,-1,-1,3.81,,
09.04.2018,2.9,3.6,8.5,43,,
10.04.2018,-1,-1,-1,54,,
11.04.2018,-1,-1,-1,56,,
12.04.2018,-1,-1,-1,59,,
13.04.2018,-1,-1,-1,60,,
14.04.2018,-1,-1,-1,53,,
15.04.2018,0.3,7,1.5,49,,
16.04.2018,0.3,4.5,0.7,51,,
17.04.2018,-1,-1,-1,56,,
18.04.2018,0.2,1.2,-1,58,,
19.04.2018,-1,-1,-1,58,,
20.04.2018,8,0.5,3.2,56,,
21.04.2018,6.8,0.3,0.5,53,,
22.04.2018,0.4,0.3,0.1,53,,
23.04.2018,0.2,1.6,0.2,51,,
24.04.2018,0.6,1.3,0.3,47,,
25.04.2018,1,3.2,0,40,,
26.04.2018,-1,1.6,-1,36,,
27.04.2018,-1,0.3,0.6,33,,
28.04.2018,1.2,0.5,2.3,29,,
29.04.2018,6.9,2.4,5.9,27,,
30.04.2018,-1,-1,0,30,,
01.05.2018,3,2.6,3.9,31,,
02.05.2018,4,0.9,2,28,,
03.05.2018,0.9,1.1,0.7,29,,
04.05.2018,-1,-1,-1,28,,
05.05.2018,-1,-1,-1,25,,
06.05.2018,-1,-1,-1,22,,
07.05.2018,-1,-1,-1,20,,
08.05.2018,-1,-1,-1,18.4,,
09.05.2018,-1,-1,-1,16.7,,
10.05.2018,-1,-1,-1,15.1,,
11.05.2018,-1,-1,-1,13.7,,
12.05.2018,-1,-1,-1,12.9,,
13.05.2018,-1,-1,-1,11,,
14.05.2018,-1,-1,-1,10,,
15.05.2018,-1,-1,-1,9,,
16.05.2018,-1,-1,-1,8.3,,
17.05.2018,-1,0.9,11.5,7.9,,
18.05.2018,-1,1,0.1,7.7,,
19.05.2018,-1,-1,-1,7.5,,
20.05.2018,-1,-1,-1,6.7,,
21.05.2018,-1,-1,-1,6.1,,
22.05.2018,-1,-1,-1,5.7,,
23.05.2018,-1,-1,-1,5.2,,
24.05.2018,-1,-1,-1,4.8,,
25.05.2018,-1,-1,-1,4.7,,
26.05.2018,-1,-1,-1,4.4,,
27.05.2018,-1,-1,-1,4.4,,
28.05.2018,-1,-1,-1,4.2,,
29.05.2018,-1,-1,-1,4.1,,
30.05.2018,-1,-1,-1,3.9,,
31.05.2018,-1,-1,-1,3.6,,
01.06.2018,-1,0.1,0.3,3.5,,
02.06.2018,-1,-1,-1,3.3,,
03.06.2018,-1,-1,-1,3.5,,
04.06.2018,-1,-1,-1,3.5,,
05.06.2018,0.9,-1,-1,3.1,,
06.06.2018,0.1,-1,-1,3.3,,
07.06.2018,-1,-1,-1,3.2,,
08.06.2018,-1,-1,-1,2.9,,
09.06.2018,-1,-1,-1,2.8,,
10.06.2018,-1,-1,0.5,3.1,,
11.06.2018,0.1,11.8,3,3.2,,
12.06.2018,-1,-1,-1,3.2,,
13.06.2018,-1,-1,-1,3.2,,
14.06.2018,-1,-1,-1,3.1,,
15.06.2018,-1,-1,-1,2.8,,
16.06.2018,-1,-1,-1,3.2,,
17.06.2018,-1,-1,-1,2.9,,
18.06.2018,-1,-1,-1,2.9,,
19.06.2018,6.9,10.6,7.5,3.2,,
20.06.2018,-1,-1,-1,3.3,,
21.06.2018,19.6,17,25.6,3.5,,
22.06.2018,1.3,1.9,1.1,4.4,,
23.06.2018,-1,-1,-1,5.9,,
24.06.2018,0.1,0.7,0.5,5.5,,
25.06.2018,-1,-1,-1,4.2,,
26.06.2018,-1,-1,-1,3.9,,
27.06.2018,-1,-1,-1,3.5,,
28.06.2018,3.7,4,4,3.3,,
29.06.2018,18.7,0.5,2.4,3.3,,
30.06.2018,0.7,1.8,0,3.8,,
01.07.2018,-1,0.3,-1,4.8,,
02.07.2018,21.8,20.1,15.5,3.68,,
03.07.2018,6.4,2.2,5,3.7,,
04.07.2018,-1,-1,14.8,4.99,,
05.07.2018,4.3,3.8,2.9,7.24,,
06.07.2018,0.6,0.2,-1,5.33,,
07.07.2018,-1,-1,-1,4.42,,
08.07.2018,-1,-1,-1,3.99,,
09.07.2018,-1,-1,-1,3.66,,
10.07.2018,0.4,-1,1.5,3.38,,
11.07.2018,-1,-1,-1,3.17,,
12.07.2018,-1,-1,-1,3.13,,
13.07.2018,-1,-1,-1,2.8,,
14.07.2018,-1,-1,-1,2.84,,
15.07.2018,-1,-1,-1,2.67,,
16.07.2018,-1,-1,-1,2.51,,
17.07.2018,-1,-1,-1,2.65,,
18.07.2018,-1,-1,-1,2.82,,
19.07.2018,1.1,3.4,6.5,2.38,,
20.07.2018,5.6,43.8,15,2.46,,
21.07.2018,1.5,0.4,28.2,3.15,,
22.07.2018,-1,-1,-1,3.09,,
23.07.2018,-1,-1,-1,3.26,,
24.07.2018,-1,-1,0,3.16,,
25.07.2018,-1,-1,-1,3.09,,
26.07.2018,-1,-1,-1,2.58,,
27.07.2018,-1,-1,-1,2.54,,
28.07.2018,-1,2,0.2,2.62,,
29.07.2018,-1,-1,-1,2.65,,
30.07.2018,-1,-1,-1,2.36,,
31.07.2018,-1,-1,-1,2.4,,
01.08.2018,12.5,-1,-1,2.27,,
02.08.2018,0.2,-1,-1,2.28,,
03.08.2018,-1,1.3,-1,2.28,,
04.08.2018,0.1,0.3,5.5,2.4,,
05.08.2018,-1,-1,0.6,2.54,,
06.08.2018,-1,-1,0,2.21,,
07.08.2018,0.5,0.3,-1,2.12,,
08.08.2018,-1,-1,-1,1.95,,
09.08.2018,-1,-1,-1,1.5,,
10.08.2018,-1,2.2,0,2.28,,
11.08.2018,-1,3.4,1,2.3,,
12.08.2018,12.9,7.9,13.5,2.41,,
13.08.2018,1.2,-1,0.3,2.54,,
14.08.2018,-1,-1,-1,2.76,,
15.08.2018,-1,0.1,-1,3.3,,
16.08.2018,-1,-1,-1,2.85,,
17.08.2018,-1,-1,-1,2.62,,
18.08.2018,1.3,9.2,3,2.4,,
19.08.2018,2.6,0.1,-1,2.37,,
20.08.2018,13.4,28.6,11.1,2.43,,
21.08.2018,0.6,-1,-1,2.99,,
22.08.2018,-1,-1,-1,3.23,,
23.08.2018,4.4,0.1,-1,3.56,,
24.08.2018,10.2,0.1,13.2,3.03,,
25.08.2018,-1,0.1,0,3.06,,
26.08.2018,11,19.4,13.4,3.26,,
27.08.2018,-1,-1,-1,3.85,,
28.08.2018,-1,-1,-1,3.86,,
29.08.2018,0.3,0.3,-1,3.62,,
30.08.2018,1.8,0.1,1,2.97,,
31.08.2018,0.1,0.2,0,2.74,,
01.09.2018,0.7,1.9,3.3,2.69,,
02.09.2018,-1,-1,-1,2.76,,
03.09.2018,-1,-1,-1,2.94,,
04.09.2018,-1,-1,-1,2.79,,
05.09.2018,-1,-1,-1,2.61,,
06.09.2018,-1,-1,-1,2.3,,
07.09.2018,-1,-1,-1,2.48,,
08.09.2018,-1,-1,-1,2.45,,
09.09.2018,0.1,-1,0.6,2.35,,
10.09.2018,1.2,-1,8,2.4,,
11.09.2018,13.7,19.1,14,2.14,,
12.09.2018,1.5,1.7,0.5,3.31,,
13.09.2018,-1,-1,-1,4.21,,
14.09.2018,-1,5.4,0.2,4.17,,
15.09.2018,5.4,2.5,7.5,3.25,,
16.09.2018,1.3,1.2,1.3,3.09,,
17.09.2018,8.6,7.7,7.5,3.39,,
18.09.2018,0.2,0.2,-1,3.92,,
19.09.2018,-1,-1,-1,4.56,,
20.09.2018,0.1,0.7,-1,3.96,,
21.09.2018,0.2,0.1,0.4,3.22,,
22.09.2018,0.7,0.4,2,3.1,,
23.09.2018,0.2,-1,-1,2.86,,
24.09.2018,0.2,-1,0.1,2.73,,
25.09.2018,-1,-1,-1,2.4,,
26.09.2018,7.7,2.5,5.9,2.5,,
27.09.2018,-1,-1,-1,2.47,,
28.09.2018,-1,-1,-1,2.71,,
29.09.2018,1,1.5,-1,2.76,,
30.09.2018,1.5,-1,-1,2.7,,
01.10.2018,-1,-1,-1,2.41,,
02.10.2018,2.8,7.2,3.2,2.62,,
03.10.2018,0.8,4.2,3.7,2.53,,
04.10.2018,0.7,0.7,0.4,2.57,,
05.10.2018,3.5,2.8,1.5,2.83,,
06.10.2018,-1,-1,-1,2.81,,
07.10.2018,-1,-1,-1,2.79,,
08.10.2018,3.1,9,2.1,2.51,,
09.10.2018,2.7,0.5,0.3,2.88,,
10.10.2018,0.2,-1,-1,2.99,,
11.10.2018,0.5,-1,-1,2.63,,
12.10.2018,-1,-1,-1,2.91,,
13.10.2018,-1,-1,-1,2.63,,
14.10.2018,-1,-1,-1,2.3,,
15.10.2018,-1,-1,0,2.94,,
16.10.2018,-1,-1,0,2.54,,
17.10.2018,0.1,-1,0,2.71,,
18.10.2018,7.5,4.1,4.5,2.55,,
19.10.2018,-1,-1,-1,2.86,,
20.10.2018,0.3,0.1,-1,2.91,,
21.10.2018,3.3,2.3,2.7,3.22,,
22.10.2018,0.1,1.1,-1,2.77,,
23.10.2018,2.7,6,4.8,3.33,,
24.10.2018,-1,-1,-1,3.02,,
25.10.2018,3.4,1.2,0.8,3.52,,
26.10.2018,0.8,1.2,1,3.22,,
27.10.2018,-1,-1,-1,3.62,,
28.10.2018,-1,-1,-1,3.07,,
29.10.2018,-1,0.3,-1,3.34,,
30.10.2018,0.7,0.4,0.2,2.88,,
31.10.2018,1.5,6.4,0.3,2.85,,
01.11.2018,-1,0.2,0,2.93,,
02.11.2018,4.1,2.4,3,3.2,,
03.11.2018,-1,0.2,0.1,3.06,,
04.11.2018,-1,-1,-1,3.37,,
05.11.2018,0.2,0.3,0.3,3.78,,
06.11.2018,0.8,0.1,0.4,3.71,,
07.11.2018,0.9,0.3,0.7,3.61,,
08.11.2018,0.7,1.1,1,3.29,,
09.11.2018,1.6,1.3,2.8,3.22,,
10.11.2018,0.3,0.5,1,3.97,,
11.11.2018,-1,-1,0.2,4.85,,
12.11.2018,7,9.9,9.6,5.02,,
13.11.2018,3.2,2.7,0.3,5.76,,
14.11.2018,-1,-1,0.2,9.18,,
15.11.2018,0.4,0.1,0.1,9.52,,
16.11.2018,0.1,0.1,0.1,7.74,,
17.11.2018,-1,-1,-1,6.46,,
18.11.2018,-1,-1,-1,5.68,,
19.11.2018,-1,-1,-1,5.22,,
20.11.2018,-1,-1,-1,4.83,,
21.11.2018,-1,-1,-1,4.4,,
22.11.2018,-1,-1,-1,4.09,,
23.11.2018,-1,-1,-1,3.84,,
24.11.2018,-1,-1,-1,3.63,,
25.11.2018,-1,-1,-1,3.56,,
26.11.2018,-1,-1,-1,3.38,,
27.11.2018,0.1,-1,-1,2.77,,
28.11.2018,-1,-1,-1,3.1,,
29.11.2018,2.7,-1,0.2,2.67,,
30.11.2018,0.1,-1,-1,2.58,,
01.12.2018,0.2,1,0.4,2.54,,
02.12.2018,-1,-1,0.2,2.69,,
03.12.2018,0.9,0.6,0.7,2.92,,
04.12.2018,3.3,4.4,3.6,2.75,,
05.12.2018,0.9,1,1.2,2.88,,
06.12.2018,0.1,0.5,-1,3.27,,
07.12.2018,3.6,2.7,2.5,3.65,,
08.12.2018,2.5,8.9,4.5,3.47,,
09.12.2018,3.4,4,5.5,4.19,,
10.12.2018,0.3,2.4,1,8.78,,
11.12.2018,-1,0.1,0.3,10.44,,
12.12.2018,-1,-1,-1,8.55,,
13.12.2018,-1,-1,-1,6.72,,
14.12.2018,1.4,-1,-1,5.5,,
15.12.2018,0.4,-1,-1,4.74,,
16.12.2018,-1,0.4,2.1,3.95,,
17.12.2018,2.6,4.1,2,3.9,,
18.12.2018,2,1,2.9,4,,
19.12.2018,2.2,0.4,2.9,3.72,,
20.12.2018,-1,-1,0.1,3.52,,
21.12.2018,-1,0.1,0.5,3.58,,
22.12.2018,0.5,0.3,1.5,3.37,,
23.12.2018,-1,-1,-1,3.41,,
24.12.2018,0.5,0.2,1.5,2.9,,
25.12.2018,4.4,2.2,-1,3.21,,
26.12.2018,-1,-1,1.1,2.79,,
27.12.2018,-1,0.8,0,3.05,,
28.12.2018,-1,-1,1,2.69,,
29.12.2018,0.2,0.1,-1,2.69,,
30.12.2018,-1,-1,0.3,2.69,,
31.12.2018,6.7,7.5,5.6,2.69,,
01.01.2019,6.8,2.6,2.9,1.9,,
02.01.2019,0.2,0.9,0.5,1.9,,
03.01.2019,1.6,1.2,1.4,1.8,,
04.01.2019,1.5,1.3,0.6,1.8,,
05.01.2019,-1,-1,-1,1.8,,
06.01.2019,0.9,1.5,0.9,1.8,,
07.01.2019,1.3,2.2,2.9,1.8,,
08.01.2019,8.7,8.2,8.1,1.8,,
09.01.2019,0.2,0.7,0.5,1.8,,
10.01.2019,1.5,2.3,1.3,1.8,,
11.01.2019,0.3,-1,-1,1.8,,
12.01.2019,-1,-1,-1,1.8,,
13.01.2019,4,3.4,3.9,1.8,,
14.01.2019,5,1.3,2.1,1.8,,
15.01.2019,0.1,-1,0.2,1.8,,
16.01.2019,7.1,7.9,10.2,1.7,,
17.01.2019,0.4,3.2,1.5,1.7,,
18.01.2019,-1,-1,-1,1.7,,
19.01.2019,6.6,2.7,5.1,1.7,,
20.01.2019,-1,-1,-1,1.7,,
21.01.2019,-1,-1,-1,1.7,,
22.01.2019,0.6,0.4,1.4,1.7,,
23.01.2019,3.4,2.8,2.4,1.7,,
24.01.2019,-1,-1,-1,1.7,,
25.01.2019,2.3,1.3,0.7,1.7,,
26.01.2019,1.1,1,0.7,1.7,,
27.01.2019,-1,-1,-1,1.7,,
28.01.2019,0.6,4.8,3.4,1.7,,
29.01.2019,7.2,5.2,8.2,1.7,,
30.01.2019,1,2.6,2.4,1.7,,
31.01.2019,0.1,-1,-1,1.7,,
01.02.2019,-1,0.5,0.5,1.7,,
02.02.2019,3.6,6.1,4.5,1.7,,
03.02.2019,4.8,4.2,5,1.7,,
04.02.2019,2.2,2.4,2.1,1.7,,
05.02.2019,5.5,9.3,5.4,1.7,,
06.02.2019,1.3,2.4,2.2,1.7,,
07.02.2019,3.3,3.8,2,1.8,,
08.02.2019,1.6,1.2,1.1,1.8,,
09.02.2019,4.1,6.7,3.7,2.3,,
10.02.2019,0.7,3,1.1,4.5,,
11.02.2019,3.7,6.3,4.1,10.3,,
12.02.2019,-1,-1,-1,12.6,,
13.02.2019,1,0.8,0.5,10.8,,
14.02.2019,-1,-1,-1,9.6,,
15.02.2019,-1,-1,-1,8.6,,
16.02.2019,-1,-1,-1,9.1,,
17.02.2019,-1,-1,-1,10.1,,
18.02.2019,0.2,-1,-1,9.4,,
19.02.2019,3.4,4.2,5,9.1,,
20.02.2019,0.6,0.3,0.1,13.4,,
21.02.2019,-1,-1,-1,15.9,,
22.02.2019,4.1,2.9,2.6,13.9,,
23.02.2019,-1,-1,-1,12.3,,
24.02.2019,0.2,-1,-1,11,,
25.02.2019,0.5,-1,-1,10.1,,
26.02.2019,-1,-1,-1,10.8,,
27.02.2019,-1,-1,-1,12,,
28.02.2019,1.6,0.3,0.6,12.6,,
01.03.2019,-1,-1,-1,13.4,,
02.03.2019,1.7,0.1,-1,12.9,,
03.03.2019,-1,-1,-1,11.5,,
04.03.2019,-1,2.6,-1,10.3,,
05.03.2019,-1,0.1,-1,9.4,,
06.03.2019,0.8,0.2,0.5,7.9,,
07.03.2019,4.5,5.9,4.1,7.1,,
08.03.2019,5.4,5,5.4,6.9,,
09.03.2019,5.3,4.3,3.1,11,,
10.03.2019,0.1,-1,0.1,13.9,,
11.03.2019,0.6,0.2,0.3,12,,
12.03.2019,-1,-1,-1,10.5,,
13.03.2019,0.5,2.8,2.1,9.4,,
14.03.2019,1.5,3.2,2,8.3,,
15.03.2019,1.6,3.7,4.1,7.9,,
16.03.2019,1.7,1.6,2.2,9.6,,
17.03.2019,11.4,13.4,12.4,13.7,,
18.03.2019,1.7,2.2,2.3,21,,
19.03.2019,0.6,1.2,0.5,36,,
20.03.2019,0.8,1.9,0.9,41,,
21.03.2019,-1,-1,-1,38,,
22.03.2019,-1,-1,-1,38,,
23.03.2019,0.2,0.2,0.4,36,,
24.03.2019,-1,-1,-1,36,,
25.03.2019,0.8,1.6,-1,37,,
26.03.2019,-1,-1,-1,33,,
27.03.2019,-1,-1,-1,28,,
28.03.2019,-1,-1,-1,25,,
29.03.2019,-1,-1,-1,29,,
30.03.2019,6.2,5.6,6,42,,
31.03.2019,-1,0.6,0.7,54,,
01.04.2019,-1,-1,-1,60,,
02.04.2019,-1,-1,-1,57,,
03.04.2019,-1,-1,-1,53,,
04.04.2019,-1,-1,-1,49,,
05.04.2019,-1,-1,-1,48,,
06.04.2019,-1,-1,-1,48,,
07.04.2019,0.4,0.1,-1,46,,
08.04.2019,0.8,4.2,3.9,44,,
09.04.2019,3.4,1.4,2.1,43,,
10.04.2019,-1,0.1,0.1,43,,
11.04.2019,-1,-1,-1,39,,
12.04.2019,-1,-1,-1,34,,
13.04.2019,-1,-1,-1,30,,
14.04.2019,-1,-1,-1,26,,
15.04.2019,-1,-1,-1,25,,
16.04.2019,-1,-1,-1,24,,
17.04.2019,-1,-1,-1,23,,
18.04.2019,-1,-1,-1,22,,
19.04.2019,-1,-1,-1,22,,
20.04.2019,-1,-1,-1,21,,
21.04.2019,-1,-1,-1,20,,
22.04.2019,-1,-1,-1,18.7,,
23.04.2019,-1,-1,-1,17.2,,
24.04.2019,-1,-1,-1,16.2,,
25.04.2019,-1,-1,-1,14.7,,
26.04.2019,-1,0.6,1.7,13.4,,
27.04.2019,-1,-1,-1,12.3,,
28.04.2019,-1,-1,-1,11,,
29.04.2019,-1,-1,-1,9.8,,
30.04.2019,-1,-1,-1,8.8,,
01.05.2019,3,3.4,2.8,7.7,,
02.05.2019,3.7,10.2,7.1,7.5,,
03.05.2019,-1,-1,-1,7.7,,
04.05.2019,2.4,5.4,0.6,7.7,,
05.05.2019,2.9,-1,-1,7.1,,
06.05.2019,-1,-1,-1,6.7,,
07.05.2019,-1,-1,-1,6.3,,
08.05.2019,-1,-1,-1,5.9,,
09.05.2019,-1,-1,-1,5.3,,
10.05.2019,1.8,4.3,3.5,5,,
11.05.2019,25,17,17.3,5,,
12.05.2019,-1,-1,-1,16.4,,
13.05.2019,-1,-1,-1,27,,
14.05.2019,-1,-1,-1,22,,
15.05.2019,-1,-1,-1,16.2,,
16.05.2019,-1,-1,-1,13.2,,
17.05.2019,-1,-1,-1,11.5,,
18.05.2019,-1,-1,-1,10.1,,
19.05.2019,-1,-1,-1,8.8,,
20.05.2019,0.1,0.2,-1,7.5,,
21.05.2019,-1,-1,32,6.5,,
22.05.2019,-1,0.2,13.1,5.9,,
23.05.2019,0.3,0.1,0.3,6.1,,
24.05.2019,0.1,1.8,1.2,7.3,,
25.05.2019,6.3,2.1,4.9,6.1,,
26.05.2019,7.8,11.3,8.4,5.3,,
27.05.2019,1.5,0.1,0.1,7.3,,
28.05.2019,7.1,6.6,5.2,9.1,,
29.05.2019,-1,0.1,-1,8.3,,
30.05.2019,2.9,1.2,3.2,8.3,,
31.05.2019,-1,0.1,0.1,8.1,,
01.06.2019,2.5,2.2,1.9,6.7,,
02.06.2019,1,0.4,0.3,5.7,,
03.06.2019,-1,4.5,1.5,5.3,,
04.06.2019,-1,-1,-1,4.8,,
05.06.2019,-1,-1,-1,4.5,,
06.06.2019,-1,-1,-1,3.9,,
07.06.2019,-1,-1,-1,3.6,,
08.06.2019,3,8.7,3.3,3.2,,
09.06.2019,1.4,-1,-1,3.2,,
10.06.2019,-1,-1,-1,3.5,,
11.06.2019,-1,-1,-1,3.5,,
12.06.2019,-1,-1,-1,3.1,,
13.06.2019,-1,0.1,-1,2.5,,
14.06.2019,0.2,0.1,0.3,2.3,,
15.06.2019,-1,-1,-1,2,,
16.06.2019,-1,-1,-1,2.1,,
17.06.2019,0.3,2.1,1,2,,
18.06.2019,-1,-1,-1,1.9,,
19.06.2019,-1,-1,-1,1.8,,
20.06.2019,0.3,-1,-1,2,,
21.06.2019,-1,-1,-1,2,,
22.06.2019,0.6,0.1,0.9,1.9,,
23.06.2019,1.5,-1,0.4,1.9,,
24.06.2019,-1,-1,-1,1.8,,
25.06.2019,1.2,0.2,0.4,1.8,,
26.06.2019,3.3,2.1,2.6,1.9,,
27.06.2019,3.7,1.6,0.4,1.9,,
28.06.2019,-1,-1,-1,1.8,,
29.06.2019,-1,-1,-1,1.9,,
30.06.2019,-1,-1,-1,1.9,,
01.07.2019,1.9,-1,0.1,1.9,,
02.07.2019,4.9,23,8.2,1.8,,
03.07.2019,-1,-1,-1,2.2,,
04.07.2019,2.8,9.7,11,3.1,,
05.07.2019,17.4,19.2,8.4,3.1,,
06.07.2019,1.4,4.8,8.1,3.5,,
07.07.2019,2.4,10,2,4.4,,
08.07.2019,0.9,0.5,3.2,4.1,,
09.07.2019,-1,-1,-1,3.3,,
10.07.2019,-1,-1,-1,2.7,,
11.07.2019,-1,-1,-1,2.3,,
12.07.2019,-1,-1,-1,2,,
13.07.2019,-1,-1,-1,1.9,,
14.07.2019,-1,-1,-1,1.9,,
15.07.2019,-1,0.1,-1,1.9,,
16.07.2019,-1,-1,0.1,1.9,,
17.07.2019,1.3,-1,0.7,1.8,,
18.07.2019,-1,-1,-1,1.8,,
19.07.2019,-1,-1,-1,1.7,,
20.07.2019,-1,-1,-1,1.7,,
21.07.2019,-1,-1,-1,1.7,,
22.07.2019,-1,-1,-1,1.7,,
23.07.2019,-1,0.5,-1,1.5,,
24.07.2019,-1,-1,-1,1.5,,
25.07.2019,-1,-1,-1,1.6,,
26.07.2019,-1,-1,-1,1.6,,
27.07.2019,-1,-1,-1,1.6,,
28.07.2019,-1,-1,-1,1.1,,
29.07.2019,-1,-1,-1,1.4,,
30.07.2019,-1,-1,-1,1.6,,
31.07.2019,-1,-1,-1,1.5,,
01.08.2019,-1,-1,-1,1.4,,
02.08.2019,-1,-1,-1,1,,
03.08.2019,0.3,-1,-1,1.2,,
04.08.2019,-1,0.1,-1,1.3,,
05.08.2019,-1,-1,-1,1.4,,
06.08.2019,-1,6.9,-1,1.5,,
07.08.2019,-1,-1,-1,1.5,,
08.08.2019,-1,0.4,1.6,1.5,,
09.08.2019,0.8,0.3,-1,1.6,,
10.08.2019,0.2,-1,-1,1.6,,
11.08.2019,16.3,9.7,3.8,1.6,,
12.08.2019,1.7,-1,0.9,1.8,,
13.08.2019,11.1,0.7,0.5,2.2,,
14.08.2019,1.2,3.5,1.6,2.7,,
15.08.2019,0.5,1.1,-1,2.6,,
16.08.2019,0.4,-1,0.2,2.6,,
17.08.2019,-1,-1,-1,2.1,,
18.08.2019,2.1,0.8,2.1,1.9,,
19.08.2019,9,3.7,6.2,1.8,,
20.08.2019,-1,-1,0.3,1.8,,
21.08.2019,2.9,0.8,34,1.8,,
22.08.2019,4.1,18.2,3.2,2.2,,
23.08.2019,6.9,23.4,2.2,2.5,,
24.08.2019,-1,-1,-1,2.6,,
25.08.2019,-1,-1,-1,2.6,,
26.08.2019,-1,-1,-1,2.5,,
27.08.2019,-1,0.1,-1,2.1,,
28.08.2019,-1,-1,-1,2,,
29.08.2019,1.8,0.9,1.8,2,,
30.08.2019,0.5,0.1,-1,1.9,,
31.08.2019,-1,-1,-1,1.8,,
01.09.2019,-1,0.1,-1,1.8,,
02.09.2019,10.8,19.4,12.7,1.9,,
03.09.2019,-1,-1,-1,2.1,,
04.09.2019,5.5,-1,1.9,2,,
05.09.2019,2.2,7.7,6.3,2.4,,
06.09.2019,3.7,3.1,2.7,2.7,,
07.09.2019,0.2,0.9,2,2.6,,
08.09.2019,0.7,0.5,1.5,3,,
09.09.2019,8.8,10.4,2.7,2.6,,
10.09.2019,-1,-1,-1,2.9,,
11.09.2019,8,18.6,10.3,2.5,,
12.09.2019,4.7,1.3,3.2,3.5,,
13.09.2019,1.1,1.5,4.3,4.3,,
14.09.2019,4.1,13.1,7,4.1,,
15.09.2019,9,9.7,9.7,4.2,,
16.09.2019,0.4,0.9,-1,5.9,,
17.09.2019,0.3,0.1,0.5,7.8,,
18.09.2019,-1,0.5,-1,6.2,,
19.09.2019,0.3,0.7,-1,4.4,,
20.09.2019,0.8,1.1,1.4,3.4,,
21.09.2019,1,0.1,0.8,3,,
22.09.2019,-1,-1,-1,2.7,,
23.09.2019,-1,-1,-1,2.5,,
24.09.2019,-1,6,7,2.3,,
25.09.2019,-1,0.2,-1,2.4,,
26.09.2019,-1,-1,-1,2.3,,
27.09.2019,0.2,0.1,-1,2.3,,
28.09.2019,0.8,1.1,1.1,2.4,,
29.09.2019,2.2,0.8,9.9,2.3,,
30.09.2019,32.7,11.5,13.7,2.2,,
01.10.2019,-1,0.7,2.7,5.5,,
02.10.2019,0.4,-1,0.1,18.8,,
03.10.2019,4.1,0.3,0.8,18.1,,
04.10.2019,1.1,1.8,0.9,11.6,,
05.10.2019,0.5,-1,-1,8.4,,
06.10.2019,0.2,-1,0.2,7.6,,
07.10.2019,0.5,0.1,1.5,6.5,,
08.10.2019,1.3,-1,-1,5.6,,
09.10.2019,-1,0.3,-1,5.1,,
10.10.2019,0.4,1.1,2,4.6,,
11.10.2019,12.7,23.1,14.6,4.5,,
12.10.2019,3,0.4,0.3,6.3,,
13.10.2019,0.4,0.4,0.1,13.2,,
14.10.2019,2.6,10.2,3.7,13,,
15.10.2019,3.1,0.5,2.3,11.6,,
16.10.2019,0.1,0.5,0.3,10.6,,
17.10.2019,3.8,6.4,3.7,10.3,,
18.10.2019,2.2,2.6,1.7,11.1,,
19.10.2019,3.6,1.8,3,11.5,,
20.10.2019,15.7,10,10.7,12.9,,
21.10.2019,0.3,-1,-1,18.4,,
22.10.2019,0.1,0.5,0.4,24.8,,
23.10.2019,-1,-1,-1,22,,
24.10.2019,-1,-1,-1,17.2,,
25.10.2019,0.9,0.9,1,14.5,,
26.10.2019,4.5,10.7,7.5,13.2,,
27.10.2019,9.3,5.9,4.5,16.3,,
28.10.2019,-1,0.6,0.7,19,,
29.10.2019,0.1,-1,-1,18.8,,
30.10.2019,-1,-1,-1,16,,
31.10.2019,0.2,-1,-1,13.1,,
01.11.2019,-1,-1,-1,11.5,,
02.11.2019,3,5.6,3.4,10.6,,
03.11.2019,-1,-1,-1,10.2,,
04.11.2019,-1,-1,-1,10.6,,
05.11.2019,-1,-1,-1,10.2,,
06.11.2019,-1,-1,-1,8.9,,
07.11.2019,0.2,0.1,1.6,7,,
08.11.2019,3,1.2,1.1,6.9,,
09.11.2019,7,3.9,5.3,6.5,,
10.11.2019,2.3,9.7,4.3,7.2,,
11.11.2019,-1,-1,-1,16.3,,
12.11.2019,6.3,13.5,9.9,19.8,,
13.11.2019,10.9,17.4,10.8,22.2,,
14.11.2019,5.4,4.2,6.2,36.6,,
15.11.2019,-1,-1,-1,42.1,,
16.11.2019,0.5,1.5,0.6,38.3,,
17.11.2019,0.6,0.2,0.3,31.3,,
18.11.2019,0.7,0.8,0.8,26.1,,
19.11.2019,0.5,-1,-1,23.3,,
20.11.2019,-1,-1,-1,21.2,,
21.11.2019,0.1,0.1,0.3,19.5,,
22.11.2019,-1,-1,-1,17.6,,
23.11.2019,-1,-1,-1,16,,
24.11.2019,-1,-1,-1,14.5,,
25.11.2019,-1,-1,-1,13.2,,
26.11.2019,3.6,0.7,2.1,12,,
27.11.2019,7.5,5.3,5.2,11.1,,
28.11.2019,5.4,15.4,6.1,11.5,,
29.11.2019,9.4,9.1,10,20.4,,
30.11.2019,-1,-1,-1,31.9,,
01.12.2019,0.1,-1,-1,29.6,,
02.12.2019,-1,-1,-1,22.7,,
03.12.2019,0.3,0.1,0.3,15.5,,
04.12.2019,-1,0.1,-1,15.8,,
05.12.2019,1.8,1,0.9,15.8,,
06.12.2019,3.8,4,2.5,17.4,,
07.12.2019,7.3,6.7,7.4,24,,
08.12.2019,5.5,12,6.2,31.3,,
09.12.2019,5.1,6.7,6,34.8,,
10.12.2019,-1,0.1,-1,37.7,,
11.12.2019,3.1,0.5,1.8,35,,
12.12.2019,0.6,1.7,1.2,29.3,,
13.12.2019,0.7,0.8,1,24.6,,
14.12.2019,3.2,6.1,6.2,21.9,,
15.12.2019,2,3.7,2.1,22.9,,
16.12.2019,4.2,5.6,3.6,27.2,,
17.12.2019,1.2,4.7,2.3,30.6,,
18.12.2019,18.2,17.2,18.6,36.4,,
19.12.2019,1.1,0.1,0.1,52.6,,
20.12.2019,2.5,-1,0.5,49.6,,
21.12.2019,0.4,-1,0.3,42.1,,
22.12.2019,0.6,0.5,0.2,38.3,,
23.12.2019,-1,0.3,-1,36.2,,
24.12.2019,6.8,7.8,5.4,33.3,,
25.12.2019,0.9,0.1,0.2,32.6,,
26.12.2019,-1,-1,0.2,33.6,,
27.12.2019,-1,-1,-1,31.2,,
28.12.2019,-1,-1,-1,26.3,,
29.12.2019,2.7,0.7,1.6,20,,
30.12.2019,0.6,0.1,0.3,21,,
31.12.2019,-1,-1,-1,19.8,,
01.01.2020,-1,-1,-1,18,,
02.01.2020,-1,-1,-1,16.8,,
03.01.2020,1.6,0.1,1.5,15.6,,
04.01.2020,1.2,0.4,-1,14.9,,
05.01.2020,3.4,3.1,3.6,13.9,,
06.01.2020,0.1,0.5,-1,11.9,,
07.01.2020,0.7,1.4,1.7,12.2,,
08.01.2020,4.2,2.5,3.3,13.5,,
09.01.2020,-1,-1,-1,19.5,,
10.01.2020,-1,-1,-1,19.4,,
11.01.2020,3.7,4.2,4,14.1,,
12.01.2020,1.7,-1,1.6,13.6,,
13.01.2020,-1,-1,-1,15,,
14.01.2020,0.8,4.6,1.9,15,,
15.01.2020,5.2,7.4,5.7,16.7,,
16.01.2020,0.3,0.3,0.5,26.1,,
17.01.2020,-1,-1,-1,25.1,,
18.01.2020,1.2,2.5,2,21.8,,
19.01.2020,0.4,0.1,-1,20.2,,
20.01.2020,-1,-1,-1,20.7,,
21.01.2020,0.3,-1,-1,19,,
22.01.2020,-1,-1,-1,16.9,,
23.01.2020,0.6,0.4,0.3,14.8,,
24.01.2020,-1,-1,-1,12.9,,
25.01.2020,0.8,1.4,0.7,10,,
26.01.2020,0.5,0.6,0.3,10.8,,
27.01.2020,4.9,5.3,5.3,11.6,,
28.01.2020,4,1.9,2.6,10.3,,
29.01.2020,0.6,3.4,1.8,11,,
30.01.2020,3.2,7.1,6.2,12.2,,
31.01.2020,-1,-1,0.2,14.2,,
01.02.2020,9.3,6.7,7.8,13.4,,
02.02.2020,1.8,2.1,0.9,19.4,,
03.02.2020,-1,-1,-1,25.5,,
04.02.2020,0.2,-1,-1,18.7,,
05.02.2020,1.5,0.1,0.6,16.9,,
06.02.2020,-1,-1,-1,13.8,,
07.02.2020,1.3,1.4,1.3,10.9,,
08.02.2020,-1,0.1,-1,12.3,,
09.02.2020,5.8,10.6,10,12.4,,
10.02.2020,5,5.3,6.8,18.6,,
11.02.2020,0.2,7.1,0.9,42.5,,
12.02.2020,2.6,2.6,1.6,44.5,,
13.02.2020,0.4,-1,0.3,40.2,,
14.02.2020,-1,-1,-1,35,,
15.02.2020,2.6,2.4,2.2,28.8,,
16.02.2020,14.4,26.7,23.5,26.1,,
17.02.2020,1.7,2.7,3.4,46.8,,
18.02.2020,-1,-1,-1,61.3,,
19.02.2020,-1,-1,-1,56.2,,
20.02.2020,-1,0.1,0.2,48.3,,
21.02.2020,1.5,4.8,2.3,40.1,,
22.02.2020,8.1,17.8,12.3,36.4,,
23.02.2020,0.2,0.1,0.8,42,,
24.02.2020,-1,-1,-1,40.5,,
25.02.2020,-1,-1,-1,34.3,,
26.02.2020,-1,-1,-1,28.3,,
27.02.2020,-1,-1,-1,22.7,,
28.02.2020,-1,-1,-1,20.6,,
29.02.2020,0.5,2,0.7,17.4,,
01.03.2020,9.1,11.3,7.1,16.4,,
02.03.2020,1.1,0.8,0.3,15.7,,
03.03.2020,1.8,0.2,0.1,15.9,,
04.03.2020,5,9.9,9.3,15,,
05.03.2020,1.3,1.5,2,18.9,,
06.03.2020,-1,-1,-1,24.5,,
07.03.2020,-1,-1,-1,22.5,,
08.03.2020,-1,-1,-1,18.9,,
09.03.2020,0.8,2.1,1.7,16.6,,
10.03.2020,3.4,4.6,3.3,17.9,,
11.03.2020,5.7,9.5,8.5,25.9,,
12.03.2020,0.6,7.4,7.6,36.6,,
13.03.2020,0.1,-1,-1,39.4,,
14.03.2020,-1,-1,-1,38,,
15.03.2020,2.5,1.1,2.5,29.4,,
16.03.2020,0.1,0.4,0.2,24.5,,
17.03.2020,0.1,0.3,0.2,21.5,,
18.03.2020,3.7,4.6,7.2,19.5,,
19.03.2020,-1,0.1,-1,22.2,,
20.03.2020,-1,-1,-1,22.9,,
21.03.2020,-1,0.8,0.1,19.7,,
22.03.2020,-1,-1,-1,16.2,,
23.03.2020,-1,0.1,-1,14.6,,
24.03.2020,-1,-1,-1,13.6,,
25.03.2020,-1,-1,-1,12.8,,
26.03.2020,-1,-1,-1,12.2,,
27.03.2020,-1,-1,-1,11.3,,
28.03.2020,-1,-1,-1,10.4,,
29.03.2020,-1,-1,-1,9.9,,
30.03.2020,-1,-1,-1,9.2,,
31.03.2020,1.6,0.9,1.3,8.2,,
01.04.2020,2.9,2.1,1.2,7.8,,
02.04.2020,2.7,5.7,5.6,8,,
03.04.2020,0.9,1.3,2.5,8.5,,
04.04.2020,0.2,-1,-1,10,,
05.04.2020,0.6,0.8,0.6,9.1,,
06.04.2020,-1,0.1,-1,8,,
07.04.2020,5.1,0.4,1.8,7.6,,
08.04.2020,-1,0.1,-1,7.8,,
09.04.2020,-1,0.2,-1,9,,
10.04.2020,-1,0.3,0.3,9.2,,
11.04.2020,0.6,0.7,0.4,8.3,,
12.04.2020,8,6.7,5.1,7.8,,
13.04.2020,1.5,0.2,1.3,8.8,,
14.04.2020,1,1.6,3.6,11.1,,
15.04.2020,3.6,11.6,10,11.5,,
16.04.2020,4.7,2.3,1.5,12.7,,
17.04.2020,-1,-1,-1,16.1,,
18.04.2020,-1,-1,-1,15.3,,
19.04.2020,-1,-1,-1,12.5,,
20.04.2020,-1,-1,-1,10.6,,
21.04.2020,-1,-1,-1,9.4,,
22.04.2020,-1,-1,-1,8.4,,
23.04.2020,-1,-1,-1,7.5,,
24.04.2020,-1,-1,-1,6.9,,
25.04.2020,0.4,-1,-1,6.5,,
26.04.2020,-1,0.2,-1,6,,
27.04.2020,-1,-1,-1,5.6,,
28.04.2020,0.9,1,0.6,5.3,,
29.04.2020,1.3,0.7,0.3,5.1,,
30.04.2020,-1,-1,-1,5,,
01.05.2020,-1,-1,-1,4.8,,
02.05.2020,2.3,4.6,4.1,4.7,,
03.05.2020,0.7,0.3,-1,4.5,,
04.05.2020,-1,-1,-1,4.6,,
05.05.2020,-1,-1,-1,4.5,,
06.05.2020,-1,-1,-1,4.3,,
07.05.2020,-1,-1,-1,4,,
08.05.2020,-1,-1,-1,4,,
09.05.2020,-1,-1,-1,3.8,,
10.05.2020,1.7,0.1,2.2,3.6,,
11.05.2020,17.6,9.5,15.9,3.6,,
12.05.2020,-1,0.3,0.1,4.8,,
13.05.2020,3.6,0.2,1.8,6.8,,
14.05.2020,-1,6.1,-1,7,,
15.05.2020,3.8,2.8,4.1,6.7,,
16.05.2020,8.2,8.5,7.4,6.3,,
17.05.2020,-1,3.6,-1,9,,
18.05.2020,0.3,1.1,2.7,11.7,,
19.05.2020,0.6,3,0.8,9.5,,
20.05.2020,-1,0.3,0.1,7.7,,
21.05.2020,-1,-1,-1,6.8,,
22.05.2020,-1,-1,-1,6.1,,
23.05.2020,-1,-1,-1,5.4,,
24.05.2020,-1,-1,-1,5,,
25.05.2020,-1,-1,-1,4.5,,
26.05.2020,-1,-1,-1,4.2,,
27.05.2020,-1,0.1,0.1,3.9,,
28.05.2020,-1,-1,-1,3.6,,
29.05.2020,-1,-1,-1,3.4,,
30.05.2020,-1,-1,-1,3.2,,
31.05.2020,-1,-1,-1,3,,
01.06.2020,-1,-1,-1,2.8,,
02.06.2020,-1,-1,-1,2.6,,
03.06.2020,-1,-1,-1,2.4,,
04.06.2020,5.6,6,8,2.4,,
05.06.2020,1.5,2.2,6.7,2.6,,
06.06.2020,4.9,8.5,12.6,3.2,,
07.06.2020,-1,-1,-1,4,,
08.06.2020,4.4,0.5,6.3,3.8,,
09.06.2020,1.4,-1,2.7,3.3,,
10.06.2020,-1,-1,-1,3.1,,
11.06.2020,-1,-1,-1,3.1,,
12.06.2020,-1,-1,-1,2.9,,
13.06.2020,-1,-1,-1,2.7,,
14.06.2020,-1,-1,-1,2.6,,
15.06.2020,-1,-1,-1,2.5,,
16.06.2020,3.9,8.3,0.5,2.4,,
17.06.2020,5,19.9,3.7,2.6,,
18.06.2020,-1,3.4,-1,2.8,,
19.06.2020,-1,-1,-1,2.7,,
20.06.2020,-1,-1,-1,2.8,,
21.06.2020,-1,-1,-1,2.5,,
22.06.2020,-1,-1,-1,2.4,,
23.06.2020,-1,-1,-1,2.4,,
24.06.2020,-1,-1,-1,2.1,,
25.06.2020,-1,-1,-1,2,,
26.06.2020,-1,-1,-1,1.9,,
27.06.2020,-1,-1,-1,1.9,,
28.06.2020,-1,-1,-1,1.9,,
29.06.2020,4.9,16.6,7.2,1.8,,
30.06.2020,62.4,58.5,41.7,2.7,,
01.07.2020,3.7,2.5,2.3,11.6,,
02.07.2020,8.1,1,3.1,17.5,,
03.07.2020,-1,-1,-1,13.2,,
04.07.2020,20.1,13.9,15,9.3,,
05.07.2020,12.2,13.8,12.2,8.5,,
06.07.2020,1.3,-1,0.6,16.9,,
07.07.2020,1.2,-1,0.8,20.4,,
08.07.2020,0.3,3,2.2,16.4,,
09.07.2020,2.1,0.7,1.1,12.6,,
10.07.2020,3.1,5.1,4.2,10.5,,
11.07.2020,18.1,14.3,17.3,11.5,,
12.07.2020,-1,-1,2.8,17.3,,
13.07.2020,1.5,11.2,3.7,18,,
14.07.2020,-1,-1,-1,16.8,,
15.07.2020,-1,-1,-1,13.4,,
16.07.2020,-1,-1,-1,11.1,,
17.07.2020,-1,-1,-1,9.1,,
18.07.2020,-1,-1,-1,7.7,,
19.07.2020,-1,-1,-1,6.8,,
20.07.2020,-1,-1,-1,6,,
21.07.2020,4.7,-1,6.4,5.3,,
22.07.2020,0.4,-1,0.7,4.8,,
23.07.2020,1.8,0.8,1.1,4.9,,
24.07.2020,4.2,11.7,3.9,4.6,,
25.07.2020,8.1,2.7,2.2,4.5,,
26.07.2020,-1,-1,-1,5.6,,
27.07.2020,1.8,6.3,7.5,6.2,,
28.07.2020,2.5,4,0.3,5,,
29.07.2020,8.7,10.4,8.9,4.7,,
30.07.2020,1.4,-1,1.4,5.8,,
31.07.2020,-1,-1,-1,7.6,,
01.08.2020,-1,-1,-1,7.6,,
02.08.2020,3.7,0.6,4.3,6.2,,
03.08.2020,0.1,5.8,4.7,5.3,,
04.08.2020,0.1,0.2,0.2,5.4,,
05.08.2020,-1,-1,-1,5.2,,
06.08.2020,0.3,-1,-1,4.8,,
07.08.2020,-1,-1,-1,4.5,,
08.08.2020,-1,-1,-1,4.2,,
09.08.2020,-1,1.5,0.7,3.9,,
10.08.2020,-1,-1,-1,3.8,,
11.08.2020,-1,-1,-1,3.4,,
12.08.2020,2.5,1.3,0.4,3.2,,
13.08.2020,-1,-1,-1,3,,
14.08.2020,-1,-1,-1,3,,
15.08.2020,-1,-1,-1,3,,
16.08.2020,-1,-1,-1,2.8,,
17.08.2020,-1,-1,-1,2.5,,
18.08.2020,-1,-1,-1,2.5,,
19.08.2020,-1,-1,-1,2.4,,
20.08.2020,-1,-1,-1,2.4,,
21.08.2020,1.1,-1,2.7,2.3,,
22.08.2020,33,13.1,21.9,2.3,,
23.08.2020,0.8,13.2,2.8,2.7,,
24.08.2020,1.2,1.5,0.8,5.6,,
25.08.2020,5.7,0.1,0.1,5.1,,
26.08.2020,-1,-1,-1,3.8,,
27.08.2020,-1,-1,-1,3.5,,
28.08.2020,-1,-1,-1,3.2,,
29.08.2020,8.5,8.1,12.6,2.8,,
30.08.2020,18,9.4,3.7,3,,
31.08.2020,3.6,1.1,0.5,3.9,,
01.09.2020,-1,-1,-1,4.7,,
02.09.2020,-1,-1,-1,4.9,,
03.09.2020,0.5,3.7,1.2,3.9,,
04.09.2020,1.9,0.4,3.1,3.3,,
05.09.2020,10,14.3,12.6,3.3,,
06.09.2020,0.2,9.4,3.7,5.3,,
07.09.2020,0.2,0.9,1.2,10.2,,
08.09.2020,9.3,6.9,17.4,8.6,,
09.09.2020,8.1,10.7,5.1,10.4,,
10.09.2020,1.3,-1,-1,12.2,,
11.09.2020,1.9,1.5,0.5,12.2,,
12.09.2020,18.1,15.8,17.6,10.4,,
13.09.2020,-1,-1,-1,21,,
14.09.2020,-1,-1,-1,22.9,,
15.09.2020,0.5,0.3,0.2,15.8,,
16.09.2020,1.7,0.7,1,11.3,,
17.09.2020,3.1,-1,1.9,8.9,,
18.09.2020,-1,-1,-1,7.8,,
19.09.2020,-1,-1,-1,7.3,,
20.09.2020,-1,-1,-1,6.8,,
21.09.2020,-1,-1,-1,6.2,,
22.09.2020,-1,-1,-1,5.7,,
23.09.2020,-1,-1,-1,5.3,,
24.09.2020,-1,2.2,0.1,5.1,,
25.09.2020,-1,-1,0.3,4.8,,
26.09.2020,-1,-1,-1,4.5,,
27.09.2020,-1,-1,-1,4.2,,
28.09.2020,-1,-1,-1,4.1,,
29.09.2020,0.1,-1,0.1,4,,
30.09.2020,-1,-1,-1,3.8,,
01.10.2020,-1,-1,-1,3.6,,
02.10.2020,-1,-1,-1,3.5,,
03.10.2020,0.1,1.3,0.1,3.3,,
04.10.2020,1.9,5.4,3.8,3.2,,
05.10.2020,4.9,7.6,6.9,3.4,,
06.10.2020,2,2.1,1.1,3.5,,
07.10.2020,1.8,3.9,4.1,4.3,,
08.10.2020,5.6,1.6,4.9,5,,
09.10.2020,2.2,3.3,2.6,5.9,,
10.10.2020,0.1,2.3,2.4,7.4,,
11.10.2020,3.3,3.1,2.5,8,,
12.10.2020,4.3,11.5,3.9,8.5,,
13.10.2020,0.3,0.3,-1,8.8,,
14.10.2020,0.3,-1,-1,9.2,,
15.10.2020,1.9,-1,-1,8.2,,
16.10.2020,-1,-1,-1,7.2,,
17.10.2020,5.6,8.9,5.2,6.6,,
18.10.2020,1.5,0.7,1.5,6.5,,
19.10.2020,3.3,0.7,-1,8.3,,
20.10.2020,2.3,2.2,1.8,9.4,,
21.10.2020,4.6,4.3,2.9,8.4,,
22.10.2020,16.9,14.6,16.8,9.4,,
23.10.2020,1.3,0.1,0.4,21.5,,
24.10.2020,-1,0.4,0.5,30.1,,
25.10.2020,0.4,0.2,0.3,25.3,,
26.10.2020,1.2,0.2,1.7,19.5,,
27.10.2020,9.8,11.6,12.8,16.3,,
28.10.2020,2,2.3,2.9,22.7,,
29.10.2020,-1,-1,1.4,30.4,,
30.10.2020,-1,0.1,-1,26.5,,
31.10.2020,-1,-1,0.1,21.6,,
01.11.2020,-1,-1,-1,18.1,,
02.11.2020,4.6,5.2,8,16.2,,
03.11.2020,-1,-1,0.1,16.4,,
04.11.2020,3.3,1.5,2.3,17.9,,
05.11.2020,-1,-1,-1,18.5,,
06.11.2020,-1,-1,-1,18.4,,
07.11.2020,-1,0.1,-1,16,,
08.11.2020,-1,-1,-1,14,,
09.11.2020,-1,0.1,-1,12.5,,
10.11.2020,0.1,-1,0.1,11.6,,
11.11.2020,2.9,1.7,4,10.6,,
12.11.2020,-1,-1,-1,11,,
13.11.2020,0.2,-1,1.9,11.4,,
14.11.2020,0.1,-1,-1,10.7,,
15.11.2020,-1,-1,-1,9.9,,
16.11.2020,0.5,1.6,0.5,9.2,,
17.11.2020,13.7,17.9,14.2,8.6,,
18.11.2020,5.7,3.3,5,15.3,,
19.11.2020,9.9,12.5,9.3,28.4,,
20.11.2020,0.5,-1,0.2,37.5,,
21.11.2020,9.1,15.9,11.9,35.4,,
22.11.2020,-1,0.1,-1,39.1,,
23.11.2020,0.3,1.1,1.2,39.4,,
24.11.2020,-1,-1,-1,34,,
25.11.2020,8.6,6.3,5.8,28.6,,
26.11.2020,0.7,0.3,0.1,27.9,,
27.11.2020,0.1,-1,-1,29.3,,
28.11.2020,-1,1.1,0.1,26.3,,
29.11.2020,0.4,1.2,0.6,22.9,,
30.11.2020,3.1,2.8,4.1,20.3,,
01.12.2020,2.4,3.7,0.8,18.7,,
02.12.2020,-1,-1,1,19.6,,
03.12.2020,0.3,0.1,0.7,19.8,,
04.12.2020,0.3,0.8,0.6,18.1,,
05.12.2020,-1,-1,-1,16.2,,
06.12.2020,-1,-1,-1,15.2,,
07.12.2020,-1,-1,-1,14.3,,
08.12.2020,-1,-1,-1,13.3,,
09.12.2020,-1,-1,-1,11.8,,
10.12.2020,-1,-1,-1,10.6,,
11.12.2020,0.2,0.5,0.3,9.7,,
12.12.2020,0.1,-1,0.1,9.2,,
13.12.2020,0.2,0.1,-1,8.6,,
14.12.2020,0.3,0.1,0.1,8.1,,
15.12.2020,3.8,6.2,5.6,7.6,,
16.12.2020,7,4,5.1,7.5,,
17.12.2020,1.2,2,1.5,9.4,,
18.12.2020,4.9,3.5,3.9,11.3,,
19.12.2020,0.8,1.3,0.4,14.5,,
20.12.2020,0.4,0.6,0.4,18.1,,
21.12.2020,2.2,3.3,2.5,25.4,,
22.12.2020,3.3,3.7,3.2,29.6,,
23.12.2020,5.7,1.5,2.6,30.9,,
24.12.2020,-1,0.2,0.4,30.1,,
25.12.2020,0.1,0.1,-1,26.9,,
26.12.2020,-1,-1,-1,23.7,,
27.12.2020,-1,0.3,0.8,20.6,,
28.12.2020,2.5,5.8,6,18.1,,
29.12.2020,0.7,4.3,3.5,16.4,,
30.12.2020,5.9,7.4,6.5,16,,
31.12.2020,4.6,2.7,5,16,,
