2003/01/01, 25.819501935725413
2003/01/02, 26.30695655668484
2003/01/02, 25.64224570992198
2003/01/02, 25.24341920186427
2003/01/02, 26.572840895389973
2003/01/02, 26.04107221797969
2003/01/02, 25.509303540569405
2003/01/02, 25.110477032511696
2003/01/03, 26.572840895389987
2003/01/03, 26.041072217979703
2003/01/03, 25.50930354056942
2003/01/03, 25.11047703251171
2003/01/04, 26.572840895389987
2003/01/04, 26.041072217979703
2003/01/04, 25.50930354056942
2003/01/04, 25.11047703251171
2003/01/05, 26.572840895389987
2003/01/05, 26.041072217979703
2003/01/05, 25.50930354056942
2003/01/05, 25.11047703251171
2003/01/06, 26.572840895389987
2003/01/06, 26.041072217979703
2003/01/06, 25.50930354056942
2003/01/06, 25.11047703251171
2003/01/06, 26.572840895389987
2003/01/06, 26.041072217979703
2003/01/06, 25.50930354056942
2003/01/06, 25.11047703251171
2003/01/07, 26.572840895389987
2003/01/07, 26.041072217979703
2003/01/07, 25.50930354056942
2003/01/07, 25.11047703251171
2003/01/08, 26.572840895389987
2003/01/08, 26.041072217979703
2003/01/08, 25.50930354056942
2003/01/08, 25.11047703251171
2003/01/09, 26.572840895389987
2003/01/09, 26.041072217979703
2003/01/09, 25.50930354056942
2003/01/09, 25.11047703251171
2003/01/10, 26.572840895389987
2003/01/10, 26.041072217979703
2003/01/10, 25.50930354056942
2003/01/10, 25.11047703251171
2003/01/10, 26.572840895389987
2003/01/10, 26.041072217979703
2003/01/10, 25.50930354056942
2003/01/10, 25.11047703251171
2003/01/11, 27.10460957280027
2003/01/11, 26.306956556684852
2003/01/11, 25.642245709921994
2003/01/11, 25.243419201864285
2003/01/12, 27.636378250210555
2003/01/12, 26.971667403447697
2003/01/12, 26.306956556684852
2003/01/12, 25.84165896395085
2003/01/12, 27.902262588915704
2003/01/12, 27.37049391150542
2003/01/12, 26.838725234095136
2003/01/13, 28.434031266325988
2003/01/13, 26.306956556684852
2003/01/13, 27.902262588915704
2003/01/13, 27.37049391150542
2003/01/13, 26.838725234095136
2003/01/14, 28.434031266325988
2003/01/14, 27.902262588915704
2003/01/14, 27.37049391150542
2003/01/14, 26.971667403447697
2003/01/14, 28.434031266325988
2003/01/15, 27.902262588915704
2003/01/15, 27.37049391150542
2003/01/15, 26.971667403447697
2003/01/15, 28.434031266325988
2003/01/16, 27.902262588915704
2003/01/16, 27.37049391150542
2003/01/16, 26.971667403447697
2003/01/16, 28.434031266325988
2003/01/16, 27.636378250210555
2003/01/16, 27.03813848812399
2003/01/17, 28.965799943736258
2003/01/17, 28.301089096973413
2003/01/17, 27.636378250210555
2003/01/17, 27.10460957280027
2003/01/18, 29.231684282441407
2003/01/18, 28.699915605031123
2003/01/18, 28.16814692762084
2003/01/18, 27.83579150423941
2003/01/18, 29.49756862114654
2003/01/18, 28.832857774383697
2003/01/18, 28.301089096973413
2003/01/19, 27.76932041956313
2003/01/19, 29.76345295985169
2003/01/19, 29.231684282441407
2003/01/19, 28.699915605031123
2003/01/19, 28.16814692762084
2003/01/20, 29.76345295985169
2003/01/20, 29.231684282441407
2003/01/20, 28.699915605031123
2003/01/20, 28.301089096973413
2003/01/21, 29.76345295985169
2003/01/21, 29.231684282441407
2003/01/21, 28.699915605031123
2003/01/21, 28.301089096973413
2003/01/22, 30.029337298556825
2003/01/22, 29.49756862114654
2003/01/22, 28.965799943736258
2003/01/22, 28.434031266325988
2003/01/22, 30.56110597596711
2003/01/22, 30.029337298556825
2003/01/22, 29.49756862114654
2003/01/22, 28.965799943736258
2003/01/22, 28.56697343567855
2003/01/23, 30.56110597596711
2003/01/23, 30.029337298556825
2003/01/23, 29.49756862114654
2003/01/23, 29.098742113088832
2003/01/24, 30.56110597596711
2003/01/24, 30.029337298556825
2003/01/24, 29.49756862114654
2003/01/24, 29.098742113088832
2003/01/24, 30.56110597596711
2003/01/25, 30.029337298556825
2003/01/25, 29.49756862114654
2003/01/25, 29.098742113088832
2003/01/25, 30.56110597596711
2003/01/26, 30.029337298556825
2003/01/26, 29.49756862114654
2003/01/26, 29.098742113088832
2003/01/26, 30.56110597596711
2003/01/26, 30.029337298556825
2003/01/26, 29.49756862114654
2003/01/26, 29.098742113088832
2003/01/27, 31.092874653377393
2003/01/27, 30.42816380661455
2003/01/27, 29.76345295985169
2003/01/27, 29.298155367117687
2003/01/28, 31.358758992082542
2003/01/28, 30.82699031467226
2003/01/28, 30.295221637261974
2003/01/28, 29.76345295985169
2003/01/28, 31.358758992082542
2003/01/28, 30.82699031467226
2003/01/28, 30.295221637261974
2003/01/29, 29.76345295985169
2003/01/29, 31.358758992082542
2003/01/29, 30.82699031467226
2003/01/29, 30.295221637261974
2003/01/30, 29.76345295985169
2003/01/30, 31.225816822729968
2003/01/30, 30.694048145319684
2003/01/30, 30.1622794679094
2003/01/30, 29.564039705822836
2003/01/31, 30.56110597596711
2003/01/31, 30.029337298556825
2003/01/31, 29.098742113088832
2003/01/31, 29.49756862114654
2003/02/01, 30.56110597596711
2003/02/01, 30.029337298556825
2003/02/01, 28.965799943736258
2003/02/01, 29.49756862114654
2003/02/01, 30.56110597596711
2003/02/01, 30.029337298556825
2003/02/01, 28.965799943736258
2003/02/02, 31.092874653377393
2003/02/02, 29.49756862114654
2003/02/02, 30.295221637261974
2003/02/03, 31.358758992082542
2003/02/02, 30.82699031467226
2003/02/02, 29.76345295985169
2003/02/02, 29.36462645179398
2003/02/03, 30.295221637261974
2003/02/03, 31.358758992082542
2003/02/03, 30.82699031467226
2003/02/03, 29.76345295985169
2003/02/04, 30.295221637261974
2003/02/04, 31.358758992082542
2003/02/04, 30.82699031467226
2003/02/04, 29.76345295985169
2003/02/05, 30.295221637261974
2003/02/05, 29.32031239534311
2003/02/05, 30.56110597596711
2003/02/05, 30.029337298556825
2003/02/05, 29.49756862114654
2003/02/05, 29.098742113088832
2003/02/06, 30.56110597596711
2003/02/06, 30.029337298556825
2003/02/06, 29.49756862114654
2003/02/06, 29.098742113088832
2003/02/07, 30.56110597596711
2003/02/07, 30.029337298556825
2003/02/07, 29.49756862114654
2003/02/07, 29.098742113088832
2003/02/08, 30.56110597596711
2003/02/08, 30.029337298556825
2003/02/08, 29.49756862114654
2003/02/08, 29.098742113088832
2003/02/08, 30.56110597596711
2003/02/08, 30.029337298556825
2003/02/08, 29.49756862114654
2003/02/08, 29.098742113088832
2003/02/09, 30.56110597596711
2003/02/09, 30.029337298556825
2003/02/09, 29.49756862114654
2003/02/09, 29.098742113088832
2003/02/10, 30.56110597596711
2003/02/10, 30.029337298556825
2003/02/10, 29.49756862114654
2003/02/10, 29.098742113088832
2003/02/11, 30.56110597596711
2003/02/11, 30.029337298556825
2003/02/11, 29.49756862114654
2003/02/11, 29.098742113088832
2003/02/12, 30.56110597596711
2003/02/12, 30.029337298556825
2003/02/12, 29.49756862114654
2003/02/12, 29.098742113088832
2003/02/12, 30.56110597596711
2003/02/12, 30.029337298556825
2003/02/12, 29.49756862114654
2003/02/12, 29.098742113088832
2003/02/13, 30.56110597596711
2003/02/13, 30.029337298556825
2003/02/13, 29.49756862114654
2003/02/13, 29.098742113088832
2003/02/14, 30.56110597596711
2003/02/14, 30.029337298556825
2003/02/14, 29.49756862114654
2003/02/14, 29.032271028412552
2003/02/15, 29.76345295985169
2003/02/15, 29.231684282441407
2003/02/15, 28.699915605031123
2003/02/15, 28.301089096973413
2003/02/16, 29.76345295985169
2003/02/16, 29.231684282441407
2003/02/16, 28.699915605031123
2003/02/16, 28.301089096973413
2003/02/16, 29.76345295985169
2003/02/16, 29.231684282441407
2003/02/16, 28.699915605031123
2003/02/16, 28.301089096973413
2003/02/17, 29.76345295985169
2003/02/17, 29.231684282441407
2003/02/17, 28.699915605031123
2003/02/17, 28.301089096973413
2003/02/18, 29.76345295985169
2003/02/18, 29.231684282441407
2003/02/18, 28.699915605031123
2003/02/18, 28.301089096973413
2003/02/19, 29.76345295985169
2003/02/19, 29.231684282441407
2003/02/19, 28.699915605031123
2003/02/19, 28.301089096973413
2003/02/20, 29.76345295985169
2003/02/20, 29.231684282441407
2003/02/20, 28.699915605031123
2003/02/20, 28.301089096973413
2003/02/20, 29.76345295985169
2003/02/20, 29.231684282441407
2003/02/20, 28.699915605031123
2003/02/20, 28.301089096973413
2003/02/21, 29.76345295985169
2003/02/21, 29.231684282441407
2003/02/21, 28.699915605031123
2003/02/21, 28.301089096973413
2003/02/22, 29.76345295985169
2003/02/22, 29.231684282441407
2003/02/22, 28.699915605031123
2003/02/22, 28.301089096973413
2003/02/23, 29.76345295985169
2003/02/23, 29.231684282441407
2003/02/23, 28.699915605031123
2003/02/23, 28.301089096973413
2003/02/24, 29.76345295985169
2003/02/24, 29.231684282441407
2003/02/24, 28.699915605031123
2003/02/24, 28.301089096973413
2003/02/24, 29.76345295985169
2003/02/24, 29.231684282441407
2003/02/24, 28.699915605031123
2003/02/24, 28.301089096973413
2003/02/25, 29.76345295985169
2003/02/25, 29.231684282441407
2003/02/25, 28.699915605031123
2003/02/25, 28.301089096973413
2003/02/26, 29.76345295985169
2003/02/26, 29.231684282441407
2003/02/26, 28.699915605031123
2003/02/26, 28.301089096973413
2003/02/27, 29.76345295985169
2003/02/27, 29.231684282441407
2003/02/27, 28.699915605031123
2003/02/27, 28.301089096973413
2003/02/28, 29.76345295985169
2003/02/28, 29.231684282441407
2003/02/28, 28.699915605031123
2003/02/28, 28.301089096973413
2003/02/28, 29.76345295985169
2003/02/28, 29.231684282441407
2003/02/28, 28.699915605031123
2003/02/28, 28.301089096973413
2003/03/01, 29.76345295985169
2003/03/01, 29.231684282441407
2003/03/01, 28.766386689707403
2003/03/01, 28.301089096973413
2003/03/02, 29.231684282441407
2003/03/02, 28.699915605031123
2003/03/03, 29.76345295985169
2003/03/03, 29.231684282441407
2003/03/03, 28.699915605031123
2003/03/03, 28.301089096973413
2003/03/04, 29.76345295985169
2003/03/04, 29.231684282441407
2003/03/04, 28.699915605031123
2003/03/04, 28.301089096973413
2003/03/04, 29.76345295985169
2003/03/04, 29.231684282441407
2003/03/04, 28.699915605031123
2003/03/04, 28.301089096973413
2003/03/05, 29.76345295985169
2003/03/05, 29.231684282441407
2003/03/05, 28.699915605031123
2003/03/05, 28.301089096973413
2003/03/06, 29.76345295985169
2003/03/06, 29.231684282441407
2003/03/06, 28.699915605031123
2003/03/06, 28.301089096973413
2003/03/07, 29.76345295985169
2003/03/07, 29.098742113088832
2003/03/07, 28.56697343567855
2003/03/07, 28.301089096973413
2003/03/08, 30.295221637261974
2003/03/08, 29.630510790499116
2003/03/08, 29.098742113088832
2003/03/08, 28.56697343567855
2003/03/07, 28.301089096973413
2003/03/08, 30.56110597596711
2003/03/08, 30.029337298556825
2003/03/08, 29.49756862114654
2003/03/08, 29.032271028412552
2003/03/09, 30.56110597596711
2003/03/09, 30.029337298556825
2003/03/09, 29.49756862114654
2003/03/09, 29.098742113088832
2003/03/10, 30.56110597596711
2003/03/10, 30.029337298556825
2003/03/10, 29.49756862114654
2003/03/10, 29.098742113088832
2003/03/11, 30.56110597596711
2003/03/11, 30.029337298556825
2003/03/11, 29.49756862114654
2003/03/11, 29.098742113088832
2003/03/12, 30.56110597596711
2003/03/12, 30.029337298556825
2003/03/12, 29.49756862114654
2003/03/12, 29.098742113088832
2003/03/12, 30.56110597596711
2003/03/12, 30.029337298556825
2003/03/12, 29.49756862114654
2003/03/12, 29.098742113088832
2003/03/13, 30.56110597596711
2003/03/13, 30.029337298556825
2003/03/13, 29.49756862114654
2003/03/13, 29.098742113088832
2003/03/14, 31.092874653377393
2003/03/14, 30.295221637261974
2003/03/14, 29.76345295985169
2003/03/14, 29.298155367117687
2003/03/14, 31.358758992082542
2003/03/14, 30.82699031467226
2003/03/15, 30.295221637261974
2003/03/15, 29.76345295985169
2003/03/15, 31.358758992082542
2003/03/15, 30.82699031467226
2003/03/15, 30.295221637261974
2003/03/15, 29.76345295985169
2003/03/16, 31.358758992082542
2003/03/16, 30.82699031467226
2003/03/16, 30.295221637261974
2003/03/16, 29.76345295985169
2003/03/17, 31.358758992082542
2003/03/17, 30.82699031467226
2003/03/17, 30.295221637261974
2003/03/17, 29.76345295985169
2003/03/17, 31.358758992082542
2003/03/17, 30.82699031467226
2003/03/18, 30.295221637261974
2003/03/18, 29.76345295985169
2003/03/18, 31.358758992082542
2003/03/18, 30.82699031467226
2003/03/19, 30.295221637261974
2003/03/19, 29.76345295985169
2003/03/19, 31.358758992082542
2003/03/19, 30.694048145319684
2003/03/20, 30.029337298556825
2003/03/19, 29.630510790499116
2003/03/20, 31.890527669492826
2003/03/20, 31.358758992082542
2003/03/20, 30.82699031467226
2003/03/20, 30.295221637261974
2003/03/20, 29.896395129204265
2003/03/21, 31.890527669492826
2003/03/21, 31.358758992082542
2003/03/21, 30.82699031467226
2003/03/21, 30.295221637261974
2003/03/22, 32.42229634690311
2003/03/21, 31.75758550014025
2003/03/21, 31.225816822729968
2003/03/21, 30.694048145319684
2003/03/22, 30.1622794679094
2003/03/22, 33.48583370172368
2003/03/22, 32.954065024313394
2003/03/22, 32.42229634690311
2003/03/22, 31.890527669492826
2003/03/22, 31.358758992082542
2003/03/22, 30.89346139934854
2003/03/23, 34.549371056544246
2003/03/23, 34.01760237913396
2003/03/23, 33.48583370172368
2003/03/23, 32.954065024313394
2003/03/23, 32.42229634690311
2003/03/23, 31.890527669492826
2003/03/23, 31.425230076758822
2003/03/24, 40.93059518546764
2003/03/23, 40.26588433870478
2003/03/23, 39.734115661294496
2003/03/23, 39.20234698388421
2003/03/23, 38.67057830647394
2003/03/23, 38.13880962906366
2003/03/23, 37.607040951653374
2003/03/23, 37.07527227424309
2003/03/23, 36.54350359683281
2003/03/23, 36.01173491942252
2003/03/23, 35.47996624201224
2003/03/23, 34.948197564601955
2003/03/23, 34.41642888719167
2003/03/23, 33.88466020978139
2003/03/24, 33.21994936301853
2003/03/24, 32.55523851625567
2003/03/24, 32.08994092352168
2003/03/24, 31.75758550014025
2003/03/24, 43.32355423381391
2003/03/24, 42.791785556403624
2003/03/24, 41.46236386287792
2003/03/24, 40.79765301611506
2003/03/24, 40.26588433870478
2003/03/24, 39.734115661294496
2003/03/24, 39.20234698388421
2003/03/24, 38.67057830647394
2003/03/24, 38.13880962906366
2003/03/24, 37.607040951653374
2003/03/24, 37.07527227424309
2003/03/24, 36.54350359683281
2003/03/24, 36.01173491942252
2003/03/24, 35.47996624201224
2003/03/24, 34.948197564601955
2003/03/24, 34.41642888719167
2003/03/24, 33.88466020978139
2003/03/25, 47.045934975685896
2003/03/25, 46.38122412892304
2003/03/25, 45.84945545151275
2003/03/25, 45.317686774102484
2003/03/25, 44.7859180966922
2003/03/25, 44.254149419281916
2003/03/25, 43.72238074187163
2003/03/25, 42.26001687899334
2003/03/25, 33.21994936301853
2003/03/25, 32.621709600931965
2003/03/24, 32.289354177550535
2003/03/25, 43.05766989510877
2003/03/25, 41.46236386287792
2003/03/25, 40.93059518546764
2003/03/25, 40.398826508057354
2003/03/25, 39.86705783064707
2003/03/25, 39.335289153236786
2003/03/25, 38.8035204758265
2003/03/25, 38.27175179841622
2003/03/25, 37.739983121005935
2003/03/25, 37.20821444359565
2003/03/25, 36.67644576618537
2003/03/25, 36.14467708877508
2003/03/25, 35.6129084113648
2003/03/25, 35.08113973395453
2003/03/25, 34.549371056544246
2003/03/25, 34.08407346381024
2003/03/26, 53.69304344331444
2003/03/25, 53.02833259655158
2003/03/25, 52.496563919141295
2003/03/25, 51.964795241731025
2003/03/25, 51.43302656432074
2003/03/25, 50.90125788691046
2003/03/25, 50.36948920950017
2003/03/25, 49.83772053208989
2003/03/25, 49.305951854679606
2003/03/25, 48.77418317726932
2003/03/25, 48.24241449985904
2003/03/25, 47.710645822448754
2003/03/25, 47.17887714503847
2003/03/25, 46.647108467628186
2003/03/25, 46.1153397902179
2003/03/25, 45.58357111280762
2003/03/25, 45.051802435397335
2003/03/25, 44.52003375798705
2003/03/25, 43.98826508057677
2003/03/25, 43.45649640316648
2003/03/26, 42.52590121769849
2003/03/25, 41.86119037093563
2003/03/26, 41.19647952417279
2003/03/26, 40.59823976208621
2003/03/26, 40.13294216935222
2003/03/26, 39.601173491941935
2003/03/26, 39.06940481453165
2003/03/26, 38.53763613712137
2003/03/26, 38.005867459711084
2003/03/26, 37.4740987823008
2003/03/26, 36.942330104890516
2003/03/26, 36.41056142748023
2003/03/26, 35.87879275006995
2003/03/26, 35.347024072659664
2003/03/26, 34.81525539524938
2003/03/26, 34.41642888719167
2003/03/26, 62.9989952979944
2003/03/26, 62.533697705260394
2003/03/26, 61.403689265763546
2003/03/26, 60.87192058835326
2003/03/26, 59.27661455612241
2003/03/26, 58.74484587871213
2003/03/26, 56.61777116907099
2003/03/26, 56.08600249166071
2003/03/26, 54.22481212072472
2003/03/26, 53.56010127396186
2003/03/26, 53.02833259655158
2003/03/26, 52.496563919141295
2003/03/26, 51.964795241731025
2003/03/26, 51.43302656432074
2003/03/26, 50.90125788691046
2003/03/26, 50.36948920950017
2003/03/26, 49.83772053208989
2003/03/26, 49.305951854679606
2003/03/26, 48.77418317726932
2003/03/26, 48.24241449985904
2003/03/26, 47.710645822448754
2003/03/26, 47.17887714503847
2003/03/26, 46.647108467628186
2003/03/26, 46.1153397902179
2003/03/26, 45.58357111280762
2003/03/26, 45.051802435397335
2003/03/26, 44.52003375798705
2003/03/26, 43.98826508057677
2003/03/26, 43.45649640316648
2003/03/26, 42.9247277257562
2003/03/26, 42.392959048345915
2003/03/26, 41.86119037093563
2003/03/27, 61.93545794317383
2003/03/27, 60.34015191094298
2003/03/27, 59.67544106418012
2003/03/27, 58.21307720130184
2003/03/27, 57.548366354539
2003/03/27, 57.016597677128715
2003/03/27, 55.55423381425044
2003/03/27, 54.88952296748758
2003/03/27, 41.240793580623645
2003/03/26, 40.79765301611506
2003/03/27, 63.26487963669953
2003/03/27, 62.73311095928925
2003/03/27, 61.13780492705841
2003/03/27, 59.010730217417276
2003/03/27, 56.351886830365856
2003/03/27, 54.22481212072472
2003/03/27, 53.69304344331444
2003/03/27, 53.16127476590415
2003/03/27, 52.62950608849387
2003/03/27, 52.097737411083585
2003/03/27, 51.5659687336733
2003/03/27, 51.03420005626302
2003/03/27, 50.502431378852734
2003/03/27, 49.97066270144245
2003/03/27, 49.438894024032166
2003/03/27, 48.907125346621896
2003/03/27, 48.37535666921161
2003/03/27, 47.84358799180133
2003/03/27, 47.311819314391045
2003/03/27, 46.84652172165704
2003/03/27, 46.24828195957048
2003/03/27, 45.71651328216019
2003/03/27, 45.18474460474991
2003/03/27, 44.652975927339625
2003/03/27, 44.12120724992934
2003/03/27, 43.58943857251906
2003/03/27, 43.05766989510877
2003/03/27, 42.52590121769849
2003/03/27, 41.994132540288206
2003/03/28, 68.05079773339209
2003/03/27, 67.38608688662923
2003/03/27, 66.85431820921895
2003/03/27, 66.32254953180866
2003/03/27, 65.79078085439839
2003/03/27, 65.25901217698811
2003/03/27, 64.72724349957782
2003/03/27, 64.19547482216754
2003/03/27, 63.663706144757256
2003/03/28, 62.20134228187898
2003/03/27, 61.53663143511612
2003/03/28, 60.60603624964813
2003/03/27, 59.94132540288527
2003/03/27, 59.409556725474985
2003/03/28, 58.47896154000699
2003/03/27, 57.814250693244134
2003/03/27, 57.28248201583385
2003/03/27, 56.750713338423566
2003/03/28, 55.82011815295557
2003/03/27, 55.155407306192714
2003/03/27, 54.62363862878243
2003/03/28, 62.9989952979944
2003/03/28, 53.958927782019586
2003/03/28, 53.4271591046093
2003/03/28, 52.89539042719902
2003/03/28, 52.363621749788734
2003/03/28, 51.83185307237845
2003/03/28, 51.30008439496817
2003/03/28, 50.76831571755788
2003/03/28, 50.2365470401476
2003/03/28, 49.57183619338474
2003/03/28, 49.04006751597446
2003/03/28, 48.64124100791675
2003/03/28, 48.10947233050646
2003/03/28, 47.57770365309618
2003/03/28, 47.045934975685896
2003/03/28, 68.31668207209724
2003/03/28, 67.78491339468695
2003/03/28, 67.25314471727667
2003/03/28, 66.72137603986639
2003/03/28, 66.1896073624561
2003/03/28, 65.65783868504582
2003/03/28, 65.12607000763553
2003/03/28, 64.59430133022525
2003/03/28, 64.06253265281497
2003/03/28, 63.53076397540468
2003/03/28, 62.467226620584114
2003/03/28, 61.93545794317383
2003/03/28, 61.403689265763546
2003/03/28, 60.87192058835326
2003/03/28, 60.34015191094298
2003/03/28, 59.808383233532695
2003/03/28, 59.27661455612241
2003/03/28, 58.74484587871213
2003/03/28, 58.21307720130184
2003/03/28, 57.68130852389156
2003/03/28, 57.149539846481275
2003/03/28, 56.61777116907099
2003/03/28, 56.08600249166071
2003/03/28, 55.55423381425044
2003/03/28, 55.022465136840154
2003/03/28, 54.49069645942987
2003/03/29, 73.10260016878978
2003/03/29, 72.5708314913795
2003/03/29, 72.03906281396921
2003/03/29, 71.50729413655893
2003/03/29, 70.97552545914864
2003/03/29, 70.44375678173836
2003/03/29, 69.91198810432807
2003/03/28, 69.51316159627036
2003/03/29, 62.9989952979944
2003/03/29, 53.958927782019586
2003/03/28, 53.56010127396186
2003/03/29, 67.91785556403951
2003/03/29, 67.38608688662923
2003/03/29, 66.85431820921895
2003/03/29, 66.32254953180866
2003/03/29, 65.79078085439839
2003/03/29, 65.25901217698811
2003/03/29, 64.72724349957782
2003/03/29, 64.19547482216754
2003/03/29, 63.663706144757256
2003/03/29, 62.20134228187898
2003/03/29, 61.669573604468695
2003/03/29, 61.13780492705841
2003/03/29, 60.60603624964813
2003/03/29, 60.074267572237844
2003/03/29, 59.54249889482756
2003/03/29, 59.010730217417276
2003/03/29, 58.47896154000699
2003/03/29, 57.94719286259671
2003/03/29, 57.415424185186424
2003/03/29, 56.88365550777614
2003/03/29, 56.351886830365856
2003/03/29, 55.82011815295557
2003/03/29, 55.28834947554529
2003/03/29, 54.756580798135005
2003/03/30, 75.7614435558412
2003/03/30, 75.22967487843091
2003/03/29, 74.69790620102063
2003/03/29, 74.16613752361035
2003/03/29, 73.63436884620006
2003/03/29, 73.10260016878978
2003/03/29, 72.5708314913795
2003/03/29, 72.03906281396921
2003/03/29, 71.50729413655893
2003/03/29, 71.04199654382494
2003/03/29, 62.9989952979944
2003/03/30, 67.78491339468695
2003/03/30, 67.25314471727667
2003/03/30, 66.7213760398664
2003/03/30, 66.18960736245612
2003/03/30, 65.65783868504583
2003/03/30, 65.12607000763555
2003/03/30, 64.66077241490154
2003/03/30, 64.06253265281497
2003/03/30, 63.39782180605212
2003/03/30, 76.2932122332515
2003/03/30, 75.76144355584121
2003/03/30, 75.22967487843093
2003/03/30, 74.69790620102064
2003/03/30, 74.16613752361036
2003/03/30, 73.63436884620008
2003/03/30, 73.10260016878979
2003/03/30, 72.57083149137951
2003/03/30, 72.03906281396922
2003/03/30, 71.57376522123523
2003/03/31, 68.38315315677353
2003/03/31, 76.55909657195663
2003/03/31, 75.89438572519379
2003/03/31, 75.3626170477835
2003/03/31, 74.83084837037322
2003/03/31, 74.29907969296293
2003/03/31, 73.76731101555265
2003/03/31, 73.23554233814237
2003/03/31, 72.77024474540836
2003/03/31, 72.30494715267437
2003/03/31, 71.90612064461666
2003/04/01, 76.95792308001435
2003/04/01, 76.42615440260407
2003/04/01, 75.89438572519379
2003/04/01, 75.3626170477835
2003/04/01, 74.83084837037322
2003/04/01, 74.29907969296293
2003/04/01, 73.90025318490522
2003/04/01, 73.36848450749494
2003/04/01, 72.96965799943722
2003/04/02, 76.55909657195663
2003/04/02, 76.02732789454636
2003/04/02, 75.49555921713608
2003/04/02, 74.96379053972579
2003/04/02, 74.43202186231551
2003/04/02, 76.42615440260407
2003/04/02, 75.89438572519379
2003/04/02, 75.49555921713608
2003/04/02, 73.63436884620008
2003/04/02, 73.10260016878979
2003/04/02, 72.57083149137951
2003/04/02, 72.03906281396922
2003/04/02, 71.57376522123523
2003/04/03, 73.63436884620008
2003/04/03, 73.10260016878979
2003/04/03, 72.57083149137951
2003/04/03, 72.03906281396922
2003/04/03, 71.50729413655894
2003/04/03, 71.04199654382495
2003/04/04, 70.44375678173837
2003/04/04, 69.91198810432809
2003/04/04, 69.3802194269178
2003/04/04, 68.91492183418382
2003/04/04, 73.63436884620008
2003/04/04, 73.10260016878979
2003/04/04, 72.57083149137951
2003/04/04, 72.03906281396922
2003/04/04, 71.50729413655894
2003/04/04, 70.97552545914866
2003/04/04, 70.44375678173837
2003/04/04, 69.91198810432809
2003/04/04, 69.3802194269178
2003/04/04, 68.84845074950753
2003/04/04, 68.31668207209725
2003/04/04, 67.78491339468697
2003/04/04, 67.25314471727668
2003/04/04, 66.7213760398664
2003/04/04, 66.2560784471324
2003/04/05, 73.63436884620008
2003/04/05, 73.10260016878979
2003/04/05, 72.57083149137951
2003/04/05, 72.03906281396922
2003/04/05, 71.50729413655894
2003/04/05, 70.97552545914866
2003/04/05, 70.44375678173837
2003/04/05, 69.77904593497553
2003/04/05, 69.24727725756524
2003/04/05, 68.71550858015496
2003/04/05, 68.18373990274468
2003/04/05, 67.65197122533439
2003/04/05, 67.12020254792411
2003/04/05, 66.58843387051382
2003/04/05, 66.05666519310354
2003/04/05, 65.52489651569326
2003/04/05, 64.99312783828297
2003/04/05, 64.72724349957784
2003/04/06, 71.64023630591151
2003/04/06, 71.10846762850123
2003/04/06, 64.37273104797099
2003/04/06, 70.44375678173837
2003/04/06, 69.91198810432809
2003/04/06, 69.24727725756524
2003/04/06, 68.71550858015496
2003/04/06, 68.18373990274468
2003/04/06, 67.65197122533439
2003/04/06, 67.12020254792411
2003/04/06, 66.58843387051382
2003/04/06, 66.05666519310354
2003/04/06, 65.52489651569326
2003/04/06, 64.99312783828297
2003/04/06, 64.32841699152011
2003/04/06, 63.79664831410983
2003/04/06, 63.26487963669955
2003/04/06, 62.73311095928926
2003/04/06, 62.20134228187899
2003/04/06, 61.66957360446871
2003/04/07, 69.11433508821267
2003/04/07, 68.58256641080239
2003/04/07, 68.0507977333921
2003/04/07, 67.51902905598182
2003/04/07, 66.85431820921896
2003/04/07, 66.32254953180868
2003/04/07, 65.7907808543984
2003/04/07, 65.25901217698812
2003/04/07, 64.72724349957784
2003/04/07, 64.06253265281498
2003/04/07, 63.39782180605212
2003/04/07, 62.86605312864184
2003/04/07, 62.334284451231554
2003/04/07, 61.80251577382127
2003/04/07, 61.270747096410986
2003/04/07, 60.7389784190007
2003/04/07, 59.276614556122425
2003/04/08, 66.45549170116125
2003/04/08, 65.92372302375097
2003/04/08, 65.39195434634068
2003/04/08, 64.8601856689304
2003/04/08, 60.07426757223786
2003/04/08, 64.32841699152011
2003/04/08, 63.66370614475727
2003/04/08, 63.13193746734699
2003/04/08, 62.6001687899367
2003/04/08, 62.06840011252642
2003/04/08, 61.536631435116135
2003/04/08, 61.00486275770585
2003/04/08, 60.47309408029557
2003/04/08, 59.542498894827574
2003/04/08, 58.877788048064716
2003/04/08, 58.21307720130186
2003/04/08, 57.68130852389157
2003/04/08, 57.14953984648129
2003/04/09, 64.59430133022526
2003/04/09, 64.06253265281498
2003/04/09, 63.39782180605212
2003/04/09, 62.86605312864184
2003/04/09, 62.334284451231554
2003/04/09, 61.80251577382127
2003/04/09, 61.270747096410986
2003/04/09, 60.7389784190007
2003/04/09, 60.20720974159042
2003/04/09, 59.675441064180134
2003/04/09, 59.14367238676985
2003/04/09, 58.61190370935958
2003/04/09, 56.817184423099874
2003/04/09, 57.94719286259672
2003/04/09, 57.282482015833864
2003/04/09, 56.35188683036587
2003/04/09, 55.82011815295559
2003/04/10, 61.80251577382127
2003/04/10, 61.270747096410986
2003/04/10, 60.7389784190007
2003/04/10, 60.20720974159042
2003/04/10, 59.675441064180134
2003/04/10, 59.14367238676985
2003/04/10, 58.61190370935958
2003/04/10, 57.94719286259672
2003/04/10, 57.282482015833864
2003/04/10, 56.75071333842358
2003/04/10, 56.218944661013296
2003/04/10, 55.68717598360301
2003/04/10, 55.2883494755453
2003/04/10, 59.14367238676985
2003/04/10, 58.61190370935958
2003/04/11, 57.94719286259672
2003/04/11, 57.41542418518644
2003/04/11, 56.883655507776155
2003/04/11, 56.35188683036587
2003/04/11, 55.82011815295559
2003/04/11, 55.2883494755453
2003/04/11, 54.8230518828113
2003/04/11, 59.01073021741729
2003/04/11, 58.478961540007006
2003/04/12, 57.94719286259672
2003/04/12, 57.41542418518644
2003/04/12, 56.883655507776155
2003/04/12, 56.35188683036587
2003/04/12, 55.82011815295559
2003/04/12, 55.2883494755453
2003/04/12, 54.75658079813502
2003/04/12, 54.35775429007731
2003/04/12, 62.99899529799441
2003/04/12, 62.334284451231554
2003/04/12, 61.80251577382127
2003/04/12, 61.270747096410986
2003/04/12, 60.7389784190007
2003/04/12, 60.20720974159042
2003/04/12, 59.675441064180134
2003/04/12, 59.14367238676985
2003/04/12, 58.61190370935958
2003/04/12, 58.0801350319493
2003/04/12, 57.54836635453901
2003/04/12, 57.01659767712873
2003/04/12, 56.484828999718445
2003/04/12, 55.95306032230816
2003/04/12, 55.42129164489788
2003/04/12, 54.955994052163874
2003/04/13, 66.7213760398664
2003/04/13, 66.05666519310354
2003/04/13, 65.52489651569326
2003/04/13, 64.99312783828297
2003/04/13, 64.72724349957784
2003/04/13, 63.530763975404696
2003/04/13, 62.86605312864184
2003/04/13, 62.334284451231554
2003/04/13, 61.80251577382127
2003/04/13, 61.270747096410986
2003/04/13, 60.7389784190007
2003/04/13, 60.20720974159042
2003/04/13, 59.675441064180134
2003/04/13, 59.14367238676985
2003/04/13, 58.61190370935958
2003/04/13, 58.0801350319493
2003/04/13, 57.54836635453901
2003/04/13, 57.01659767712873
2003/04/13, 56.484828999718445
2003/04/13, 55.95306032230816
2003/04/13, 55.55423381425045
2003/04/14, 69.64610376562295
2003/04/14, 68.9813929188601
2003/04/14, 68.44962424144981
2003/04/14, 67.91785556403953
2003/04/14, 67.38608688662924
2003/04/14, 64.32841699152011
2003/04/14, 66.7213760398664
2003/04/14, 66.18960736245612
2003/04/14, 65.65783868504583
2003/04/14, 65.12607000763555
2003/04/14, 63.530763975404696
2003/04/14, 62.99899529799441
2003/04/14, 62.46722662058413
2003/04/14, 61.935457943173844
2003/04/14, 61.40368926576356
2003/04/14, 60.87192058835328
2003/04/14, 60.34015191094299
2003/04/14, 59.80838323353271
2003/04/14, 59.276614556122425
2003/04/14, 58.74484587871214
2003/04/14, 58.21307720130186
2003/04/14, 57.68130852389157
2003/04/14, 57.14953984648129
2003/04/14, 56.617771169071005
2003/04/14, 56.08600249166072
2003/04/14, 55.68717598360301
2003/04/14, 74.16613752361036
2003/04/14, 73.5014266768475
2003/04/14, 72.96965799943722
2003/04/14, 72.43788932202695
2003/04/14, 71.90612064461666
2003/04/14, 71.37435196720638
2003/04/14, 70.8425832897961
2003/04/14, 70.31081461238581
2003/04/14, 69.77904593497553
2003/04/14, 69.24727725756524
2003/04/14, 68.71550858015496
2003/04/14, 68.18373990274468
2003/04/14, 67.65197122533439
2003/04/14, 67.12020254792411
2003/04/14, 64.59430133022526
2003/04/14, 63.929590483462405
2003/04/15, 66.45549170116125
2003/04/15, 65.7907808543984
2003/04/15, 65.25901217698812
2003/04/15, 63.26487963669955
2003/04/15, 62.66663987461298
2003/04/15, 62.20134228187899
2003/04/15, 61.536631435116135
2003/04/15, 61.00486275770585
2003/04/15, 60.60603624964814
2003/04/15, 60.07426757223786
2003/04/15, 59.409556725475
2003/04/15, 58.877788048064716
2003/04/15, 58.478961540007006
2003/04/15, 57.94719286259672
2003/04/15, 57.54836635453901
2003/04/15, 76.2932122332515
2003/04/15, 75.82791464051749
2003/04/15, 74.69790620102064
2003/04/15, 74.16613752361036
2003/04/15, 73.63436884620008
2003/04/15, 73.10260016878979
2003/04/15, 72.57083149137951
2003/04/15, 72.03906281396922
2003/04/15, 71.50729413655894
2003/04/15, 70.97552545914866
2003/04/15, 70.44375678173837
2003/04/15, 69.91198810432809
2003/04/15, 69.3802194269178
2003/04/15, 68.84845074950753
2003/04/15, 68.31668207209725
2003/04/15, 67.78491339468697
2003/04/15, 67.25314471727668
2003/04/15, 64.59430133022526
2003/04/15, 64.06253265281498
2003/04/16, 75.22967487843093
2003/04/16, 66.7213760398664
2003/04/16, 66.05666519310354
2003/04/16, 65.52489651569326
2003/04/16, 64.99312783828297
2003/04/16, 63.530763975404696
2003/04/16, 62.93252421331813
2003/04/16, 76.55909657195663
2003/04/16, 75.89438572519379
2003/04/16, 74.43202186231551
2003/04/16, 73.76731101555265
2003/04/16, 73.23554233814237
2003/04/16, 72.70377366073208
2003/04/16, 72.1720049833218
2003/04/16, 71.64023630591151
2003/04/16, 71.10846762850123
2003/04/16, 70.57669895109095
2003/04/16, 70.04493027368066
2003/04/16, 69.57963268094667
2003/04/16, 69.11433508821267
2003/04/16, 68.58256641080239
2003/04/16, 68.0507977333921
2003/04/16, 67.51902905598182
2003/04/16, 64.32841699152011
2003/04/16, 75.22967487843093
2003/04/17, 77.09086524936691
2003/04/17, 76.42615440260407
2003/04/17, 75.89438572519379
2003/04/17, 74.43202186231551
2003/04/17, 73.83378210022893
2003/04/17, 73.36848450749494
2003/04/17, 72.83671583008466
2003/04/17, 72.30494715267437
2003/04/17, 71.77317847526409
2003/04/17, 71.2414097978538
2003/04/17, 70.70964112044352
2003/04/17, 70.17787244303324
2003/04/17, 69.64610376562295
2003/04/17, 75.22967487843093
2003/04/18, 78.42028694289263
2003/04/18, 77.88851826548235
2003/04/18, 77.35674958807206
2003/04/18, 76.82498091066178
2003/04/18, 76.2932122332515
2003/04/18, 75.76144355584121
2003/04/18, 74.69790620102064
2003/04/18, 74.23260860828665
2003/04/18, 75.22967487843093
2003/04/18, 78.95205562030291
2003/04/18, 78.28734477354006
2003/04/18, 77.75557609612977
2003/04/18, 77.22380741871949
2003/04/18, 76.6920387413092
2003/04/18, 76.22674114857521
2003/04/19, 79.4838242977132
2003/04/19, 78.81911345095034
2003/04/19, 78.28734477354006
2003/04/19, 77.75557609612977
2003/04/19, 77.35674958807206
2003/04/19, 76.55909657195663
2003/04/20, 79.74970863641833
2003/04/20, 79.21793995900805
2003/04/20, 78.68617128159777
2003/04/20, 78.15440260418748
2003/04/20, 77.75557609612977
2003/04/21, 79.74970863641833
2003/04/21, 79.21793995900805
2003/04/21, 78.68617128159777
2003/04/21, 78.15440260418748
2003/04/21, 77.68910501145349
2003/04/22, 79.61676646706576
2003/04/22, 79.08499778965549
2003/04/22, 78.5532291122452
2003/04/22, 78.02146043483492
2003/04/22, 77.55616284210092
2003/04/22, 79.08499778965549
2003/04/22, 78.5532291122452
2003/04/22, 78.02146043483492
2003/04/22, 77.09086524936691
2003/04/23, 78.5532291122452
2003/04/23, 78.02146043483492
2003/04/23, 77.48969175742464
2003/04/23, 76.95792308001435
2003/04/23, 76.42615440260407
2003/04/23, 75.89438572519379
2003/04/24, 78.02146043483492
2003/04/24, 77.48969175742464
2003/04/24, 76.95792308001435
2003/04/24, 76.42615440260407
2003/04/24, 75.89438572519379
2003/04/24, 75.3626170477835
2003/04/25, 77.48969175742464
2003/04/25, 76.95792308001435
2003/04/25, 76.42615440260407
2003/04/25, 75.89438572519379
2003/04/25, 75.3626170477835
2003/04/25, 74.83084837037322
2003/04/26, 76.95792308001435
2003/04/26, 76.42615440260407
2003/04/26, 75.89438572519379
2003/04/26, 75.3626170477835
2003/04/26, 74.83084837037322
2003/04/26, 74.29907969296293
2003/04/26, 73.76731101555265
2003/04/26, 73.23554233814237
2003/04/26, 72.83671583008466
2003/04/26, 75.89438572519379
2003/04/26, 75.3626170477835
2003/04/26, 74.83084837037322
2003/04/26, 74.29907969296293
2003/04/26, 73.76731101555265
2003/04/26, 73.23554233814237
2003/04/26, 72.70377366073208
2003/04/26, 72.1720049833218
2003/04/26, 71.64023630591151
2003/04/26, 71.10846762850123
2003/04/27, 75.3626170477835
2003/04/27, 74.83084837037322
2003/04/27, 74.29907969296293
2003/04/27, 73.76731101555265
2003/04/27, 73.23554233814237
2003/04/27, 72.70377366073208
2003/04/27, 72.1720049833218
2003/04/27, 71.64023630591151
2003/04/27, 71.10846762850123
2003/04/27, 70.57669895109095
2003/04/28, 69.91198810432809
2003/04/28, 69.24727725756524
2003/04/28, 68.84845074950753
2003/04/28, 74.96379053972579
2003/04/28, 74.43202186231551
2003/04/28, 73.90025318490522
2003/04/28, 73.23554233814237
2003/04/28, 72.70377366073208
2003/04/28, 72.1720049833218
2003/04/28, 71.64023630591151
2003/04/28, 71.10846762850123
2003/04/28, 70.57669895109095
2003/04/28, 69.91198810432809
2003/04/28, 69.3802194269178
2003/04/28, 68.84845074950753
2003/04/28, 68.31668207209725
2003/04/28, 67.78491339468697
2003/04/29, 73.10260016878979
2003/04/29, 72.57083149137951
2003/04/29, 72.03906281396922
2003/04/29, 71.50729413655894
2003/04/29, 70.97552545914866
2003/04/29, 70.44375678173837
2003/04/29, 67.31961580195296
2003/04/29, 69.91198810432809
2003/04/29, 69.24727725756524
2003/04/29, 68.71550858015496
2003/04/29, 68.18373990274468
2003/04/29, 67.65197122533439
2003/04/29, 66.7213760398664
2003/04/29, 66.32254953180868
2003/04/30, 71.10846762850123
2003/04/30, 70.57669895109095
2003/04/30, 69.91198810432809
2003/04/30, 69.24727725756524
2003/04/30, 68.71550858015496
2003/04/30, 68.18373990274468
2003/04/30, 67.65197122533439
2003/04/30, 67.12020254792411
2003/04/30, 66.58843387051382
2003/04/30, 66.05666519310354
2003/04/30, 65.52489651569326
2003/05/01, 69.11433508821267
2003/05/01, 68.58256641080239
2003/05/01, 68.0507977333921
2003/05/01, 67.51902905598182
2003/05/01, 66.98726037857153
2003/05/01, 66.45549170116125
2003/05/01, 65.92372302375097
2003/05/01, 65.39195434634068
2003/05/01, 64.8601856689304
2003/05/02, 67.78491339468697
2003/05/02, 67.25314471727668
2003/05/02, 66.7213760398664
2003/05/02, 66.18960736245612
2003/05/02, 65.65783868504583
2003/05/02, 65.19254109231183
2003/05/02, 70.97552545914866
2003/05/02, 70.31081461238581
2003/05/02, 69.77904593497553
2003/05/02, 69.24727725756524
2003/05/02, 68.71550858015496
2003/05/02, 68.18373990274468
2003/05/02, 67.65197122533439
2003/05/02, 67.12020254792411
2003/05/02, 66.58843387051382
2003/05/02, 66.05666519310354
2003/05/03, 65.65783868504583
2003/05/03, 71.50729413655894
2003/05/03, 70.97552545914866
2003/05/03, 70.44375678173837
2003/05/03, 69.91198810432809
2003/05/03, 69.3802194269178
2003/05/03, 68.84845074950753
2003/05/03, 68.31668207209725
2003/05/03, 67.78491339468697
2003/05/03, 67.25314471727668
2003/05/03, 66.7213760398664
2003/05/03, 66.18960736245612
2003/05/04, 73.10260016878979
2003/05/04, 72.57083149137951
2003/05/04, 72.03906281396922
2003/05/04, 71.50729413655894
2003/05/04, 70.97552545914866
2003/05/04, 70.44375678173837
2003/05/04, 69.91198810432809
2003/05/04, 69.3802194269178
2003/05/04, 68.84845074950753
2003/05/04, 68.31668207209725
2003/05/04, 67.78491339468697
2003/05/04, 67.31961580195296
2003/05/04, 66.7213760398664
2003/05/04, 66.32254953180868
2003/05/04, 74.16613752361036
2003/05/04, 73.5014266768475
2003/05/04, 72.96965799943722
2003/05/04, 72.43788932202695
2003/05/04, 71.90612064461666
2003/05/05, 71.2414097978538
2003/05/05, 70.70964112044352
2003/05/05, 70.17787244303324
2003/05/05, 69.64610376562295
2003/05/05, 69.11433508821267
2003/05/04, 68.58256641080239
2003/05/04, 68.0507977333921
2003/05/04, 67.65197122533439
2003/05/05, 74.43202186231551
2003/05/05, 73.90025318490522
2003/05/05, 73.36848450749494
2003/05/05, 72.83671583008466
2003/05/05, 72.30494715267437
2003/05/05, 71.77317847526409
2003/05/05, 71.2414097978538
2003/05/05, 70.8425832897961
2003/05/06, 74.43202186231551
2003/05/06, 73.90025318490522
2003/05/06, 73.36848450749494
2003/05/06, 72.83671583008466
2003/05/06, 72.30494715267437
2003/05/06, 71.77317847526409
2003/05/06, 74.96379053972579
2003/05/07, 74.43202186231551
2003/05/07, 73.90025318490522
2003/05/07, 73.36848450749494
2003/05/06, 72.96965799943722
2003/05/07, 74.96379053972579
2003/05/07, 74.43202186231551
2003/05/07, 73.90025318490522
2003/05/07, 73.5014266768475
2003/05/08, 74.96379053972579
2003/05/08, 74.43202186231551
2003/05/08, 73.90025318490522
2003/05/08, 73.36848450749494
2003/05/08, 72.96965799943722
2003/05/09, 74.43202186231551
2003/05/09, 73.90025318490522
2003/05/09, 73.36848450749494
2003/05/09, 72.96965799943722
2003/05/10, 74.43202186231551
2003/05/10, 73.90025318490522
2003/05/10, 73.36848450749494
2003/05/10, 72.83671583008466
2003/05/10, 72.30494715267437
2003/05/10, 71.77317847526409
2003/05/11, 74.29907969296293
2003/05/11, 73.76731101555265
2003/05/11, 73.23554233814237
2003/05/11, 72.70377366073208
2003/05/11, 71.33003791075551
2003/05/11, 72.03906281396922
2003/05/11, 73.76731101555265
2003/05/11, 73.23554233814237
2003/05/11, 72.70377366073208
2003/05/12, 71.2414097978538
2003/05/11, 70.57669895109095
2003/05/11, 70.17787244303324
2003/05/12, 72.03906281396922
2003/05/12, 73.10260016878979
2003/05/12, 72.57083149137951
2003/05/12, 71.50729413655894
2003/05/12, 70.97552545914866
2003/05/12, 70.44375678173837
2003/05/12, 69.91198810432809
2003/05/12, 69.3802194269178
2003/05/12, 68.84845074950753
2003/05/12, 68.38315315677353
2003/05/13, 72.03906281396922
2003/05/13, 71.50729413655894
2003/05/13, 70.8425832897961
2003/05/13, 70.31081461238581
2003/05/13, 69.77904593497553
2003/05/13, 69.24727725756524
2003/05/13, 68.71550858015496
2003/05/13, 68.18373990274468
2003/05/13, 67.91785556403953
2003/05/13, 66.7213760398664
2003/05/13, 66.32254953180868
2003/05/14, 67.51902905598182
2003/05/14, 71.50729413655894
2003/05/14, 70.97552545914866
2003/05/14, 70.44375678173837
2003/05/14, 69.91198810432809
2003/05/14, 69.3802194269178
2003/05/14, 68.84845074950753
2003/05/14, 68.31668207209725
2003/05/14, 66.7213760398664
2003/05/14, 66.18960736245612
2003/05/14, 67.78491339468697
2003/05/14, 67.25314471727668
2003/05/14, 65.65783868504583
2003/05/14, 65.12607000763555
2003/05/14, 70.44375678173837
2003/05/14, 69.91198810432809
2003/05/14, 69.3802194269178
2003/05/15, 68.84845074950753
2003/05/15, 68.31668207209725
2003/05/15, 66.7213760398664
2003/05/15, 66.18960736245612
2003/05/15, 67.78491339468697
2003/05/15, 67.12020254792411
2003/05/15, 65.65783868504583
2003/05/15, 65.05959892295925
2003/05/15, 68.58256641080239
2003/05/15, 66.45549170116125
2003/05/16, 68.0507977333921
2003/05/16, 67.38608688662924
2003/05/16, 66.85431820921896
2003/05/16, 65.92372302375097
2003/05/16, 65.25901217698812
2003/05/16, 64.72724349957784
2003/05/16, 70.97552545914866
2003/05/16, 70.31081461238581
2003/05/16, 69.77904593497553
2003/05/16, 69.24727725756524
2003/05/16, 68.71550858015496
2003/05/17, 68.0507977333921
2003/05/17, 67.38608688662924
2003/05/17, 66.85431820921896
2003/05/17, 66.32254953180868
2003/05/17, 65.7907808543984
2003/05/17, 65.25901217698812
2003/05/17, 64.72724349957784
2003/05/16, 64.32841699152011
2003/05/17, 76.55909657195663
2003/05/17, 76.09379897922264
2003/05/17, 71.50729413655894
2003/05/17, 70.8425832897961
2003/05/17, 70.31081461238581
2003/05/17, 69.77904593497553
2003/05/17, 69.24727725756524
2003/05/17, 68.71550858015496
2003/05/18, 80.28147731382862
2003/05/17, 79.61676646706576
2003/05/17, 79.08499778965549
2003/05/17, 78.5532291122452
2003/05/17, 78.02146043483492
2003/05/17, 77.48969175742464
2003/05/17, 76.95792308001435
2003/05/18, 75.49555921713608
2003/05/17, 74.83084837037322
2003/05/17, 74.29907969296293
2003/05/17, 73.83378210022893
2003/05/17, 73.5014266768475
2003/05/17, 68.0507977333921
2003/05/17, 67.38608688662924
2003/05/17, 66.85431820921896
2003/05/17, 66.32254953180868
2003/05/17, 65.7907808543984
2003/05/17, 65.25901217698812
2003/05/17, 64.8601856689304
2003/05/18, 76.2932122332515
2003/05/18, 71.37435196720638
2003/05/18, 70.8425832897961
2003/05/18, 70.31081461238581
2003/05/18, 69.77904593497553
2003/05/18, 69.24727725756524
2003/05/18, 68.71550858015496
2003/05/18, 85.59916408793146
2003/05/18, 84.9344532411686
2003/05/18, 84.40268456375831
2003/05/18, 83.87091588634803
2003/05/18, 83.33914720893775
2003/05/18, 82.80737853152746
2003/05/18, 82.27560985411718
2003/05/18, 81.7438411767069
2003/05/18, 81.21207249929661
2003/05/18, 80.68030382188633
2003/05/18, 80.14853514447604
2003/05/18, 79.61676646706576
2003/05/18, 79.08499778965549
2003/05/18, 78.5532291122452
2003/05/18, 78.02146043483492
2003/05/18, 77.48969175742464
2003/05/18, 76.95792308001435
2003/05/18, 75.49555921713608
2003/05/18, 74.83084837037322
2003/05/18, 74.36555077763921
2003/05/18, 74.03319535425778
2003/05/18, 68.0507977333921
2003/05/18, 67.38608688662924
2003/05/18, 66.85431820921896
2003/05/18, 66.38902061648497
2003/05/18, 66.05666519310354
2003/05/19, 76.2932122332515
2003/05/18, 70.97552545914866
2003/05/18, 70.44375678173837
2003/05/18, 69.91198810432809
2003/05/18, 69.3802194269178
2003/05/18, 68.84845074950753
2003/05/19, 86.13093276534174
2003/05/19, 85.46622191857888
2003/05/19, 84.9344532411686
2003/05/19, 84.40268456375831
2003/05/19, 83.87091588634803
2003/05/19, 83.33914720893775
2003/05/19, 82.80737853152746
2003/05/19, 82.27560985411718
2003/05/19, 81.7438411767069
2003/05/19, 81.21207249929661
2003/05/19, 80.68030382188633
2003/05/19, 80.14853514447604
2003/05/19, 79.61676646706576
2003/05/19, 79.08499778965549
2003/05/19, 78.5532291122452
2003/05/19, 78.02146043483492
2003/05/19, 77.48969175742464
2003/05/19, 76.95792308001435
2003/05/19, 75.49555921713608
2003/05/19, 74.83084837037322
2003/05/19, 74.29907969296293
2003/05/19, 73.90025318490522
2003/05/19, 66.7213760398664
2003/05/19, 66.32254953180868
2003/05/19, 76.2932122332515
2003/05/20, 86.39681710404687
2003/05/20, 85.86504842663659
2003/05/20, 85.3332797492263
2003/05/20, 84.80151107181602
2003/05/20, 84.26974239440574
2003/05/20, 83.73797371699546
2003/05/20, 83.20620503958517
2003/05/20, 82.6744363621749
2003/05/20, 82.14266768476462
2003/05/20, 81.61089900735433
2003/05/20, 81.07913032994405
2003/05/20, 80.54736165253377
2003/05/20, 80.08206405979976
2003/05/20, 79.4838242977132
2003/05/20, 78.95205562030291
2003/05/20, 78.42028694289263
2003/05/20, 77.88851826548235
2003/05/20, 77.35674958807206
2003/05/20, 76.82498091066178
2003/05/20, 75.76144355584121
2003/05/20, 75.22967487843093
2003/05/20, 74.69790620102064
2003/05/20, 74.16613752361036
2003/05/20, 73.76731101555265
2003/05/21, 86.26387493469431
2003/05/21, 85.73210625728403
2003/05/21, 85.20033757987375
2003/05/21, 84.66856890246346
2003/05/21, 84.13680022505318
2003/05/21, 83.6050315476429
2003/05/21, 83.07326287023261
2003/05/21, 82.54149419282233
2003/05/21, 82.00972551541204
2003/05/21, 81.47795683800176
2003/05/21, 80.94618816059148
2003/05/21, 80.41441948318119
2003/05/21, 80.01559297512348
2003/05/21, 85.73210625728403
2003/05/21, 85.20033757987375
2003/05/21, 84.66856890246346
2003/05/21, 84.13680022505318
2003/05/21, 83.6050315476429
2003/05/21, 83.07326287023261
2003/05/21, 82.54149419282233
2003/05/21, 82.00972551541204
2003/05/21, 81.47795683800176
2003/05/21, 80.94618816059148
2003/05/21, 80.41441948318119
2003/05/21, 79.88265080577091
2003/05/21, 79.4838242977132
2003/05/22, 84.40268456375831
2003/05/22, 83.87091588634803
2003/05/22, 83.33914720893775
2003/05/22, 82.80737853152746
2003/05/22, 82.27560985411718
2003/05/22, 81.7438411767069
2003/05/22, 81.21207249929661
2003/05/22, 80.68030382188633
2003/05/22, 80.14853514447604
2003/05/22, 79.61676646706576
2003/05/22, 79.08499778965549
2003/05/22, 78.5532291122452
2003/05/22, 78.02146043483492
2003/05/22, 77.6226339267772
2003/05/23, 82.54149419282233
2003/05/23, 82.00972551541204
2003/05/23, 81.47795683800176
2003/05/23, 80.94618816059148
2003/05/23, 80.41441948318119
2003/05/23, 79.88265080577091
2003/05/23, 79.35088212836062
2003/05/23, 78.81911345095034
2003/05/23, 78.28734477354006
2003/05/23, 77.75557609612977
2003/05/23, 77.22380741871949
2003/05/23, 76.55909657195663
2003/05/23, 76.02732789454636
2003/05/23, 75.58418733003778
2003/05/24, 82.14266768476462
2003/05/24, 81.61089900735433
2003/05/24, 81.07913032994405
2003/05/24, 80.54736165253377
2003/05/24, 79.88265080577091
2003/05/24, 79.35088212836062
2003/05/24, 78.81911345095034
2003/05/24, 78.28734477354006
2003/05/24, 77.75557609612977
2003/05/24, 77.22380741871949
2003/05/24, 76.6920387413092
2003/05/24, 76.16027006389892
2003/05/24, 75.49555921713608
2003/05/24, 74.96379053972579
2003/05/24, 74.43202186231551
2003/05/24, 73.90025318490522
2003/05/24, 79.74970863641833
2003/05/24, 79.21793995900805
2003/05/24, 78.68617128159777
2003/05/25, 78.15440260418748
2003/05/25, 77.6226339267772
2003/05/25, 77.09086524936691
2003/05/25, 76.55909657195663
2003/05/25, 76.02732789454636
2003/05/25, 73.43495559217122
2003/05/25, 75.49555921713608
2003/05/25, 74.83084837037322
2003/05/25, 74.29907969296293
2003/05/25, 73.76731101555265
2003/05/25, 77.75557609612977
2003/05/25, 77.22380741871949
2003/05/25, 76.6920387413092
2003/05/25, 76.16027006389892
2003/05/25, 73.10260016878979
2003/05/25, 72.43788932202695
2003/05/25, 72.1720049833218
2003/05/26, 75.49555921713608
2003/05/26, 74.96379053972579
2003/05/26, 74.43202186231551
2003/05/26, 73.90025318490522
2003/05/26, 75.89438572519379
2003/05/26, 73.36848450749494
2003/05/26, 72.70377366073208
2003/05/26, 72.1720049833218
2003/05/26, 71.64023630591151
2003/05/26, 71.10846762850123
2003/05/26, 75.22967487843093
2003/05/26, 74.69790620102064
2003/05/27, 74.16613752361036
2003/05/27, 73.63436884620008
2003/05/27, 72.96965799943722
2003/05/27, 72.43788932202695
2003/05/27, 71.90612064461666
2003/05/27, 71.37435196720638
2003/05/27, 70.8425832897961
2003/05/27, 70.57669895109095
2003/05/27, 70.17787244303324
2003/05/27, 69.51316159627038
2003/05/27, 68.9813929188601
2003/05/28, 73.63436884620008
2003/05/28, 73.10260016878979
2003/05/28, 72.57083149137951
2003/05/28, 72.03906281396922
2003/05/28, 71.50729413655894
2003/05/28, 70.97552545914866
2003/05/28, 70.44375678173837
2003/05/28, 69.77904593497553
2003/05/28, 69.24727725756524
2003/05/28, 68.71550858015496
2003/05/28, 68.18373990274468
2003/05/28, 67.65197122533439
2003/05/28, 67.12020254792411
2003/05/28, 66.85431820921896
2003/05/28, 72.30494715267437
2003/05/29, 71.64023630591151
2003/05/29, 71.10846762850123
2003/05/29, 70.44375678173837
2003/05/29, 69.77904593497553
2003/05/29, 69.24727725756524
2003/05/29, 68.71550858015496
2003/05/29, 68.18373990274468
2003/05/29, 67.65197122533439
2003/05/29, 67.12020254792411
2003/05/29, 66.58843387051382
2003/05/29, 71.10846762850123
2003/05/29, 65.92372302375097
2003/05/29, 65.25901217698812
2003/05/29, 64.8601856689304
2003/05/30, 70.44375678173837
2003/05/30, 69.91198810432809
2003/05/30, 69.24727725756524
2003/05/30, 68.71550858015496
2003/05/30, 68.18373990274468
2003/05/30, 67.65197122533439
2003/05/30, 67.12020254792411
2003/05/30, 66.58843387051382
2003/05/30, 65.92372302375097
2003/05/30, 65.39195434634068
2003/05/30, 64.8601856689304
2003/05/30, 64.32841699152011
2003/05/30, 63.79664831410983
2003/05/30, 63.26487963669955
2003/05/30, 69.11433508821267
2003/05/30, 68.58256641080239
2003/05/30, 68.0507977333921
2003/05/31, 67.51902905598182
2003/05/31, 66.98726037857153
2003/05/31, 66.45549170116125
2003/05/31, 62.79958204396556
2003/05/31, 65.92372302375097
2003/05/31, 65.25901217698812
2003/05/31, 64.72724349957784
2003/05/31, 64.19547482216755
2003/05/31, 63.66370614475727
2003/05/31, 63.13193746734699
2003/05/31, 67.12020254792411
2003/05/31, 66.58843387051382
2003/05/31, 62.46722662058413
2003/05/31, 61.80251577382127
2003/05/31, 61.536631435116135
2003/06/01, 65.92372302375097
2003/06/01, 65.25901217698812
2003/06/01, 64.72724349957784
2003/06/01, 64.19547482216755
2003/06/01, 63.66370614475727
2003/06/01, 63.13193746734699
2003/06/01, 62.46722662058413
2003/06/01, 62.06840011252642
2003/06/01, 61.137804927058426
2003/06/01, 60.60603624964814
2003/06/01, 60.20720974159042
2003/06/02, 64.99312783828297
2003/06/01, 64.59430133022526
2003/06/01, 64.06253265281498
2003/06/02, 63.530763975404696
2003/06/02, 62.99899529799441
2003/06/02, 62.73311095928926
2003/06/02, 63.19840855202327
2003/06/02, 61.73604468914499
2003/06/02, 59.675441064180134
2003/06/02, 59.14367238676985
2003/06/02, 58.61190370935958
2003/06/02, 58.14660611662558
2003/06/03, 59.14367238676985
2003/06/03, 58.61190370935958
2003/06/03, 58.0801350319493
2003/06/03, 57.54836635453901
2003/06/03, 57.01659767712873
2003/06/03, 56.484828999718445
2003/06/03, 55.95306032230816
2003/06/03, 55.55423381425045
2003/06/04, 58.61190370935958
2003/06/04, 58.0801350319493
2003/06/04, 57.54836635453901
2003/06/04, 57.01659767712873
2003/06/04, 56.484828999718445
2003/06/04, 55.95306032230816
2003/06/04, 55.42129164489788
2003/06/04, 55.02246513684017
2003/06/05, 58.0801350319493
2003/06/05, 57.54836635453901
2003/06/05, 57.01659767712873
2003/06/05, 56.484828999718445
2003/06/05, 55.95306032230816
2003/06/05, 55.42129164489788
2003/06/05, 54.88952296748759
2003/06/05, 54.42422537475359
2003/06/05, 57.68130852389157
2003/06/06, 57.01659767712873
2003/06/06, 56.484828999718445
2003/06/06, 55.95306032230816
2003/06/06, 55.42129164489788
2003/06/06, 54.88952296748759
2003/06/06, 54.42422537475359
2003/06/06, 56.484828999718445
2003/06/06, 55.95306032230816
2003/06/06, 55.42129164489788
2003/06/06, 54.88952296748759
2003/06/06, 54.35775429007731
2003/06/07, 56.35188683036587
2003/06/07, 55.82011815295559
2003/06/07, 55.2883494755453
2003/06/07, 54.88952296748759
2003/06/08, 56.35188683036587
2003/06/08, 55.82011815295559
2003/06/08, 55.2883494755453
2003/06/08, 54.75658079813502
2003/06/08, 54.31344023362645
2003/06/09, 55.95306032230816
2003/06/09, 55.42129164489788
2003/06/09, 54.88952296748759
2003/06/09, 54.224812120724735
2003/06/09, 53.69304344331445
2003/06/09, 55.68717598360301
2003/06/09, 55.15540730619273
2003/06/09, 54.623638628782444
2003/06/10, 53.9589277820196
2003/06/10, 53.29421693525674
2003/06/10, 53.02833259655159
2003/06/10, 55.15540730619273
2003/06/10, 54.623638628782444
2003/06/11, 53.9589277820196
2003/06/11, 53.427159104609316
2003/06/11, 53.02833259655159
2003/06/11, 54.490696459429884
2003/06/11, 53.9589277820196
2003/06/11, 53.427159104609316
2003/06/11, 53.02833259655159
2003/06/12, 54.490696459429884
2003/06/12, 53.9589277820196
2003/06/12, 53.427159104609316
2003/06/12, 53.02833259655159
2003/06/13, 54.490696459429884
2003/06/13, 53.9589277820196
2003/06/13, 53.427159104609316
2003/06/13, 52.96186151187531
2003/06/13, 54.490696459429884
2003/06/14, 53.9589277820196
2003/06/14, 53.427159104609316
2003/06/14, 52.89539042719903
2003/06/14, 52.43009283446503
2003/06/14, 54.35775429007731
2003/06/14, 51.831853072378465
2003/06/15, 53.69304344331445
2003/06/15, 53.02833259655159
2003/06/15, 52.49656391914131
2003/06/15, 51.831853072378465
2003/06/15, 51.167142225615606
2003/06/15, 50.63537354820532
2003/06/15, 50.36948920950019
2003/06/15, 53.56010127396188
2003/06/15, 53.02833259655159
2003/06/15, 52.49656391914131
2003/06/16, 51.831853072378465
2003/06/16, 51.167142225615606
2003/06/16, 50.63537354820532
2003/06/16, 50.36948920950019
2003/06/16, 53.16127476590417
2003/06/16, 52.62950608849388
2003/06/17, 51.96479524173104
2003/06/17, 51.433026564320755
2003/06/17, 50.90125788691047
2003/06/17, 50.36948920950019
2003/06/16, 50.10360487079504
2003/06/17, 49.70477836273733
2003/06/17, 51.69891090302589
2003/06/17, 51.167142225615606
2003/06/17, 50.63537354820532
2003/06/17, 50.10360487079504
2003/06/18, 49.43889402403218
2003/06/18, 49.04006751597447
2003/06/18, 51.167142225615606
2003/06/18, 50.63537354820532
2003/06/18, 50.10360487079504
2003/06/19, 49.43889402403218
2003/06/19, 48.90712534662191
2003/06/19, 50.50243137885275
2003/06/19, 49.970662701442464
2003/06/19, 48.44182775388791
2003/06/19, 49.43889402403218
2003/06/19, 48.774183177269336
2003/06/20, 50.10360487079504
2003/06/20, 48.10947233050648
2003/06/20, 49.43889402403218
2003/06/20, 48.774183177269336
2003/06/21, 48.10947233050648
2003/06/21, 47.71064582244877
2003/06/21, 49.70477836273733
2003/06/21, 49.04006751597447
2003/06/21, 48.50829883856419
2003/06/21, 47.9765301611539
2003/06/22, 50.23654704014761
2003/06/22, 49.571836193384755
2003/06/22, 49.04006751597447
2003/06/22, 48.50829883856419
2003/06/22, 51.03420005626303
2003/06/23, 50.23654704014761
2003/06/23, 49.571836193384755
2003/06/23, 49.04006751597447
2003/06/22, 48.64124100791676
2003/06/23, 51.565968733673316
2003/06/23, 50.90125788691047
2003/06/23, 50.23654704014763
2003/06/23, 49.57183619338477
2003/06/23, 49.10653860065078
2003/06/24, 52.097737411083614
2003/06/24, 51.56596873367333
2003/06/24, 51.034200056263046
2003/06/24, 52.49656391914132
2003/06/24, 50.50243137885276
2003/06/24, 49.83772053208992
2003/06/24, 49.438894024032194
2003/06/25, 51.83185307237848
2003/06/25, 51.300084394968195
2003/06/25, 50.76831571755791
2003/06/25, 50.23654704014763
2003/06/25, 49.70477836273734
2003/06/25, 49.17300968532706
2003/06/25, 48.641241007916776
2003/06/25, 51.698910903025904
2003/06/25, 51.16714222561562
2003/06/25, 48.19810044340821
2003/06/26, 50.50243137885276
2003/06/26, 49.83772053208992
2003/06/26, 49.305951854679634
2003/06/26, 48.77418317726935
2003/06/26, 51.16714222561562
2003/06/26, 48.10947233050649
2003/06/26, 47.57770365309621
2003/06/26, 50.50243137885276
2003/06/27, 49.97066270144248
2003/06/27, 49.438894024032194
2003/06/27, 48.907125346621925
2003/06/27, 48.37535666921164
2003/06/27, 47.71064582244878
2003/06/27, 47.1788771450385
2003/06/27, 49.70477836273734
2003/06/27, 49.17300968532706
2003/06/28, 48.641241007916776
2003/06/28, 48.10947233050649
2003/06/28, 47.57770365309621
2003/06/28, 47.1788771450385
2003/06/28, 49.70477836273734
2003/06/28, 49.040067515974485
2003/06/29, 48.4196707256625
2003/06/28, 47.84358799180136
2003/06/29, 50.23654704014763
2003/06/29, 49.57183619338477
2003/06/29, 49.040067515974485
2003/06/29, 48.37535666921164
2003/06/30, 50.50243137885276
2003/06/30, 49.97066270144248
2003/06/30, 49.438894024032194
2003/06/30, 48.907125346621925
2003/06/30, 47.91005907647764
2003/06/30, 48.37535666921164
2003/06/30, 47.31181931439107
2003/06/30, 46.78005063698079
2003/06/30, 46.314753044246785
2003/06/30, 50.50243137885276
2003/07/01, 49.97066270144248
2003/07/01, 49.438894024032194
2003/07/01, 48.907125346621925
2003/07/01, 47.84358799180136
2003/07/01, 48.37535666921164
2003/07/01, 47.31181931439107
2003/07/01, 46.78005063698079
2003/07/01, 46.248281959570505
2003/07/01, 45.71651328216022
2003/07/01, 49.97066270144248
2003/07/01, 49.438894024032194
2003/07/01, 48.907125346621925
2003/07/01, 47.84358799180136
2003/07/02, 48.37535666921164
2003/07/02, 47.31181931439107
2003/07/02, 46.647108467628215
2003/07/02, 46.11533979021793
2003/07/02, 45.58357111280765
2003/07/02, 45.31768677410251
2003/07/02, 45.05180243539736
2003/07/02, 48.37535666921164
2003/07/03, 47.84358799180136
2003/07/03, 47.31181931439107
2003/07/03, 46.78005063698079
2003/07/03, 46.248281959570505
2003/07/03, 45.71651328216022
2003/07/03, 45.18474460474994
2003/07/03, 47.71064582244878
2003/07/03, 47.1788771450385
2003/07/03, 46.647108467628215
2003/07/03, 46.11533979021793
2003/07/03, 45.58357111280765
2003/07/04, 45.11827352007364
2003/07/04, 47.1788771450385
2003/07/04, 46.647108467628215
2003/07/04, 46.11533979021793
2003/07/04, 45.58357111280765
2003/07/05, 44.91886026604479
2003/07/05, 120.89531005103902
2003/07/05, 46.51416629827564
2003/07/05, 45.982397620865356
2003/07/05, 45.45062894345507
2003/07/05, 44.4535626733108
2003/07/05, 44.91886026604479
2003/07/06, 120.96178113571531
2003/07/06, 46.11533979021793
2003/07/06, 45.58357111280765
2003/07/06, 44.12120724992937
2003/07/06, 44.91886026604479
2003/07/06, 43.522967487842806
2003/07/07, 120.96178113571531
2003/07/07, 45.71651328216022
2003/07/07, 44.12120724992937
2003/07/07, 45.18474460474994
2003/07/07, 44.652975927339654
2003/07/07, 43.589438572519086
2003/07/07, 43.0576698951088
2003/07/07, 42.52590121769852
2003/07/07, 41.994132540288234
2003/07/07, 41.46236386287795
2003/07/07, 40.930595185467666
2003/07/07, 40.46529759273366
2003/07/07, 120.96178113571531
2003/07/07, 45.58357111280765
2003/07/07, 44.12120724992937
2003/07/08, 44.91886026604479
2003/07/08, 43.32355423381394
2003/07/08, 42.65884338705109
2003/07/08, 42.12707470964081
2003/07/08, 41.595306032230525
2003/07/08, 41.06353735482024
2003/07/08, 40.53176867740996
2003/07/08, 39.99999999999967
2003/07/08, 120.96178113571531
2003/07/08, 44.12120724992937
2003/07/08, 39.335289153236815
2003/07/08, 38.67057830647397
2003/07/08, 38.13880962906369
2003/07/08, 37.6070409516534
2003/07/08, 37.07527227424312
2003/07/08, 36.543503596832835
2003/07/08, 36.277619258127686
2003/07/08, 44.91886026604479
2003/07/09, 43.32355423381394
2003/07/09, 42.79178555640365
2003/07/09, 42.26001687899337
2003/07/09, 41.7282482015831
2003/07/09, 41.196479524172815
2003/07/09, 40.66471084676253
2003/07/09, 40.13294216935225
2003/07/09, 120.96178113571531
2003/07/09, 43.85532291122422
2003/07/09, 39.601173491941964
2003/07/09, 39.06940481453168
2003/07/09, 38.537636137121396
2003/07/09, 38.00586745971111
2003/07/09, 37.47409878230083
2003/07/09, 36.942330104890544
2003/07/09, 36.41056142748026
2003/07/09, 35.87879275006998
2003/07/09, 43.32355423381394
2003/07/09, 42.65884338705109
2003/07/09, 42.12707470964081
2003/07/09, 41.595306032230525
2003/07/09, 41.06353735482024
2003/07/09, 40.53176867740996
2003/07/09, 39.99999999999967
2003/07/09, 35.435652185561395
2003/07/10, 120.96178113571531
2003/07/10, 49.438894024032194
2003/07/10, 48.907125346621925
2003/07/10, 44.12120724992937
2003/07/10, 39.335289153236815
2003/07/10, 38.80352047582653
2003/07/10, 38.27175179841625
2003/07/10, 37.73998312100596
2003/07/10, 37.20821444359568
2003/07/10, 36.676445766185395
2003/07/10, 36.14467708877511
2003/07/10, 50.50243137885276
2003/07/10, 49.97066270144248
2003/07/10, 48.37535666921164
2003/07/10, 47.84358799180136
2003/07/10, 47.31181931439107
2003/07/10, 46.78005063698079
2003/07/10, 46.248281959570505
2003/07/10, 45.71651328216022
2003/07/10, 45.18474460474994
2003/07/10, 44.652975927339654
2003/07/10, 43.589438572519086
2003/07/10, 43.0576698951088
2003/07/10, 42.52590121769852
2003/07/10, 41.994132540288234
2003/07/10, 41.46236386287795
2003/07/10, 40.930595185467666
2003/07/10, 40.39882650805738
2003/07/10, 39.8670578306471
2003/07/10, 35.61290841136483
2003/07/10, 35.14761081863084
2003/07/11, 120.96178113571531
2003/07/11, 49.438894024032194
2003/07/11, 48.907125346621925
2003/07/10, 44.12120724992937
2003/07/10, 39.335289153236815
2003/07/10, 38.80352047582653
2003/07/10, 38.27175179841625
2003/07/10, 37.73998312100596
2003/07/10, 37.20821444359568
2003/07/10, 36.676445766185395
2003/07/10, 36.14467708877511
2003/07/11, 51.034200056263046
2003/07/11, 50.3694892095002
2003/07/11, 49.83772053208992
2003/07/11, 48.37535666921164
2003/07/11, 47.71064582244878
2003/07/11, 47.1788771450385
2003/07/11, 46.647108467628215
2003/07/11, 46.11533979021793
2003/07/11, 45.58357111280765
2003/07/11, 45.05180243539736
2003/07/11, 44.52003375798708
2003/07/11, 43.589438572519086
2003/07/11, 42.92472772575623
2003/07/11, 42.39295904834594
2003/07/11, 41.86119037093566
2003/07/11, 41.329421693525376
2003/07/11, 40.79765301611509
2003/07/11, 40.26588433870481
2003/07/11, 39.734115661294524
2003/07/11, 35.7458505807174
2003/07/11, 120.96178113571531
2003/07/11, 49.17300968532706
2003/07/11, 39.06940481453168
2003/07/11, 38.537636137121396
2003/07/11, 38.00586745971111
2003/07/11, 37.47409878230083
2003/07/11, 36.942330104890544
2003/07/11, 36.41056142748026
2003/07/12, 53.42715910460933
2003/07/12, 52.76244825784647
2003/07/12, 51.56596873367333
2003/07/12, 51.034200056263046
2003/07/12, 50.50243137885276
2003/07/12, 49.97066270144248
2003/07/12, 48.37535666921164
2003/07/12, 47.84358799180136
2003/07/12, 47.31181931439107
2003/07/12, 46.78005063698079
2003/07/12, 46.248281959570505
2003/07/12, 45.71651328216022
2003/07/12, 45.18474460474994
2003/07/12, 44.652975927339654
2003/07/12, 44.12120724992937
2003/07/12, 43.589438572519086
2003/07/12, 43.0576698951088
2003/07/11, 42.65884338705109
2003/07/12, 120.89531005103902
2003/07/12, 56.351886830365885
2003/07/12, 55.68717598360303
2003/07/12, 55.15540730619274
2003/07/12, 54.62363862878246
2003/07/12, 54.091869951372175
2003/07/12, 52.097737411083614
2003/07/12, 49.438894024032194
2003/07/12, 48.77418317726935
2003/07/13, 53.42715910460933
2003/07/13, 52.89539042719905
2003/07/13, 51.300084394968195
2003/07/13, 50.76831571755791
2003/07/13, 50.23654704014763
2003/07/12, 48.10947233050649
2003/07/12, 47.57770365309621
2003/07/12, 47.045934975685924
2003/07/12, 46.51416629827564
2003/07/12, 45.982397620865356
2003/07/12, 45.45062894345507
2003/07/12, 44.91886026604479
2003/07/12, 44.387091588634505
2003/07/12, 43.85532291122422
2003/07/12, 43.32355423381394
2003/07/12, 42.92472772575623
2003/07/13, 61.13780492705844
2003/07/13, 60.606036249648156
2003/07/13, 60.07426757223787
2003/07/13, 59.54249889482759
2003/07/13, 59.010730217417304
2003/07/13, 58.47896154000702
2003/07/13, 57.94719286259674
2003/07/13, 57.41542418518645
2003/07/13, 56.88365550777617
2003/07/13, 56.351886830365885
2003/07/13, 55.8201181529556
2003/07/13, 55.42129164489789
2003/07/13, 54.357754290077324
2003/07/13, 53.82598561266704
2003/07/13, 52.36362174978876
2003/07/13, 51.698910903025904
2003/07/13, 49.7490924191882
2003/07/13, 49.305951854679634
2003/07/13, 53.16127476590418
2003/07/13, 51.034200056263046
2003/07/13, 50.50243137885276
2003/07/14, 61.403689265763575
2003/07/14, 60.738978419000716
2003/07/14, 60.20720974159043
2003/07/14, 59.67544106418015
2003/07/14, 59.143672386769865
2003/07/14, 58.611903709359595
2003/07/14, 58.08013503194931
2003/07/14, 57.54836635453903
2003/07/14, 57.01659767712874
2003/07/14, 56.48482899971846
2003/07/14, 56.086002491660736
2003/07/14, 53.82598561266704
2003/07/14, 52.36362174978876
2003/07/14, 51.698910903025904
2003/07/14, 53.16127476590418
2003/07/14, 51.10067114093934
2003/07/15, 61.93545794317386
2003/07/15, 61.403689265763575
2003/07/15, 60.87192058835329
2003/07/15, 60.34015191094301
2003/07/15, 59.80838323353272
2003/07/15, 59.27661455612244
2003/07/15, 58.744845878712155
2003/07/15, 58.21307720130187
2003/07/15, 57.68130852389159
2003/07/15, 57.149539846481304
2003/07/15, 56.684242253747314
2003/07/14, 53.693043443314465
2003/07/14, 52.6295060884939
2003/07/14, 52.097737411083614
2003/07/14, 51.56596873367333
2003/07/15, 62.46722662058414
2003/07/15, 61.93545794317386
2003/07/15, 61.270747096411
2003/07/15, 60.738978419000716
2003/07/15, 60.20720974159043
2003/07/15, 59.67544106418015
2003/07/15, 59.143672386769865
2003/07/15, 58.678374794035875
2003/07/15, 58.21307720130187
2003/07/15, 57.68130852389159
2003/07/15, 57.149539846481304
2003/07/16, 61.802515773821284
2003/07/16, 61.270747096411
2003/07/16, 60.738978419000716
2003/07/16, 60.20720974159043
2003/07/16, 59.67544106418015
2003/07/16, 59.409556725475014
2003/07/17, 61.669573604468724
2003/07/17, 61.13780492705844
2003/07/17, 60.606036249648156
2003/07/17, 60.07426757223787
2003/07/17, 59.54249889482759
2003/07/17, 59.010730217417304
2003/07/17, 58.47896154000702
2003/07/17, 57.94719286259674
2003/07/17, 57.504052298088155
2003/07/18, 61.270747096411
2003/07/18, 60.738978419000716
2003/07/18, 60.20720974159043
2003/07/18, 59.67544106418015
2003/07/18, 59.143672386769865
2003/07/18, 58.611903709359595
2003/07/18, 58.08013503194931
2003/07/18, 57.41542418518645
2003/07/18, 56.88365550777617
2003/07/18, 56.351886830365885
2003/07/18, 55.8201181529556
2003/07/18, 55.28834947554532
2003/07/18, 54.88952296748761
2003/07/18, 61.13780492705844
2003/07/18, 60.606036249648156
2003/07/18, 59.9413254028853
2003/07/18, 59.409556725475014
2003/07/18, 58.87778804806473
2003/07/18, 58.346019370654446
2003/07/18, 57.81425069324416
2003/07/19, 57.149539846481304
2003/07/19, 56.61777116907102
2003/07/19, 56.086002491660736
2003/07/19, 55.554233814250466
2003/07/19, 55.02246513684018
2003/07/19, 54.4906964594299
2003/07/19, 53.958927782019614
2003/07/19, 53.42715910460933
2003/07/19, 52.96186151187533
2003/07/19, 59.80838323353272
2003/07/19, 59.27661455612244
2003/07/19, 58.744845878712155
2003/07/19, 58.21307720130187
2003/07/19, 57.68130852389159
2003/07/20, 57.149539846481304
2003/07/20, 56.48482899971846
2003/07/19, 56.086002491660736
2003/07/20, 54.62363862878246
2003/07/20, 54.091869951372175
2003/07/20, 53.56010127396189
2003/07/20, 53.02833259655161
2003/07/20, 52.49656391914132
2003/07/20, 57.81425069324416
2003/07/20, 51.83185307237848
2003/07/20, 51.16714222561562
2003/07/20, 50.901257886910486
2003/07/20, 57.149539846481304
2003/07/20, 56.61777116907102
2003/07/20, 54.091869951372175
2003/07/20, 53.56010127396189
2003/07/20, 53.02833259655161
2003/07/20, 52.49656391914132
2003/07/21, 51.83185307237848
2003/07/21, 51.16714222561562
2003/07/21, 50.63537354820534
2003/07/21, 50.10360487079505
2003/07/21, 49.63830727806106
2003/07/21, 53.56010127396189
2003/07/21, 53.02833259655161
2003/07/21, 52.49656391914132
2003/07/22, 51.83185307237848
2003/07/22, 51.16714222561562
2003/07/22, 50.63537354820534
2003/07/22, 50.10360487079505
2003/07/22, 49.57183619338477
2003/07/22, 49.040067515974485
2003/07/21, 48.77418317726935
2003/07/22, 53.16127476590418
2003/07/22, 52.6295060884939
2003/07/22, 48.37535666921164
2003/07/22, 47.84358799180136
2003/07/22, 52.097737411083614
2003/07/22, 51.43302656432077
2003/07/22, 50.901257886910486
2003/07/22, 50.3694892095002
2003/07/22, 49.83772053208992
2003/07/22, 49.305951854679634
2003/07/22, 48.77418317726935
2003/07/22, 47.51123256841993
2003/07/23, 48.10947233050649
2003/07/23, 47.045934975685924
2003/07/23, 46.381224128923066
2003/07/23, 51.034200056263046
2003/07/23, 50.3694892095002
2003/07/23, 49.83772053208992
2003/07/23, 49.305951854679634
2003/07/23, 48.77418317726935
2003/07/24, 48.10947233050649
2003/07/24, 47.44476148374363
2003/07/24, 46.91299280633335
2003/07/24, 46.381224128923066
2003/07/24, 45.84945545151278
2003/07/24, 49.83772053208992
2003/07/24, 49.305951854679634
2003/07/24, 48.77418317726935
2003/07/24, 47.97653016115392
2003/07/24, 47.44476148374363
2003/07/24, 46.91299280633335
2003/07/24, 46.381224128923066
2003/07/24, 45.84945545151278
2003/07/24, 45.58357111280765
2003/07/25, 45.18474460474994
2003/07/25, 47.84358799180136
2003/07/25, 47.31181931439107
2003/07/25, 46.78005063698079
2003/07/25, 46.248281959570505
2003/07/25, 45.71651328216022
2003/07/26, 45.229058661200796
2003/07/26, 46.51416629827564
2003/07/26, 45.982397620865356
2003/07/26, 45.45062894345507
2003/07/26, 44.91886026604479
2003/07/27, 46.51416629827564
2003/07/27, 45.982397620865356
2003/07/27, 44.387091588634505
2003/07/27, 43.85532291122422
2003/07/27, 45.45062894345507
2003/07/27, 44.78591809669223
2003/07/27, 43.522967487842806
2003/07/28, 46.11533979021793
2003/07/28, 44.12120724992937
2003/07/28, 43.0576698951088
2003/07/28, 42.52590121769852
2003/07/28, 45.45062894345507
2003/07/28, 44.78591809669223
2003/07/28, 44.12120724992937
2003/07/28, 43.589438572519086
2003/07/28, 43.0576698951088
2003/07/28, 42.52590121769852
2003/07/28, 42.060603624964514
2003/07/29, 45.18474460474994
2003/07/29, 44.652975927339654
2003/07/29, 44.12120724992937
2003/07/29, 43.45649640316651
2003/07/29, 42.92472772575623
2003/07/29, 42.39295904834594
2003/07/29, 41.927661455611954
2003/07/29, 41.595306032230525
2003/07/30, 45.45062894345507
2003/07/30, 44.91886026604479
2003/07/30, 46.51416629827564
2003/07/30, 45.982397620865356
2003/07/30, 44.387091588634505
2003/07/30, 43.85532291122422
2003/07/30, 43.32355423381394
2003/07/30, 42.79178555640365
2003/07/30, 42.32648796366966
2003/07/30, 45.45062894345507
2003/07/30, 44.91886026604479
2003/07/31, 47.045934975685924
2003/07/31, 46.381224128923066
2003/07/31, 45.84945545151278
2003/07/31, 44.387091588634505
2003/07/31, 43.72238074187166
2003/07/31, 43.19061206446138
2003/07/31, 42.92472772575623
2003/07/31, 45.18474460474994
2003/08/01, 46.647108467628215
2003/08/01, 46.11533979021793
2003/08/01, 45.58357111280765
2003/08/01, 44.652975927339654
2003/08/01, 43.988265080576795
2003/08/01, 43.45649640316651
2003/08/01, 42.92472772575623
2003/07/31, 42.65884338705109
2003/08/01, 42.26001687899337
2003/08/01, 41.7282482015831
2003/08/01, 41.196479524172815
2003/08/01, 40.79765301611509
2003/08/01, 46.51416629827564
2003/08/01, 45.982397620865356
2003/08/01, 45.45062894345507
2003/08/01, 44.91886026604479
2003/08/01, 44.387091588634505
2003/08/01, 43.85532291122422
2003/08/01, 43.32355423381394
2003/08/01, 42.79178555640365
2003/08/02, 42.26001687899337
2003/08/02, 41.595306032230525
2003/08/02, 41.06353735482024
2003/08/02, 40.53176867740996
2003/08/02, 40.26588433870481
2003/08/02, 45.71651328216022
2003/08/02, 45.18474460474994
2003/08/02, 44.652975927339654
2003/08/02, 44.12120724992937
2003/08/02, 43.589438572519086
2003/08/02, 43.0576698951088
2003/08/03, 42.52590121769852
2003/08/03, 41.86119037093566
2003/08/03, 41.329421693525376
2003/08/03, 40.79765301611509
2003/08/03, 40.26588433870481
2003/08/02, 39.99999999999967
2003/08/03, 43.19061206446138
2003/08/03, 39.601173491941964
2003/08/03, 39.002933729855386
2003/08/03, 42.52590121769852
2003/08/03, 41.994132540288234
2003/08/03, 41.46236386287795
2003/08/03, 40.930595185467666
2003/08/03, 40.39882650805738
2003/08/04, 39.8670578306471
2003/08/04, 39.20234698388424
2003/08/04, 38.67057830647397
2003/08/04, 38.27175179841625
2003/08/04, 41.7282482015831
2003/08/04, 41.06353735482024
2003/08/04, 40.53176867740996
2003/08/05, 39.8670578306471
2003/08/05, 39.20234698388424
2003/08/05, 38.67057830647397
2003/08/05, 38.13880962906369
2003/08/05, 37.73998312100596
2003/08/05, 40.53176867740996
2003/08/05, 39.8670578306471
2003/08/05, 39.335289153236815
2003/08/05, 38.80352047582653
2003/08/05, 38.27175179841625
2003/08/05, 37.73998312100596
2003/08/06, 37.20821444359568
2003/08/06, 39.335289153236815
2003/08/06, 38.67057830647397
2003/08/06, 38.13880962906369
2003/08/06, 37.6070409516534
2003/08/07, 39.734115661294524
2003/08/07, 39.20234698388424
2003/08/07, 38.67057830647397
2003/08/07, 38.13880962906369
2003/08/07, 37.67351203632968
2003/08/08, 39.20234698388424
2003/08/08, 38.67057830647397
2003/08/08, 38.13880962906369
2003/08/08, 37.6070409516534
2003/08/08, 37.07527227424312
2003/08/09, 38.67057830647397
2003/08/09, 38.13880962906369
2003/08/09, 37.6070409516534
2003/08/09, 37.07527227424312
2003/08/09, 36.543503596832835
2003/08/09, 38.537636137121396
2003/08/09, 38.00586745971111
2003/08/09, 37.47409878230083
2003/08/09, 36.942330104890544
2003/08/09, 36.41056142748026
2003/08/10, 35.87879275006998
2003/08/10, 38.40469396776882
2003/08/10, 37.87292529035854
2003/08/10, 37.341156612948254
2003/08/10, 36.80938793553797
2003/08/10, 36.277619258127686
2003/08/10, 35.435652185561395
2003/08/11, 38.00586745971111
2003/08/11, 37.47409878230083
2003/08/11, 36.942330104890544
2003/08/11, 36.41056142748026
2003/08/11, 35.87879275006998
2003/08/11, 35.34702407265969
2003/08/11, 34.94819756460198
2003/08/12, 38.27175179841625
2003/08/12, 37.6070409516534
2003/08/12, 37.07527227424312
2003/08/12, 36.543503596832835
2003/08/12, 36.01173491942255
2003/08/12, 35.61290841136483
2003/08/13, 38.537636137121396
2003/08/13, 38.00586745971111
2003/08/13, 37.47409878230083
2003/08/13, 36.942330104890544
2003/08/12, 36.543503596832835
2003/08/13, 38.13880962906369
2003/08/13, 37.6070409516534
2003/08/13, 37.07527227424312
2003/08/13, 36.676445766185395
2003/08/14, 37.73998312100596
2003/08/14, 37.20821444359568
2003/08/14, 36.676445766185395
2003/08/14, 36.277619258127686
2003/08/15, 37.73998312100596
2003/08/15, 37.20821444359568
2003/08/15, 36.676445766185395
2003/08/15, 36.277619258127686
2003/08/16, 37.73998312100596
2003/08/16, 37.07527227424312
2003/08/16, 36.543503596832835
2003/08/15, 36.277619258127686
2003/08/17, 38.27175179841625
2003/08/16, 37.6070409516534
2003/08/16, 37.07527227424312
2003/08/16, 36.543503596832835
2003/08/16, 36.277619258127686
2003/08/17, 38.537636137121396
2003/08/17, 37.87292529035854
2003/08/17, 37.341156612948254
2003/08/17, 36.80938793553797
2003/08/17, 36.34409034280398
2003/08/18, 40.39882650805738
2003/08/18, 39.734115661294524
2003/08/18, 39.20234698388424
2003/08/18, 38.537636137121396
2003/08/18, 37.87292529035854
2003/08/18, 37.341156612948254
2003/08/18, 36.80938793553797
2003/08/18, 36.41056142748026
2003/08/19, 40.930595185467666
2003/08/18, 40.26588433870481
2003/08/18, 39.734115661294524
2003/08/18, 39.20234698388424
2003/08/19, 41.7282482015831
2003/08/19, 38.537636137121396
2003/08/19, 37.87292529035854
2003/08/19, 37.341156612948254
2003/08/19, 36.942330104890544
2003/08/19, 40.930595185467666
2003/08/19, 40.39882650805738
2003/08/19, 39.8670578306471
2003/08/19, 39.335289153236815
2003/08/20, 42.52590121769852
2003/08/20, 41.994132540288234
2003/08/20, 41.46236386287795
2003/08/20, 38.80352047582653
2003/08/20, 38.33822288309254
2003/08/20, 40.930595185467666
2003/08/20, 40.39882650805738
2003/08/20, 39.93352891532339
2003/08/20, 39.335289153236815
2003/08/20, 43.0576698951088
2003/08/20, 42.52590121769852
2003/08/20, 41.994132540288234
2003/08/20, 41.46236386287795
2003/08/21, 40.930595185467666
2003/08/21, 40.39882650805738
2003/08/21, 43.32355423381394
2003/08/21, 42.65884338705109
2003/08/21, 42.12707470964081
2003/08/21, 41.661777116906805
2003/08/22, 43.85532291122422
2003/08/22, 43.19061206446138
2003/08/22, 42.65884338705109
2003/08/22, 42.12707470964081
2003/08/22, 41.661777116906805
2003/08/23, 45.71651328216022
2003/08/23, 45.05180243539736
2003/08/23, 44.52003375798708
2003/08/23, 43.988265080576795
2003/08/23, 43.45649640316651
2003/08/23, 42.92472772575623
2003/08/23, 42.39295904834594
2003/08/23, 41.927661455611954
2003/08/23, 41.595306032230525
2003/08/24, 46.248281959570505
2003/08/24, 45.58357111280765
2003/08/24, 45.05180243539736
2003/08/24, 44.52003375798708
2003/08/24, 43.988265080576795
2003/08/24, 43.45649640316651
2003/08/24, 42.92472772575623
2003/08/24, 42.45943013302224
2003/08/23, 42.12707470964081
2003/08/25, 48.907125346621925
2003/08/25, 46.78005063698079
2003/08/24, 46.11533979021793
2003/08/24, 45.58357111280765
2003/08/24, 45.05180243539736
2003/08/24, 44.52003375798708
2003/08/24, 43.988265080576795
2003/08/24, 43.522967487842806
2003/08/24, 43.0576698951088
2003/08/24, 42.65884338705109
2003/08/25, 48.10947233050649
2003/08/25, 47.57770365309621
2003/08/25, 49.17300968532706
2003/08/25, 48.641241007916776
2003/08/25, 47.045934975685924
2003/08/25, 46.51416629827564
2003/08/25, 45.982397620865356
2003/08/25, 45.51710002813137
2003/08/25, 44.91886026604479
2003/08/25, 44.387091588634505
2003/08/25, 43.85532291122422
2003/08/26, 50.23654704014763
2003/08/26, 49.57183619338477
2003/08/26, 48.10947233050649
2003/08/26, 47.44476148374363
2003/08/26, 48.907125346621925
2003/08/26, 46.82436469343165
2003/08/26, 46.248281959570505
2003/08/26, 45.71651328216022
2003/08/27, 50.76831571755791
2003/08/26, 50.10360487079505
2003/08/26, 49.57183619338477
2003/08/27, 48.10947233050649
2003/08/26, 47.44476148374363
2003/08/27, 48.907125346621925
2003/08/27, 46.91299280633335
2003/08/27, 51.034200056263046
2003/08/27, 50.50243137885276
2003/08/27, 49.97066270144248
2003/08/27, 49.438894024032194
2003/08/27, 48.37535666921164
2003/08/27, 47.84358799180136
2003/08/27, 47.31181931439107
2003/08/28, 48.907125346621925
2003/08/28, 46.78005063698079
2003/08/28, 46.248281959570505
2003/08/28, 45.71651328216022
2003/08/28, 45.18474460474994
2003/08/28, 44.652975927339654
2003/08/28, 44.12120724992937
2003/08/28, 43.655909657195366
2003/08/28, 50.3694892095002
2003/08/28, 49.83772053208992
2003/08/28, 49.305951854679634
2003/08/28, 48.37535666921164
2003/08/28, 47.71064582244878
2003/08/28, 47.1788771450385
2003/08/29, 46.51416629827564
2003/08/28, 45.84945545151278
2003/08/28, 45.31768677410251
2003/08/28, 44.78591809669223
2003/08/28, 44.254149419281944
2003/08/28, 43.72238074187166
2003/08/28, 43.19061206446138
2003/08/28, 42.65884338705109
2003/08/29, 49.83772053208992
2003/08/29, 49.305951854679634
2003/08/29, 48.77418317726935
2003/08/29, 48.242414499859066
2003/08/29, 47.71064582244878
2003/08/29, 47.1788771450385
2003/08/29, 41.994132540288234
2003/08/29, 41.595306032230525
2003/08/29, 46.51416629827564
2003/08/29, 45.84945545151278
2003/08/29, 45.31768677410251
2003/08/29, 44.78591809669223
2003/08/29, 44.254149419281944
2003/08/29, 43.72238074187166
2003/08/29, 43.19061206446138
2003/08/29, 42.65884338705109
2003/08/30, 47.1788771450385
2003/08/30, 41.994132540288234
2003/08/30, 41.329421693525376
2003/08/30, 40.79765301611509
2003/08/30, 40.39882650805738
2003/08/30, 46.51416629827564
2003/08/30, 45.982397620865356
2003/08/30, 45.45062894345507
2003/08/30, 44.91886026604479
2003/08/30, 44.254149419281944
2003/08/30, 43.72238074187166
2003/08/30, 43.19061206446138
2003/08/30, 42.65884338705109
2003/08/30, 41.994132540288234
2003/08/30, 41.329421693525376
2003/08/30, 40.79765301611509
2003/08/30, 40.26588433870481
2003/08/30, 39.99999999999967
2003/08/31, 43.85532291122422
2003/08/31, 43.32355423381394
2003/08/31, 42.79178555640365
2003/08/31, 39.601173491941964
2003/08/31, 39.06940481453168
2003/08/31, 38.537636137121396
2003/08/31, 42.12707470964081
2003/08/31, 41.595306032230525
2003/08/31, 41.06353735482024
2003/08/31, 40.53176867740996
2003/08/31, 39.99999999999967
2003/08/31, 38.20528071373997
2003/09/01, 39.335289153236815
2003/09/01, 38.80352047582653
2003/09/01, 37.73998312100596
2003/09/01, 37.20821444359568
2003/09/01, 36.676445766185395
2003/09/01, 36.277619258127686
2003/09/01, 41.994132540288234
2003/09/01, 41.46236386287795
2003/09/01, 40.930595185467666
2003/09/01, 40.39882650805738
2003/09/01, 39.8670578306471
2003/09/01, 38.27175179841625
2003/09/01, 39.335289153236815
2003/09/01, 38.67057830647397
2003/09/01, 37.73998312100596
2003/09/01, 37.07527227424312
2003/09/01, 36.543503596832835
2003/09/01, 36.01173491942255
2003/09/02, 40.53176867740996
2003/09/02, 39.99999999999967
2003/09/02, 35.54643732668855
2003/09/02, 39.335289153236815
2003/09/02, 38.67057830647397
2003/09/02, 38.13880962906369
2003/09/02, 37.6070409516534
2003/09/02, 37.07527227424312
2003/09/02, 36.543503596832835
2003/09/02, 36.01173491942255
2003/09/03, 35.34702407265969
2003/09/03, 38.537636137121396
2003/09/03, 38.00586745971111
2003/09/03, 37.47409878230083
2003/09/03, 36.80938793553797
2003/09/03, 36.277619258127686
2003/09/03, 35.7458505807174
2003/09/03, 35.01466864927826
2003/09/04, 36.41056142748026
2003/09/04, 35.7458505807174
2003/09/04, 35.21408190330712
2003/09/04, 34.94819756460198
2003/09/05, 36.942330104890544
2003/09/05, 36.277619258127686
2003/09/05, 35.7458505807174
2003/09/05, 35.21408190330712
2003/09/04, 34.94819756460198
2003/09/05, 37.47409878230083
2003/09/05, 36.80938793553797
2003/09/05, 36.277619258127686
2003/09/05, 35.7458505807174
2003/09/05, 35.34702407265969
2003/09/06, 37.73998312100596
2003/09/06, 37.20821444359568
2003/09/06, 36.676445766185395
2003/09/06, 36.211148173451406
2003/09/06, 35.7458505807174
2003/09/07, 37.73998312100596
2003/09/07, 37.20821444359568
2003/09/07, 36.676445766185395
2003/09/07, 36.211148173451406
2003/09/08, 37.73998312100596
2003/09/08, 37.20821444359568
2003/09/08, 36.676445766185395
2003/09/08, 36.14467708877511
2003/09/08, 35.61290841136483
2003/09/08, 35.08113973395456
2003/09/08, 34.549371056544274
2003/09/08, 34.01760237913399
2003/09/08, 33.61877587107627
2003/09/09, 37.20821444359568
2003/09/09, 36.676445766185395
2003/09/09, 36.14467708877511
2003/09/09, 35.61290841136483
2003/09/09, 35.08113973395456
2003/09/09, 34.549371056544274
2003/09/09, 34.01760237913399
2003/09/09, 33.485833701723706
2003/09/09, 32.95406502431342
2003/09/09, 32.42229634690314
2003/09/09, 31.890527669492855
2003/09/09, 31.447387104984273
2003/09/09, 36.80938793553797
2003/09/09, 36.277619258127686
2003/09/09, 35.7458505807174
2003/09/09, 35.21408190330712
2003/09/09, 34.682313225896834
2003/09/09, 34.15054454848655
2003/09/09, 33.61877587107627
2003/09/09, 33.08700719366598
2003/09/09, 32.5552385162557
2003/09/09, 32.023469838845415
2003/09/10, 31.40307304853343
2003/09/10, 30.95993248402486
2003/09/10, 36.41056142748026
2003/09/10, 35.87879275006998
2003/09/10, 35.34702407265969
2003/09/10, 34.682313225896834
2003/09/10, 34.15054454848655
2003/09/10, 33.61877587107627
2003/09/10, 33.08700719366598
2003/09/10, 32.5552385162557
2003/09/10, 32.023469838845415
2003/09/10, 31.491701161435145
2003/09/11, 34.549371056544274
2003/09/11, 33.884660209781416
2003/09/11, 33.35289153237113
2003/09/11, 32.82112285496085
2003/09/11, 32.289354177550564
2003/09/11, 31.82405658481656
2003/09/12, 35.08113973395456
2003/09/12, 34.549371056544274
2003/09/12, 34.01760237913399
2003/09/12, 33.485833701723706
2003/09/12, 32.95406502431342
2003/09/12, 32.42229634690314
2003/09/12, 31.890527669492855
2003/09/12, 31.42523007675885
2003/09/13, 34.549371056544274
2003/09/13, 34.01760237913399
2003/09/13, 33.485833701723706
2003/09/13, 32.95406502431342
2003/09/13, 32.42229634690314
2003/09/13, 31.890527669492855
2003/09/13, 31.35875899208257
2003/09/13, 30.95993248402486
2003/09/13, 34.15054454848655
2003/09/13, 33.61877587107627
2003/09/13, 33.08700719366598
2003/09/13, 32.5552385162557
2003/09/13, 32.023469838845415
2003/09/14, 31.35875899208257
2003/09/14, 30.95993248402486
2003/09/14, 34.01760237913399
2003/09/14, 33.35289153237113
2003/09/14, 32.82112285496085
2003/09/14, 32.289354177550564
2003/09/14, 31.75758550014028
2003/09/15, 34.549371056544274
2003/09/15, 33.884660209781416
2003/09/15, 33.35289153237113
2003/09/15, 32.82112285496085
2003/09/15, 32.289354177550564
2003/09/15, 31.82405658481656
2003/09/16, 35.08113973395456
2003/09/16, 34.549371056544274
2003/09/16, 34.01760237913399
2003/09/16, 33.485833701723706
2003/09/16, 32.95406502431342
2003/09/16, 32.42229634690314
2003/09/16, 31.890527669492855
2003/09/16, 31.42523007675885
2003/09/17, 34.549371056544274
2003/09/17, 34.01760237913399
2003/09/17, 33.485833701723706
2003/09/17, 32.95406502431342
2003/09/17, 32.42229634690314
2003/09/17, 31.890527669492855
2003/09/17, 31.49170116143516
2003/09/17, 30.95993248402486
2003/09/17, 34.81525539524942
2003/09/17, 34.150544548486565
2003/09/17, 33.61877587107628
2003/09/17, 33.087007193666
2003/09/17, 32.55523851625571
2003/09/17, 32.02346983884543
2003/09/18, 35.34702407265971
2003/09/18, 34.68231322589685
2003/09/18, 34.150544548486565
2003/09/18, 33.61877587107628
2003/09/18, 33.087007193666
2003/09/18, 32.55523851625571
2003/09/18, 32.08994092352172
2003/09/18, 31.757585500140294
2003/09/19, 35.87879275006999
2003/09/19, 35.21408190330713
2003/09/19, 34.68231322589685
2003/09/19, 34.150544548486565
2003/09/19, 33.61877587107628
2003/09/19, 33.087007193666
2003/09/19, 32.68818068560829
2003/09/19, 32.28935417755058
2003/09/20, 36.410561427480275
2003/09/20, 35.87879275006999
2003/09/20, 35.34702407265971
2003/09/20, 34.81525539524942
2003/09/20, 34.28348671783914
2003/09/20, 33.751718040428855
2003/09/21, 36.410561427480275
2003/09/21, 35.87879275006999
2003/09/21, 35.34702407265971
2003/09/21, 34.81525539524942
2003/09/21, 34.34995780251542
2003/09/21, 36.011734919422565
2003/09/21, 35.47996624201228
2003/09/21, 34.948197564602
2003/09/21, 34.416428887191714
2003/09/21, 34.150544548486565
2003/09/22, 33.751718040428855
2003/09/22, 35.87879275006999
2003/09/22, 35.34702407265971
2003/09/22, 34.81525539524942
2003/09/22, 34.28348671783914
2003/09/22, 36.410561427480275
2003/09/22, 33.751718040428855
2003/09/22, 33.21994936301857
2003/09/22, 32.68818068560829
2003/09/23, 35.87879275006999
2003/09/23, 35.21408190330713
2003/09/23, 34.68231322589685
2003/09/23, 34.150544548486565
2003/09/23, 32.24504012109972
2003/09/23, 33.48583370172372
2003/09/23, 32.82112285496086
2003/09/24, 35.745850580717416
2003/09/24, 35.21408190330713
2003/09/24, 34.68231322589685
2003/09/24, 34.150544548486565
2003/09/24, 32.156412008198004
2003/09/24, 31.62464333078772
2003/09/24, 33.48583370172372
2003/09/24, 32.95406502431344
2003/09/24, 34.54937105654429
2003/09/24, 34.017602379134004
2003/09/24, 32.42229634690315
2003/09/24, 31.89052766949287
2003/09/24, 31.358758992082585
2003/09/25, 33.48583370172372
2003/09/25, 32.82112285496086
2003/09/25, 30.959932484024876
2003/09/25, 34.81525539524942
2003/09/25, 34.28348671783914
2003/09/25, 32.156412008198004
2003/09/25, 31.691114415464014
2003/09/26, 36.410561427480275
2003/09/26, 35.745850580717416
2003/09/26, 35.21408190330713
2003/09/26, 33.751718040428855
2003/09/26, 33.087007193666
2003/09/26, 32.55523851625571
2003/09/26, 34.54937105654429
2003/09/26, 31.95699875416915
2003/09/27, 37.73998312100598
2003/09/26, 37.07527227424313
2003/09/26, 36.54350359683285
2003/09/26, 36.011734919422565
2003/09/26, 35.47996624201228
2003/09/26, 34.948197564602
2003/09/27, 34.017602379134004
2003/09/26, 33.352891532371146
2003/09/26, 32.82112285496086
2003/09/26, 32.35582526222686
2003/09/27, 38.27175179841626
2003/09/27, 37.60704095165342
2003/09/27, 37.07527227424313
2003/09/27, 36.54350359683285
2003/09/27, 36.011734919422565
2003/09/27, 35.47996624201228
2003/09/27, 34.948197564602
2003/09/27, 34.416428887191714
2003/09/27, 33.88466020978143
2003/09/27, 33.48583370172372
2003/09/27, 32.95406502431344
2003/09/28, 38.1388096290637
2003/09/28, 37.60704095165342
2003/09/28, 37.07527227424313
2003/09/28, 36.54350359683285
2003/09/28, 36.144677088775126
2003/09/28, 35.61290841136484
2003/09/28, 35.08113973395457
2003/09/28, 34.54937105654429
2003/09/28, 34.017602379134004
2003/09/28, 33.61877587107628
2003/09/29, 37.73998312100598
2003/09/29, 37.20821444359569
2003/09/29, 36.67644576618541
2003/09/29, 36.21114817345142
2003/09/30, 37.73998312100598
2003/09/30, 37.07527227424313
2003/09/30, 36.54350359683285
2003/09/30, 36.011734919422565
2003/09/30, 35.61290841136484
2003/09/30, 38.005867459711126
2003/09/30, 37.47409878230084
2003/09/30, 36.94233010489056
2003/09/30, 36.410561427480275
2003/09/30, 35.87879275006999
2003/09/30, 35.34702407265971
2003/09/30, 34.81525539524942
2003/09/30, 34.34995780251542
2003/10/01, 38.27175179841626
2003/10/01, 37.60704095165342
2003/10/01, 37.07527227424313
2003/10/01, 36.54350359683285
2003/10/01, 36.011734919422565
2003/10/01, 35.47996624201228
2003/10/01, 34.948197564602
2003/10/01, 34.416428887191714
2003/10/01, 33.88466020978143
2003/10/02, 38.53763613712141
2003/10/02, 37.87292529035855
2003/10/02, 37.34115661294827
2003/10/02, 36.809387935537984
2003/10/02, 36.2776192581277
2003/10/02, 35.745850580717416
2003/10/02, 35.21408190330713
2003/10/02, 34.68231322589685
2003/10/02, 34.21701563316286
2003/10/02, 33.751718040428855
2003/10/03, 40.3988265080574
2003/10/02, 39.73411566129454
2003/10/02, 39.202346983884254
2003/10/03, 38.53763613712141
2003/10/03, 37.87292529035855
2003/10/03, 37.34115661294827
2003/10/03, 36.809387935537984
2003/10/03, 36.2776192581277
2003/10/03, 35.745850580717416
2003/10/03, 35.28055298798343
2003/10/03, 34.81525539524942
2003/10/03, 34.416428887191714
2003/10/03, 40.93059518546768
2003/10/03, 40.26588433870482
2003/10/03, 39.73411566129454
2003/10/03, 39.202346983884254
2003/10/04, 38.53763613712141
2003/10/04, 38.005867459711126
2003/10/04, 37.47409878230084
2003/10/04, 36.94233010489056
2003/10/04, 36.410561427480275
2003/10/04, 35.87879275006999
2003/10/03, 35.47996624201228
2003/10/04, 41.19647952417283
2003/10/04, 40.664710846762546
2003/10/04, 40.13294216935226
2003/10/04, 39.60117349194198
2003/10/04, 39.069404814531694
2003/10/04, 41.72824820158311
2003/10/04, 38.53763613712141
2003/10/04, 38.1388096290637
2003/10/05, 41.19647952417283
2003/10/05, 40.53176867740997
2003/10/05, 39.99999999999969
2003/10/05, 39.4682313225894
2003/10/05, 38.93646264517912
2003/10/06, 41.19647952417283
2003/10/06, 40.664710846762546
2003/10/06, 40.13294216935226
2003/10/06, 39.60117349194198
2003/10/06, 39.069404814531694
2003/10/06, 42.52590121769853
2003/10/06, 41.99413254028825
2003/10/06, 41.462363862877964
2003/10/06, 40.93059518546768
2003/10/06, 40.3988265080574
2003/10/06, 39.86705783064711
2003/10/06, 39.33528915323683
2003/10/06, 38.803520475826545
2003/10/06, 38.404693967768836
2003/10/07, 53.427159104609345
2003/10/07, 52.89539042719906
2003/10/07, 49.43889402403221
2003/10/07, 48.774183177269364
2003/10/07, 43.32355423381395
2003/10/07, 42.79178555640367
2003/10/07, 42.26001687899338
2003/10/07, 41.72824820158311
2003/10/07, 41.19647952417283
2003/10/07, 40.664710846762546
2003/10/07, 40.13294216935226
2003/10/07, 39.60117349194198
2003/10/07, 39.069404814531694
2003/10/07, 38.53763613712141
2003/10/08, 54.49069645942991
2003/10/08, 53.95892778201963
2003/10/08, 52.36362174978878
2003/10/08, 51.83185307237849
2003/10/08, 51.30008439496821
2003/10/08, 50.768315717557925
2003/10/08, 50.23654704014764
2003/10/08, 48.109472330506506
2003/10/08, 47.57770365309622
2003/10/08, 47.04593497568594
2003/10/08, 46.514166298275654
2003/10/08, 45.98239762086537
2003/10/08, 45.45062894345509
2003/10/08, 44.9188602660448
2003/10/08, 44.38709158863452
2003/10/08, 43.855322911224235
2003/10/08, 53.427159104609345
2003/10/08, 52.762448257846486
2003/10/08, 49.70477836273736
2003/10/08, 49.0400675159745
2003/10/08, 48.508298838564215
2003/10/08, 43.32355423381395
2003/10/08, 42.65884338705111
2003/10/08, 42.12707470964082
2003/10/08, 41.59530603223054
2003/10/08, 41.063537354820255
2003/10/08, 40.53176867740997
2003/10/08, 39.99999999999969
2003/10/08, 39.4682313225894
2003/10/08, 39.0029337298554
2003/10/08, 38.53763613712141
2003/10/09, 67.51902905598185
2003/10/08, 66.85431820921899
2003/10/08, 66.3225495318087
2003/10/08, 65.79078085439843
2003/10/08, 65.25901217698815
2003/10/08, 64.72724349957787
2003/10/08, 64.19547482216758
2003/10/08, 63.6637061447573
2003/10/08, 63.131937467347015
2003/10/08, 62.60016878993673
2003/10/08, 62.06840011252645
2003/10/08, 61.53663143511616
2003/10/08, 61.00486275770588
2003/10/08, 60.473094080295596
2003/10/08, 59.94132540288531
2003/10/08, 59.40955672547503
2003/10/08, 58.877788048064744
2003/10/08, 58.34601937065446
2003/10/08, 57.814250693244176
2003/10/08, 57.28248201583389
2003/10/08, 56.75071333842361
2003/10/08, 56.218944661013325
2003/10/08, 55.68717598360304
2003/10/08, 55.15540730619276
2003/10/08, 54.62363862878247
2003/10/08, 54.09186995137219
2003/10/09, 52.09773741108363
2003/10/08, 51.433026564320784
2003/10/08, 50.9012578869105
2003/10/08, 50.369489209500216
2003/10/09, 47.84358799180137
2003/10/08, 47.17887714503851
2003/10/08, 46.64710846762823
2003/10/08, 46.115339790217945
2003/10/08, 45.58357111280766
2003/10/08, 45.05180243539738
2003/10/08, 44.52003375798709
2003/10/08, 43.98826508057681
2003/10/09, 53.427159104609345
2003/10/09, 52.89539042719906
2003/10/09, 49.70477836273736
2003/10/09, 49.173009685327074
2003/10/09, 48.64124100791679
2003/10/09, 43.32355423381395
2003/10/09, 42.79178555640367
2003/10/09, 42.26001687899338
2003/10/09, 41.794719286259394
2003/10/09, 41.19647952417283
2003/10/09, 40.664710846762546
2003/10/09, 40.13294216935226
2003/10/09, 39.60117349194198
2003/10/09, 39.069404814531694
2003/10/09, 66.58843387051385
2003/10/09, 66.05666519310357
2003/10/09, 65.52489651569329
2003/10/09, 64.993127838283
2003/10/09, 64.46135916087272
2003/10/09, 63.929590483462434
2003/10/09, 63.39782180605215
2003/10/09, 62.866053128641866
2003/10/09, 62.33428445123158
2003/10/09, 61.8025157738213
2003/10/09, 61.270747096411014
2003/10/09, 60.73897841900073
2003/10/09, 60.20720974159045
2003/10/09, 59.67544106418016
2003/10/09, 59.14367238676988
2003/10/09, 58.61190370935961
2003/10/09, 58.080135031949325
2003/10/09, 57.54836635453904
2003/10/09, 57.01659767712876
2003/10/09, 56.484828999718474
2003/10/09, 55.95306032230819
2003/10/09, 55.421291644897906
2003/10/09, 54.88952296748762
2003/10/09, 54.35775429007734
2003/10/09, 53.825985612667054
2003/10/09, 52.36362174978878
2003/10/09, 51.69891090302592
2003/10/09, 51.167142225615635
2003/10/09, 50.63537354820535
2003/10/09, 50.10360487079507
2003/10/09, 48.109472330506506
2003/10/09, 47.44476148374365
2003/10/09, 46.912992806333364
2003/10/09, 46.38122412892308
2003/10/09, 45.849455451512796
2003/10/09, 45.317686774102526
2003/10/09, 44.78591809669224
2003/10/09, 44.25414941928196
2003/10/09, 43.722380741871675
2003/10/10, 71.77317847526412
2003/10/10, 71.24140979785383
2003/10/10, 70.70964112044355
2003/10/10, 70.17787244303327
2003/10/10, 69.64610376562298
2003/10/10, 69.1143350882127
2003/10/10, 68.58256641080241
2003/10/10, 68.1837399027447
2003/10/10, 53.161274765904196
2003/10/10, 49.43889402403221
2003/10/10, 48.774183177269364
2003/10/10, 43.057669895108816
2003/10/10, 42.45943013302225
2003/10/09, 42.12707470964082
2003/10/10, 66.05666519310357
2003/10/10, 65.52489651569329
2003/10/10, 64.993127838283
2003/10/10, 64.46135916087272
2003/10/10, 63.929590483462434
2003/10/10, 63.39782180605215
2003/10/10, 62.866053128641866
2003/10/10, 62.33428445123158
2003/10/10, 61.8025157738213
2003/10/10, 61.270747096411014
2003/10/10, 60.73897841900073
2003/10/10, 60.20720974159045
2003/10/10, 59.67544106418016
2003/10/10, 59.14367238676988
2003/10/10, 58.61190370935961
2003/10/10, 58.080135031949325
2003/10/10, 57.54836635453904
2003/10/10, 57.01659767712876
2003/10/10, 56.484828999718474
2003/10/10, 55.95306032230819
2003/10/10, 55.421291644897906
2003/10/10, 54.88952296748762
2003/10/10, 54.35775429007734
2003/10/10, 53.95892778201963
2003/10/10, 52.36362174978878
2003/10/10, 51.83185307237849
2003/10/10, 51.30008439496821
2003/10/10, 50.768315717557925
2003/10/10, 50.23654704014764
2003/10/10, 48.109472330506506
2003/10/10, 47.57770365309622
2003/10/10, 47.04593497568594
2003/10/10, 46.514166298275654
2003/10/10, 45.98239762086537
2003/10/10, 45.45062894345509
2003/10/10, 44.9188602660448
2003/10/10, 44.38709158863452
2003/10/10, 43.855322911224235
2003/10/10, 72.3049471526744
2003/10/10, 71.77317847526412
2003/10/10, 71.24140979785383
2003/10/10, 70.70964112044355
2003/10/10, 70.17787244303327
2003/10/10, 69.64610376562298
2003/10/10, 69.1143350882127
2003/10/10, 68.58256641080241
2003/10/10, 68.05079773339213
2003/10/11, 67.60765716888356
2003/10/11, 65.52489651569329
2003/10/11, 64.993127838283
2003/10/11, 64.59430133022529
2003/10/11, 64.06253265281501
2003/10/11, 63.39782180605215
2003/10/11, 62.866053128641866
2003/10/11, 62.46722662058416
2003/10/11, 61.93545794317387
2003/10/11, 61.40368926576359
2003/10/11, 60.871920588353305
2003/10/11, 60.34015191094302
2003/10/11, 59.80838323353274
2003/10/11, 59.27661455612245
2003/10/11, 58.74484587871217
2003/10/11, 58.213077201301886
2003/10/11, 57.6813085238916
2003/10/11, 57.14953984648132
2003/10/11, 56.617771169071034
2003/10/11, 56.08600249166075
2003/10/11, 55.55423381425048
2003/10/11, 55.0224651368402
2003/10/11, 54.49069645942991
2003/10/11, 71.90612064461669
2003/10/11, 71.37435196720641
2003/10/11, 70.84258328979612
2003/10/11, 70.31081461238584
2003/10/11, 69.77904593497556
2003/10/11, 69.24727725756527
2003/10/11, 68.71550858015499
2003/10/11, 68.1837399027447
2003/10/12, 67.51902905598185
2003/10/12, 66.98726037857156
2003/10/12, 66.45549170116128
2003/10/12, 71.77317847526412
2003/10/12, 71.24140979785383
2003/10/12, 70.77611220511983
2003/10/12, 70.04493027368069
2003/10/12, 69.51316159627041
2003/10/12, 68.98139291886012
2003/10/12, 68.44962424144984
2003/10/12, 67.91785556403956
2003/10/12, 66.12313627777985
2003/10/13, 78.15440260418751
2003/10/12, 77.48969175742467
2003/10/12, 76.95792308001438
2003/10/12, 76.4261544026041
2003/10/12, 75.89438572519381
2003/10/12, 75.36261704778353
2003/10/12, 74.83084837037325
2003/10/12, 74.29907969296296
2003/10/12, 73.76731101555268
2003/10/12, 73.2355423381424
2003/10/12, 72.70377366073211
2003/10/12, 72.17200498332183
2003/10/13, 67.25314471727671
2003/10/12, 66.58843387051385
2003/10/13, 65.70215274149672
2003/10/13, 71.55160819300984
2003/10/13, 71.10846762850126
2003/10/13, 69.51316159627041
2003/10/13, 68.98139291886012
2003/10/13, 68.44962424144984
2003/10/13, 67.91785556403956
2003/10/13, 78.6861712815978
2003/10/13, 78.15440260418751
2003/10/13, 77.62263392677723
2003/10/13, 77.09086524936694
2003/10/13, 76.55909657195666
2003/10/13, 76.02732789454639
2003/10/13, 75.4955592171361
2003/10/13, 74.96379053972582
2003/10/13, 74.43202186231554
2003/10/13, 73.90025318490525
2003/10/13, 73.36848450749497
2003/10/13, 72.83671583008469
2003/10/13, 72.3049471526744
2003/10/13, 67.25314471727671
2003/10/13, 66.58843387051385
2003/10/13, 66.12313627777985
2003/10/13, 65.79078085439843
2003/10/14, 80.28147731382865
2003/10/14, 79.61676646706579
2003/10/14, 79.08499778965552
2003/10/14, 71.90612064461669
2003/10/14, 68.98139291886012
2003/10/14, 68.44962424144984
2003/10/14, 67.91785556403956
2003/10/14, 78.42028694289266
2003/10/14, 77.7555760961298
2003/10/14, 77.22380741871952
2003/10/14, 76.69203874130923
2003/10/14, 76.16027006389895
2003/10/14, 75.62850138648867
2003/10/14, 75.09673270907838
2003/10/14, 74.5649640316681
2003/10/14, 74.03319535425781
2003/10/14, 73.50142667684753
2003/10/14, 72.96965799943725
2003/10/14, 72.43788932202698
2003/10/14, 67.25314471727671
2003/10/14, 66.72137603986643
2003/10/14, 66.3225495318087
2003/10/15, 80.81324599123893
2003/10/14, 80.14853514447607
2003/10/14, 79.61676646706579
2003/10/14, 79.08499778965552
2003/10/15, 78.42028694289266
2003/10/15, 77.7555760961298
2003/10/15, 77.22380741871952
2003/10/15, 76.69203874130923
2003/10/15, 76.16027006389895
2003/10/15, 75.62850138648867
2003/10/15, 75.09673270907838
2003/10/15, 74.5649640316681
2003/10/15, 74.03319535425781
2003/10/15, 73.50142667684753
2003/10/15, 73.10260016878982
2003/10/15, 72.57083149137954
2003/10/15, 72.17200498332183
2003/10/15, 80.68030382188635
2003/10/15, 80.14853514447607
2003/10/15, 79.61676646706579
2003/10/15, 79.08499778965552
2003/10/16, 78.42028694289266
2003/10/16, 77.7555760961298
2003/10/16, 77.22380741871952
2003/10/16, 76.69203874130923
2003/10/16, 76.16027006389895
2003/10/16, 75.62850138648867
2003/10/16, 75.09673270907838
2003/10/16, 74.5649640316681
2003/10/16, 74.03319535425781
2003/10/16, 73.56789776152382
2003/10/16, 80.28147731382865
2003/10/16, 79.74970863641836
2003/10/16, 79.21793995900808
2003/10/17, 78.6861712815978
2003/10/16, 78.02146043483495
2003/10/16, 77.48969175742467
2003/10/16, 76.95792308001438
2003/10/16, 76.4261544026041
2003/10/16, 75.89438572519381
2003/10/16, 75.36261704778353
2003/10/16, 74.83084837037325
2003/10/16, 74.29907969296296
2003/10/16, 73.76731101555268
2003/10/16, 73.2355423381424
2003/10/16, 72.70377366073211
2003/10/16, 72.3049471526744
2003/10/17, 76.69203874130923
2003/10/17, 76.16027006389895
2003/10/17, 75.62850138648867
2003/10/17, 75.09673270907838
2003/10/17, 74.5649640316681
2003/10/17, 74.03319535425781
2003/10/17, 73.50142667684753
2003/10/17, 72.96965799943725
2003/10/17, 72.43788932202698
2003/10/17, 71.90612064461669
2003/10/18, 71.24140979785383
2003/10/17, 70.84258328979612
2003/10/18, 76.29321223325152
2003/10/18, 75.76144355584124
2003/10/18, 75.22967487843096
2003/10/18, 74.69790620102067
2003/10/18, 74.03319535425781
2003/10/18, 73.50142667684753
2003/10/18, 72.96965799943725
2003/10/18, 72.43788932202698
2003/10/18, 71.90612064461669
2003/10/18, 71.24140979785383
2003/10/18, 70.57669895109098
2003/10/18, 70.04493027368069
2003/10/18, 69.51316159627041
2003/10/18, 69.1143350882127
2003/10/19, 73.6343688462001
2003/10/19, 72.96965799943725
2003/10/19, 72.43788932202698
2003/10/19, 71.90612064461669
2003/10/19, 71.24140979785383
2003/10/19, 70.57669895109098
2003/10/19, 70.04493027368069
2003/10/19, 69.51316159627041
2003/10/19, 68.98139291886012
2003/10/19, 68.71550858015499
2003/10/20, 72.43788932202698
2003/10/20, 71.90612064461669
2003/10/20, 68.31668207209728
2003/10/20, 67.65197122533442
2003/10/20, 67.12020254792414
2003/10/19, 66.85431820921899
2003/10/20, 71.24140979785383
2003/10/20, 70.77611220511983
2003/10/20, 70.17787244303327
2003/10/20, 69.64610376562298
2003/10/20, 69.1143350882127
2003/10/20, 68.44962424144984
2003/10/20, 67.91785556403956
2003/10/20, 67.38608688662927
2003/10/20, 66.85431820921899
2003/10/20, 66.3225495318087
2003/10/20, 65.79078085439843
2003/10/20, 65.25901217698815
2003/10/20, 64.86018566893043
2003/10/21, 71.10846762850126
2003/10/21, 67.91785556403956
2003/10/21, 67.38608688662927
2003/10/21, 66.85431820921899
2003/10/21, 66.3225495318087
2003/10/21, 65.79078085439843
2003/10/21, 65.25901217698815
2003/10/21, 64.72724349957787
2003/10/21, 64.46135916087272
2003/10/21, 63.264879636699575
2003/10/22, 64.06253265281501
2003/10/22, 67.38608688662927
2003/10/22, 66.85431820921899
2003/10/22, 66.3225495318087
2003/10/22, 65.79078085439843
2003/10/22, 65.25901217698815
2003/10/22, 64.72724349957787
2003/10/22, 63.264879636699575
2003/10/22, 62.866053128641866
2003/10/22, 64.06253265281501
2003/10/22, 62.46722662058416
2003/10/22, 61.8025157738213
2003/10/22, 61.270747096411014
2003/10/22, 60.871920588353305
2003/10/23, 66.85431820921899
2003/10/23, 66.3225495318087
2003/10/23, 65.79078085439843
2003/10/23, 65.25901217698815
2003/10/23, 64.72724349957787
2003/10/23, 63.264879636699575
2003/10/23, 64.06253265281501
2003/10/23, 62.46722662058416
2003/10/23, 61.93545794317387
2003/10/23, 61.40368926576359
2003/10/23, 60.871920588353305
2003/10/23, 60.406622995619315
2003/10/23, 59.27661455612245
2003/10/23, 58.74484587871217
2003/10/24, 65.12607000763558
2003/10/24, 64.59430133022529
2003/10/24, 63.530763975404724
2003/10/24, 62.99899529799444
2003/10/24, 59.80838323353274
2003/10/24, 58.27954828597818
2003/10/24, 64.06253265281501
2003/10/24, 62.46722662058416
2003/10/24, 61.8025157738213
2003/10/24, 61.270747096411014
2003/10/24, 60.73897841900073
2003/10/24, 60.20720974159045
2003/10/24, 59.27661455612245
2003/10/24, 58.61190370935961
2003/10/24, 63.131937467347015
2003/10/24, 57.94719286259675
2003/10/24, 57.28248201583389
2003/10/24, 56.75071333842361
2003/10/24, 56.28541574568962
2003/10/25, 62.53369770526044
2003/10/25, 61.93545794317387
2003/10/25, 61.40368926576359
2003/10/25, 60.871920588353305
2003/10/25, 60.34015191094302
2003/10/25, 59.80838323353274
2003/10/25, 59.27661455612245
2003/10/25, 58.74484587871217
2003/10/25, 62.99899529799444
2003/10/25, 58.213077201301886
2003/10/25, 57.54836635453904
2003/10/25, 57.01659767712876
2003/10/25, 56.484828999718474
2003/10/25, 55.95306032230819
2003/10/26, 61.137804927058454
2003/10/26, 60.60603624964817
2003/10/26, 60.074267572237886
2003/10/26, 59.5424988948276
2003/10/26, 59.01073021741732
2003/10/26, 55.28834947554533
2003/10/26, 54.75658079813505
2003/10/26, 54.291283205401044
2003/10/26, 58.478961540007035
2003/10/26, 57.814250693244176
2003/10/26, 57.28248201583389
2003/10/26, 56.75071333842361
2003/10/26, 56.218944661013325
2003/10/26, 55.68717598360304
2003/10/26, 55.0224651368402
2003/10/26, 54.35775429007734
2003/10/26, 53.825985612667054
2003/10/26, 53.29421693525677
2003/10/26, 52.762448257846486
2003/10/26, 52.36362174978878
2003/10/27, 58.478961540007035
2003/10/27, 57.94719286259675
2003/10/27, 57.41542418518647
2003/10/27, 56.88365550777618
2003/10/27, 56.3518868303659
2003/10/27, 55.820118152955615
2003/10/27, 55.28834947554533
2003/10/27, 54.62363862878247
2003/10/27, 54.09186995137219
2003/10/27, 53.560101273961905
2003/10/27, 53.02833259655162
2003/10/27, 52.49656391914134
2003/10/27, 51.96479524173107
2003/10/28, 56.484828999718474
2003/10/28, 55.95306032230819
2003/10/28, 55.28834947554533
2003/10/28, 54.75658079813505
2003/10/28, 54.22481212072476
2003/10/28, 53.69304344331448
2003/10/28, 53.161274765904196
2003/10/28, 52.62950608849391
2003/10/28, 52.09773741108363
2003/10/28, 51.565968733673344
2003/10/28, 56.3518868303659
2003/10/28, 55.68717598360304
2003/10/28, 51.12282816916478
2003/10/29, 55.0224651368402
2003/10/29, 54.35775429007734
2003/10/29, 53.825985612667054
2003/10/29, 53.29421693525677
2003/10/29, 52.762448257846486
2003/10/29, 52.2306795804362
2003/10/29, 51.69891090302592
2003/10/29, 59.27661455612245
2003/10/29, 58.74484587871217
2003/10/29, 56.88365550777618
2003/10/29, 56.218944661013325
2003/10/29, 55.68717598360304
2003/10/29, 51.30008439496821
2003/10/30, 59.80838323353274
2003/10/30, 58.213077201301886
2003/10/30, 57.6813085238916
2003/10/30, 55.0224651368402
2003/10/30, 54.49069645942991
2003/10/30, 53.95892778201963
2003/10/30, 53.427159104609345
2003/10/30, 52.89539042719906
2003/10/30, 52.36362174978878
2003/10/30, 51.83185307237849
2003/10/30, 59.27661455612245
2003/10/30, 58.74484587871217
2003/10/30, 57.14953984648132
2003/10/30, 56.617771169071034
2003/10/30, 56.08600249166075
2003/10/30, 55.55423381425048
2003/10/30, 60.34015191094302
2003/10/30, 59.67544106418016
2003/10/30, 58.213077201301886
2003/10/30, 57.54836635453904
2003/10/30, 55.0224651368402
2003/10/30, 54.35775429007734
2003/10/30, 53.825985612667054
2003/10/30, 53.29421693525677
2003/10/30, 52.82891934252277
2003/10/31, 59.01073021741732
2003/10/31, 56.88365550777618
2003/10/31, 56.218944661013325
2003/10/31, 55.820118152955615
2003/10/31, 61.40368926576359
2003/10/31, 60.871920588353305
2003/10/31, 60.34015191094302
2003/10/31, 59.80838323353274
2003/10/31, 58.213077201301886
2003/10/31, 57.6813085238916
2003/11/01, 61.93545794317387
2003/11/01, 59.27661455612245
2003/11/01, 58.74484587871217
2003/11/01, 57.14953984648132
2003/11/01, 56.617771169071034
2003/11/01, 56.218944661013325
2003/11/01, 61.40368926576359
2003/11/01, 60.871920588353305
2003/11/01, 60.34015191094302
2003/11/01, 59.80838323353274
2003/11/01, 58.213077201301886
2003/11/01, 57.6813085238916
2003/11/01, 61.8025157738213
2003/11/01, 59.47602781015131
2003/11/02, 61.137804927058454
2003/11/02, 60.60603624964817
2003/11/02, 60.074267572237886
2003/11/02, 61.66957360446874
2003/11/03, 61.137804927058454
2003/11/03, 60.473094080295596
2003/11/02, 60.20720974159045
2003/11/03, 61.93545794317387
2003/11/03, 63.530763975404724
2003/11/03, 62.866053128641866
2003/11/03, 62.33428445123158
2003/11/03, 61.40368926576359
2003/11/03, 60.73897841900073
2003/11/03, 60.20720974159045
2003/11/03, 59.67544106418016
2003/11/04, 64.86018566893043
2003/11/04, 64.06253265281501
2003/11/04, 63.530763975404724
2003/11/04, 62.99899529799444
2003/11/04, 62.46722662058416
2003/11/04, 61.93545794317387
2003/11/04, 61.40368926576359
2003/11/04, 60.871920588353305
2003/11/04, 60.34015191094302
2003/11/04, 59.94132540288531
2003/11/05, 65.12607000763558
2003/11/05, 64.59430133022529
2003/11/05, 64.06253265281501
2003/11/05, 63.530763975404724
2003/11/05, 62.99899529799444
2003/11/05, 62.46722662058416
2003/11/05, 61.93545794317387
2003/11/05, 61.40368926576359
2003/11/05, 60.871920588353305
2003/11/05, 60.473094080295596
2003/11/05, 65.65783868504586
2003/11/06, 64.86018566893043
2003/11/06, 64.19547482216758
2003/11/06, 63.6637061447573
2003/11/06, 63.131937467347015
2003/11/06, 62.60016878993673
2003/11/06, 62.06840011252645
2003/11/06, 61.66957360446874
2003/11/06, 66.18960736245614
2003/11/06, 65.52489651569329
2003/11/07, 64.86018566893043
2003/11/07, 64.32841699152014
2003/11/07, 63.79664831410986
2003/11/07, 63.264879636699575
2003/11/07, 62.73311095928929
2003/11/07, 62.20134228187902
2003/11/07, 66.45549170116128
2003/11/07, 65.923723023751
2003/11/07, 65.39195434634071
2003/11/07, 64.86018566893043
2003/11/07, 64.19547482216758
2003/11/07, 63.6637061447573
2003/11/07, 63.131937467347015
2003/11/07, 62.60016878993673
2003/11/07, 62.06840011252645
2003/11/07, 61.53663143511616
2003/11/07, 61.00486275770588
2003/11/08, 65.65783868504586
2003/11/08, 65.12607000763558
2003/11/08, 64.59430133022529
2003/11/08, 64.06253265281501
2003/11/08, 63.530763975404724
2003/11/08, 62.99899529799444
2003/11/08, 62.46722662058416
2003/11/08, 61.93545794317387
2003/11/08, 61.40368926576359
2003/11/08, 60.871920588353305
2003/11/08, 60.406622995619315
2003/11/09, 59.80838323353274
2003/11/08, 59.40955672547503
2003/11/09, 64.32841699152014
2003/11/09, 63.79664831410986
2003/11/09, 63.264879636699575
2003/11/09, 62.73311095928929
2003/11/09, 62.20134228187902
2003/11/09, 61.66957360446874
2003/11/09, 61.137804927058454
2003/11/09, 60.60603624964817
2003/11/09, 60.074267572237886
2003/11/09, 59.40955672547503
2003/11/09, 58.877788048064744
2003/11/09, 58.34601937065446
2003/11/09, 62.46722662058416
2003/11/09, 61.93545794317387
2003/11/10, 61.40368926576359
2003/11/10, 60.871920588353305
2003/11/10, 60.34015191094302
2003/11/10, 59.67544106418016
2003/11/10, 59.14367238676988
2003/11/10, 58.61190370935961
2003/11/10, 58.080135031949325
2003/11/10, 57.814250693244176
2003/11/10, 61.137804927058454
2003/11/10, 57.41542418518647
2003/11/10, 56.88365550777618
2003/11/11, 60.60603624964817
2003/11/11, 59.94132540288531
2003/11/11, 59.40955672547503
2003/11/11, 58.877788048064744
2003/11/11, 58.34601937065446
2003/11/11, 57.814250693244176
2003/11/11, 57.14953984648132
2003/11/11, 56.617771169071034
2003/11/11, 56.218944661013325
2003/11/11, 59.80838323353274
2003/11/12, 59.27661455612245
2003/11/12, 58.74484587871217
2003/11/12, 58.213077201301886
2003/11/12, 57.6813085238916
2003/11/12, 57.14953984648132
2003/11/12, 56.484828999718474
2003/11/12, 55.95306032230819
2003/11/12, 58.478961540007035
2003/11/12, 57.94719286259675
2003/11/13, 57.28248201583389
2003/11/13, 56.75071333842361
2003/11/13, 56.218944661013325
2003/11/13, 55.753647068279335
2003/11/14, 57.01659767712876
2003/11/14, 56.484828999718474
2003/11/14, 55.95306032230819
2003/11/14, 55.421291644897906
2003/11/14, 56.484828999718474
2003/11/14, 55.95306032230819
2003/11/14, 55.421291644897906
2003/11/14, 54.9559940521639
2003/11/15, 56.3518868303659
2003/11/15, 55.68717598360304
2003/11/15, 55.15540730619276
2003/11/15, 54.88952296748762
2003/11/16, 63.264879636699575
2003/11/16, 62.60016878993673
2003/11/16, 61.40368926576359
2003/11/16, 60.871920588353305
2003/11/16, 59.27661455612245
2003/11/16, 58.74484587871217
2003/11/16, 56.88365550777618
2003/11/16, 56.218944661013325
2003/11/16, 55.68717598360304
2003/11/16, 55.15540730619276
2003/11/16, 54.88952296748762
2003/11/16, 64.59430133022529
2003/11/16, 64.06253265281501
2003/11/16, 61.93545794317387
2003/11/16, 60.34015191094302
2003/11/16, 59.80838323353274
2003/11/16, 58.213077201301886
2003/11/16, 57.6813085238916
2003/11/17, 63.530763975404724
2003/11/17, 62.99899529799444
2003/11/17, 62.46722662058416
2003/11/17, 61.40368926576359
2003/11/17, 60.871920588353305
2003/11/17, 59.27661455612245
2003/11/17, 58.74484587871217
2003/11/17, 57.14953984648132
2003/11/17, 56.617771169071034
2003/11/17, 56.08600249166075
2003/11/17, 55.55423381425048
2003/11/17, 55.15540730619276
2003/11/17, 74.16613752361039
2003/11/17, 73.50142667684753
2003/11/17, 72.96965799943725
2003/11/17, 72.43788932202698
2003/11/17, 71.90612064461669
2003/11/17, 71.37435196720641
2003/11/17, 70.84258328979612
2003/11/17, 70.31081461238584
2003/11/17, 69.77904593497556
2003/11/17, 69.24727725756527
2003/11/17, 68.71550858015499
2003/11/17, 68.1837399027447
2003/11/17, 67.65197122533442
2003/11/17, 67.12020254792414
2003/11/17, 66.58843387051385
2003/11/17, 66.05666519310357
2003/11/17, 65.52489651569329
2003/11/17, 64.993127838283
2003/11/17, 64.46135916087272
2003/11/17, 63.929590483462434
2003/11/17, 61.93545794317387
2003/11/17, 60.34015191094302
2003/11/17, 59.67544106418016
2003/11/17, 58.213077201301886
2003/11/17, 57.54836635453904
2003/11/18, 63.264879636699575
2003/11/18, 62.73311095928929
2003/11/18, 61.137804927058454
2003/11/18, 59.01073021741732
2003/11/18, 56.88365550777618
2003/11/18, 56.3518868303659
2003/11/18, 55.886589237631895
2003/11/18, 76.55909657195666
2003/11/18, 76.02732789454639
2003/11/18, 74.69790620102067
2003/11/18, 74.16613752361039
2003/11/18, 73.2355423381424
2003/11/18, 72.70377366073211
2003/11/18, 72.17200498332183
2003/11/18, 71.64023630591154
2003/11/18, 71.10846762850126
2003/11/18, 70.57669895109098
2003/11/18, 70.04493027368069
2003/11/18, 69.51316159627041
2003/11/18, 68.98139291886012
2003/11/18, 68.44962424144984
2003/11/18, 67.91785556403956
2003/11/18, 67.38608688662927
2003/11/18, 66.85431820921899
2003/11/18, 66.3225495318087
2003/11/18, 65.79078085439843
2003/11/18, 65.25901217698815
2003/11/18, 64.72724349957787
2003/11/18, 64.19547482216758
2003/11/18, 63.6637061447573
2003/11/18, 62.20134228187902
2003/11/18, 61.53663143511616
2003/11/18, 60.60603624964817
2003/11/18, 59.94132540288531
2003/11/18, 59.40955672547503
2003/11/18, 58.478961540007035
2003/11/18, 57.814250693244176
2003/11/18, 57.28248201583389
2003/11/18, 77.09086524936694
2003/11/18, 75.4955592171361
2003/11/18, 62.99899529799444
2003/11/18, 56.617771169071034
2003/11/18, 56.218944661013325
2003/11/19, 76.55909657195666
2003/11/19, 76.02732789454639
2003/11/19, 74.96379053972582
2003/11/19, 74.43202186231554
2003/11/19, 73.96672426958153
2003/11/19, 73.10260016878982
2003/11/19, 72.43788932202698
2003/11/19, 71.90612064461669
2003/11/19, 71.37435196720641
2003/11/19, 70.84258328979612
2003/11/19, 70.31081461238584
2003/11/19, 69.77904593497556
2003/11/19, 69.24727725756527
2003/11/19, 68.71550858015499
2003/11/19, 68.1837399027447
2003/11/19, 67.65197122533442
2003/11/19, 67.12020254792414
2003/11/19, 66.58843387051385
2003/11/19, 66.05666519310357
2003/11/19, 65.52489651569329
2003/11/19, 64.993127838283
2003/11/19, 64.46135916087272
2003/11/19, 64.06253265281501
2003/11/19, 63.530763975404724
2003/11/19, 62.46722662058416
2003/11/19, 61.93545794317387
2003/11/19, 61.40368926576359
2003/11/19, 60.871920588353305
2003/11/19, 60.34015191094302
2003/11/19, 59.80838323353274
2003/11/19, 59.27661455612245
2003/11/19, 58.74484587871217
2003/11/19, 58.213077201301886
2003/11/19, 57.6813085238916
2003/11/19, 57.14953984648132
2003/11/19, 77.62263392677723
2003/11/19, 77.09086524936694
2003/11/19, 75.4955592171361
2003/11/20, 76.55909657195666
2003/11/20, 75.89438572519381
2003/11/20, 74.96379053972582
2003/11/20, 74.29907969296296
2003/11/20, 73.76731101555268
2003/11/20, 73.30201342281867
2003/11/20, 72.70377366073211
2003/11/20, 72.17200498332183
2003/11/20, 71.64023630591154
2003/11/20, 71.10846762850126
2003/11/20, 70.57669895109098
2003/11/20, 70.04493027368069
2003/11/19, 69.64610376562298
2003/11/19, 69.1143350882127
2003/11/19, 68.58256641080241
2003/11/19, 68.05079773339213
2003/11/19, 67.51902905598185
2003/11/20, 66.85431820921899
2003/11/20, 66.3225495318087
2003/11/20, 65.79078085439843
2003/11/20, 65.25901217698815
2003/11/20, 64.79371458425415
2003/11/19, 64.32841699152014
2003/11/20, 77.22380741871952
2003/11/21, 76.55909657195666
2003/11/20, 75.89438572519381
2003/11/20, 75.36261704778353
2003/11/20, 74.83084837037325
2003/11/20, 74.29907969296296
2003/11/20, 73.83378210022896
2003/11/20, 73.50142667684753
2003/11/20, 72.3049471526744
2003/11/20, 71.77317847526412
2003/11/20, 71.24140979785383
2003/11/20, 70.70964112044355
2003/11/20, 70.17787244303327
2003/11/21, 75.89438572519381
2003/11/21, 75.36261704778353
2003/11/21, 74.89731945504953
2003/11/21, 72.3049471526744
2003/11/21, 71.77317847526412
2003/11/21, 71.24140979785383
2003/11/21, 70.70964112044355
2003/11/21, 70.17787244303327
2003/11/21, 69.64610376562298
2003/11/21, 69.1143350882127
2003/11/21, 68.58256641080241
2003/11/22, 68.13942584629385
2003/11/22, 71.90612064461669
2003/11/22, 71.37435196720641
2003/11/22, 70.84258328979612
2003/11/22, 70.31081461238584
2003/11/22, 69.77904593497556
2003/11/22, 69.24727725756527
2003/11/22, 68.71550858015499
2003/11/22, 66.72137603986643
2003/11/22, 66.3225495318087
2003/11/23, 68.05079773339213
2003/11/22, 67.38608688662927
2003/11/23, 71.50729413655897
2003/11/23, 70.97552545914868
2003/11/23, 70.4437567817384
2003/11/23, 69.91198810432812
2003/11/23, 69.38021942691783
2003/11/23, 68.84845074950756
2003/11/23, 66.72137603986643
2003/11/23, 66.18960736245614
2003/11/23, 68.31668207209728
2003/11/23, 67.784913394687
2003/11/23, 67.25314471727671
2003/11/23, 65.65783868504586
2003/11/23, 65.12607000763558
2003/11/23, 70.4437567817384
2003/11/23, 69.91198810432812
2003/11/23, 69.38021942691783
2003/11/24, 68.84845074950756
2003/11/24, 66.72137603986643
2003/11/24, 66.18960736245614
2003/11/24, 64.66077241490157
2003/11/24, 68.31668207209728
2003/11/24, 67.65197122533442
2003/11/24, 67.12020254792414
2003/11/24, 65.65783868504586
2003/11/24, 64.993127838283
2003/11/24, 63.264879636699575
2003/11/24, 66.45549170116128
2003/11/24, 64.32841699152014
2003/11/24, 63.6637061447573
2003/11/24, 62.93252421331816
2003/11/25, 68.31668207209728
2003/11/25, 67.784913394687
2003/11/25, 67.25314471727671
2003/11/25, 65.65783868504586
2003/11/25, 64.993127838283
2003/11/25, 66.45549170116128
2003/11/25, 64.32841699152014
2003/11/25, 63.79664831410986
2003/11/25, 63.264879636699575
2003/11/25, 62.73311095928929
2003/11/25, 62.20134228187902
2003/11/25, 61.66957360446874
2003/11/26, 65.923723023751
2003/11/26, 65.25901217698815
2003/11/26, 64.72724349957787
2003/11/26, 64.06253265281501
2003/11/26, 63.530763975404724
2003/11/26, 62.99899529799444
2003/11/26, 62.46722662058416
2003/11/26, 61.93545794317387
2003/11/26, 61.53663143511616
2003/11/26, 65.12607000763558
2003/11/26, 64.59430133022529
2003/11/27, 64.06253265281501
2003/11/27, 63.530763975404724
2003/11/27, 62.99899529799444
2003/11/27, 62.46722662058416
2003/11/27, 61.93545794317387
2003/11/27, 61.40368926576359
2003/11/27, 71.50729413655897
2003/11/27, 70.84258328979612
2003/11/27, 70.31081461238584
2003/11/27, 69.77904593497556
2003/11/27, 69.24727725756527
2003/11/27, 68.71550858015499
2003/11/27, 68.1837399027447
2003/11/27, 67.65197122533442
2003/11/27, 67.12020254792414
2003/11/27, 66.58843387051385
2003/11/27, 66.05666519310357
2003/11/27, 65.52489651569329
2003/11/27, 64.993127838283
2003/11/27, 64.46135916087272
2003/11/27, 61.07133384238216
2003/11/28, 63.79664831410986
2003/11/28, 63.131937467347015
2003/11/28, 62.60016878993673
2003/11/28, 62.06840011252645
2003/11/28, 61.53663143511616
2003/11/28, 76.29321223325152
2003/11/28, 75.82791464051752
2003/11/28, 72.03906281396925
2003/11/28, 71.57376522123526
2003/11/28, 69.77904593497556
2003/11/28, 69.24727725756527
2003/11/28, 68.71550858015499
2003/11/28, 68.1837399027447
2003/11/28, 67.65197122533442
2003/11/28, 67.12020254792414
2003/11/28, 66.58843387051385
2003/11/28, 66.05666519310357
2003/11/28, 65.52489651569329
2003/11/28, 64.993127838283
2003/11/28, 64.46135916087272
2003/11/28, 61.00486275770588
2003/11/28, 75.22967487843096
2003/11/28, 74.5649640316681
2003/11/28, 74.03319535425781
2003/11/28, 73.50142667684753
2003/11/28, 72.96965799943725
2003/11/28, 72.43788932202698
2003/11/28, 63.79664831410986
2003/11/28, 63.131937467347015
2003/11/28, 62.60016878993673
2003/11/28, 62.06840011252645
2003/11/28, 61.603102519792444
2003/11/29, 76.55909657195666
2003/11/29, 75.89438572519381
2003/11/29, 72.03906281396925
2003/11/29, 69.24727725756527
2003/11/29, 68.71550858015499
2003/11/29, 68.1837399027447
2003/11/29, 67.65197122533442
2003/11/29, 67.12020254792414
2003/11/29, 66.58843387051385
2003/11/29, 66.05666519310357
2003/11/29, 65.52489651569329
2003/11/29, 64.993127838283
2003/11/29, 64.46135916087272
2003/11/29, 75.22967487843096
2003/11/29, 74.5649640316681
2003/11/29, 74.03319535425781
2003/11/29, 73.50142667684753
2003/11/29, 72.96965799943725
2003/11/29, 72.43788932202698
2003/11/30, 77.09086524936694
2003/11/30, 76.4261544026041
2003/11/30, 75.89438572519381
2003/11/29, 69.1143350882127
2003/11/29, 68.58256641080241
2003/11/29, 68.05079773339213
2003/11/29, 67.51902905598185
2003/11/29, 66.98726037857156
2003/11/29, 66.45549170116128
2003/11/29, 65.923723023751
2003/11/29, 65.39195434634071
2003/11/29, 64.86018566893043
2003/11/29, 64.32841699152014
2003/11/30, 75.22967487843096
2003/11/30, 74.69790620102067
2003/11/30, 74.16613752361039
2003/11/30, 73.6343688462001
2003/11/30, 73.10260016878982
2003/11/30, 72.57083149137954
2003/11/30, 72.03906281396925
2003/11/30, 77.7555760961298
2003/11/30, 77.22380741871952
2003/11/30, 76.69203874130923
2003/11/30, 76.16027006389895
2003/11/30, 75.62850138648867
2003/11/30, 71.70670739058782
2003/12/01, 74.96379053972582
2003/12/01, 74.43202186231554
2003/12/01, 73.90025318490525
2003/12/01, 73.36848450749497
2003/12/01, 72.83671583008469
2003/12/01, 72.3049471526744
2003/12/01, 77.09086524936694
2003/12/01, 76.55909657195666
2003/12/01, 76.02732789454639
2003/12/01, 75.4955592171361
2003/12/02, 74.96379053972582
2003/12/02, 74.29907969296296
2003/12/02, 73.76731101555268
2003/12/02, 73.2355423381424
2003/12/02, 72.70377366073211
2003/12/02, 72.17200498332183
2003/12/02, 76.69203874130923
2003/12/02, 76.16027006389895
2003/12/02, 75.62850138648867
2003/12/02, 74.96379053972582
2003/12/02, 74.29907969296296
2003/12/02, 73.76731101555268
2003/12/02, 73.2355423381424
2003/12/02, 72.70377366073211
2003/12/02, 72.17200498332183
2003/12/02, 71.70670739058782
2003/12/03, 76.29321223325152
2003/12/03, 75.76144355584124
2003/12/03, 74.43202186231554
2003/12/03, 73.90025318490525
2003/12/03, 73.36848450749497
2003/12/03, 72.83671583008469
2003/12/03, 72.37141823735068
2003/12/03, 70.97552545914868
2003/12/03, 70.5102278664147
2003/12/04, 70.97552545914868
2003/12/04, 70.4437567817384
2003/12/04, 69.97845918900441
2003/12/04, 69.5796326809467
2003/12/05, 70.57669895109098
2003/12/05, 70.04493027368069
2003/12/05, 69.38021942691783
2003/12/05, 68.84845074950756
2003/12/05, 70.17787244303327
2003/12/06, 69.24727725756527
2003/12/06, 68.71550858015499
2003/12/06, 68.44962424144984
2003/12/06, 68.05079773339213
2003/12/06, 67.38608688662927
2003/12/06, 66.92078929389528
2003/12/07, 68.84845074950756
2003/12/07, 67.784913394687
2003/12/07, 67.25314471727671
2003/12/07, 66.72137603986643
2003/12/07, 66.18960736245614
2003/12/07, 65.65783868504586
2003/12/07, 65.12607000763558
2003/12/07, 64.59430133022529
2003/12/07, 64.06253265281501
2003/12/07, 63.530763975404724
2003/12/07, 62.99899529799444
2003/12/08, 67.784913394687
2003/12/08, 67.25314471727671
2003/12/08, 66.72137603986643
2003/12/08, 66.18960736245614
2003/12/08, 65.65783868504586
2003/12/08, 65.12607000763558
2003/12/08, 64.59430133022529
2003/12/08, 64.06253265281501
2003/12/08, 63.530763975404724
2003/12/08, 62.99899529799444
2003/12/08, 62.53369770526044
2003/12/08, 61.40368926576359
2003/12/08, 60.871920588353305
2003/12/08, 61.93545794317387
2003/12/08, 60.38446596739388
2003/12/09, 67.38608688662927
2003/12/09, 66.85431820921899
2003/12/09, 66.3225495318087
2003/12/09, 65.79078085439843
2003/12/09, 65.25901217698815
2003/12/09, 64.72724349957787
2003/12/09, 64.19547482216758
2003/12/09, 63.6637061447573
2003/12/09, 63.131937467347015
2003/12/09, 62.60016878993673
2003/12/09, 61.137804927058454
2003/12/09, 61.93545794317387
2003/12/09, 60.34015191094302
2003/12/09, 59.67544106418016
2003/12/10, 66.85431820921899
2003/12/10, 66.3225495318087
2003/12/10, 65.79078085439843
2003/12/10, 65.25901217698815
2003/12/10, 64.79371458425415
2003/12/10, 64.19547482216758
2003/12/10, 63.6637061447573
2003/12/10, 63.131937467347015
2003/12/10, 62.60016878993673
2003/12/10, 61.137804927058454
2003/12/10, 61.93545794317387
2003/12/10, 60.38446596739388
2003/12/10, 59.94132540288531
2003/12/10, 63.6637061447573
2003/12/10, 63.131937467347015
2003/12/10, 62.60016878993673
2003/12/10, 61.137804927058454
2003/12/11, 61.93545794317387
2003/12/11, 60.34015191094302
2003/12/11, 63.131937467347015
2003/12/11, 62.60016878993673
2003/12/11, 61.137804927058454
2003/12/11, 59.5424988948276
2003/12/11, 58.944259132741024
2003/12/12, 61.93545794317389
2003/12/12, 60.340151910943035
2003/12/12, 62.998995297994455
2003/12/12, 62.46722662058417
2003/12/12, 61.4036892657636
2003/12/12, 60.87192058835332
2003/12/12, 59.80838323353275
2003/12/12, 59.27661455612247
2003/12/12, 58.744845878712184
2003/12/12, 61.93545794317389
2003/12/12, 60.340151910943035
2003/12/12, 58.2130772013019
2003/12/12, 57.681308523891616
2003/12/12, 57.14953984648133
2003/12/12, 56.75071333842362
2003/12/13, 62.46722662058417
2003/12/13, 61.27074709641103
2003/12/13, 60.738978419000745
2003/12/13, 59.80838323353275
2003/12/13, 59.14367238676989
2003/12/13, 58.61190370935962
2003/12/13, 57.947192862596765
2003/12/13, 57.41542418518648
2003/12/13, 56.8836555077762
2003/12/13, 56.35188683036591
2003/12/14, 61.004862757705894
2003/12/13, 60.606036249648184
2003/12/14, 60.0742675722379
2003/12/14, 59.54249889482762
2003/12/14, 59.01073021741733
2003/12/14, 58.47896154000705
2003/12/14, 57.947192862596765
2003/12/14, 57.28248201583391
2003/12/14, 56.81718442309992
2003/12/14, 56.48482899971849
2003/12/14, 59.67544106418018
2003/12/14, 59.14367238676989
2003/12/14, 58.61190370935962
2003/12/15, 57.947192862596765
2003/12/15, 57.28248201583391
2003/12/15, 56.75071333842362
2003/12/15, 59.14367238676989
2003/12/15, 58.61190370935962
2003/12/15, 56.086002491660764
2003/12/15, 55.554233814250495
2003/12/15, 57.947192862596765
2003/12/15, 57.41542418518648
2003/12/15, 56.8836555077762
2003/12/16, 59.01073021741733
2003/12/16, 58.47896154000705
2003/12/16, 56.35188683036591
2003/12/16, 55.82011815295563
2003/12/16, 55.288349475545346
2003/12/16, 57.947192862596765
2003/12/16, 57.41542418518648
2003/12/16, 56.8836555077762
2003/12/16, 54.75658079813506
2003/12/16, 54.29128320540106
2003/12/16, 58.47896154000705
2003/12/17, 56.35188683036591
2003/12/17, 55.687175983603055
2003/12/17, 55.15540730619277
2003/12/17, 57.14953984648133
2003/12/17, 54.49069645942993
2003/12/17, 53.95892778201964
2003/12/17, 53.56010127396192
2003/12/17, 56.61777116907105
2003/12/17, 56.086002491660764
2003/12/17, 55.554233814250495
2003/12/17, 55.02246513684021
2003/12/18, 54.49069645942993
2003/12/18, 53.82598561266707
2003/12/18, 53.294216935256784
2003/12/18, 53.028332596551635
2003/12/18, 55.82011815295563
2003/12/18, 55.15540730619277
2003/12/19, 54.49069645942993
2003/12/19, 53.95892778201964
2003/12/19, 53.42715910460936
2003/12/19, 53.028332596551635
2003/12/19, 57.681308523891616
2003/12/19, 57.01659767712877
2003/12/19, 56.48482899971849
2003/12/19, 55.953060322308204
2003/12/19, 55.42129164489792
2003/12/19, 54.889522967487636
2003/12/19, 54.22481212072478
2003/12/19, 53.693043443314494
2003/12/19, 53.16127476590421
2003/12/20, 59.01073021741733
2003/12/20, 58.47896154000705
2003/12/20, 57.947192862596765
2003/12/20, 57.41542418518648
2003/12/20, 56.8836555077762
2003/12/20, 56.35188683036591
2003/12/20, 55.82011815295563
2003/12/20, 55.288349475545346
2003/12/20, 54.75658079813506
2003/12/20, 54.22481212072478
2003/12/20, 53.626572358638214
2003/12/21, 59.27661455612247
2003/12/21, 58.61190370935962
2003/12/21, 58.08013503194934
2003/12/21, 57.548366354539056
2003/12/21, 57.01659767712877
2003/12/21, 56.48482899971849
2003/12/21, 55.953060322308204
2003/12/21, 55.42129164489792
2003/12/21, 54.955994052163916
2003/12/21, 59.67544106418018
2003/12/21, 59.14367238676989
2003/12/21, 58.61190370935962
2003/12/21, 58.08013503194934
2003/12/21, 57.548366354539056
2003/12/21, 57.01659767712877
2003/12/21, 56.48482899971849
2003/12/21, 55.953060322308204
2003/12/21, 55.42129164489792
2003/12/21, 54.955994052163916
2003/12/22, 59.14367238676989
2003/12/22, 58.61190370935962
2003/12/22, 58.08013503194934
2003/12/22, 57.548366354539056
2003/12/22, 57.01659767712877
2003/12/22, 56.48482899971849
2003/12/22, 55.953060322308204
2003/12/22, 55.42129164489792
2003/12/22, 54.955994052163916
2003/12/23, 58.61190370935962
2003/12/23, 58.08013503194934
2003/12/23, 57.548366354539056
2003/12/23, 57.01659767712877
2003/12/23, 56.48482899971849
2003/12/23, 55.953060322308204
2003/12/23, 55.42129164489792
2003/12/23, 54.889522967487636
2003/12/23, 54.42422537475363
2003/12/24, 61.4036892657636
2003/12/24, 60.87192058835332
2003/12/24, 59.27661455612247
2003/12/24, 58.744845878712184
2003/12/24, 58.2130772013019
2003/12/24, 57.681308523891616
2003/12/24, 57.14953984648133
2003/12/24, 56.61777116907105
2003/12/24, 56.086002491660764
2003/12/24, 55.554233814250495
2003/12/24, 55.02246513684021
2003/12/24, 54.49069645942993
2003/12/24, 62.998995297994455
2003/12/24, 62.46722662058417
2003/12/24, 61.93545794317389
2003/12/24, 60.340151910943035
2003/12/24, 59.80838323353275
2003/12/25, 61.4036892657636
2003/12/25, 60.87192058835332
2003/12/25, 59.27661455612247
2003/12/25, 58.744845878712184
2003/12/25, 58.2130772013019
2003/12/25, 57.681308523891616
2003/12/25, 57.14953984648133
2003/12/25, 56.61777116907105
2003/12/25, 56.086002491660764
2003/12/25, 55.554233814250495
2003/12/25, 55.02246513684021
2003/12/24, 54.49069645942993
2003/12/25, 72.8367158300847
2003/12/25, 72.17200498332184
2003/12/25, 71.64023630591156
2003/12/25, 71.10846762850127
2003/12/25, 70.57669895109099
2003/12/25, 70.0449302736807
2003/12/25, 69.51316159627042
2003/12/25, 68.98139291886014
2003/12/25, 68.44962424144985
2003/12/25, 67.91785556403957
2003/12/25, 67.38608688662929
2003/12/25, 66.854318209219
2003/12/25, 66.32254953180872
2003/12/25, 65.79078085439845
2003/12/25, 65.25901217698816
2003/12/25, 64.72724349957788
2003/12/25, 64.1954748221676
2003/12/25, 63.73017722943359
2003/12/25, 62.334284451231596
2003/12/25, 61.80251577382131
2003/12/25, 60.340151910943035
2003/12/25, 59.67544106418018
2003/12/26, 61.13780492705847
2003/12/26, 59.01073021741733
2003/12/25, 58.346019370654474
2003/12/25, 57.81425069324419
2003/12/25, 57.28248201583391
2003/12/25, 56.75071333842362
2003/12/25, 56.21894466101334
2003/12/25, 55.687175983603055
2003/12/25, 55.221878390869065
2003/12/25, 54.889522967487636
2003/12/26, 76.55909657195667
2003/12/26, 76.0273278945464
2003/12/26, 73.36848450749498
2003/12/26, 72.8367158300847
2003/12/26, 72.30494715267442
2003/12/26, 71.77317847526413
2003/12/26, 71.24140979785385
2003/12/26, 70.70964112044356
2003/12/26, 70.17787244303328
2003/12/26, 69.646103765623
2003/12/26, 69.11433508821271
2003/12/26, 68.58256641080243
2003/12/26, 68.05079773339214
2003/12/26, 67.51902905598186
2003/12/26, 66.98726037857158
2003/12/26, 66.45549170116129
2003/12/26, 65.92372302375101
2003/12/26, 65.39195434634073
2003/12/26, 64.86018566893044
2003/12/26, 64.32841699152016
2003/12/26, 63.92959048346245
2003/12/26, 61.80251577382131
2003/12/26, 60.340151910943035
2003/12/26, 59.67544106418018
2003/12/26, 79.74970863641838
2003/12/26, 79.21793995900809
2003/12/26, 78.68617128159781
2003/12/26, 78.15440260418752
2003/12/26, 77.62263392677724
2003/12/26, 77.09086524936696
2003/12/26, 75.49555921713612
2003/12/26, 74.96379053972584
2003/12/26, 74.43202186231555
2003/12/26, 73.90025318490527
2003/12/26, 61.13780492705847
2003/12/26, 59.01073021741733
2003/12/26, 58.346019370654474
2003/12/26, 57.81425069324419
2003/12/26, 57.28248201583391
2003/12/26, 56.75071333842362
2003/12/26, 56.21894466101334
2003/12/26, 55.75364706827935
2003/12/26, 55.42129164489792
2003/12/27, 76.55909657195667
2003/12/27, 75.89438572519383
2003/12/27, 73.36848450749498
2003/12/27, 72.70377366073212
2003/12/27, 72.17200498332184
2003/12/27, 71.64023630591156
2003/12/27, 71.10846762850127
2003/12/27, 70.57669895109099
2003/12/27, 70.0449302736807
2003/12/27, 69.51316159627042
2003/12/27, 68.98139291886014
2003/12/27, 68.44962424144985
2003/12/27, 67.91785556403957
2003/12/27, 67.38608688662929
2003/12/27, 66.854318209219
2003/12/27, 66.32254953180872
2003/12/27, 65.79078085439845
2003/12/27, 65.25901217698816
2003/12/27, 64.72724349957788
2003/12/27, 64.26194590684388
2003/12/26, 60.340151910943035
2003/12/26, 59.80838323353275
2003/12/27, 84.26974239440578
2003/12/27, 83.60503154764294
2003/12/27, 83.07326287023265
2003/12/27, 82.54149419282237
2003/12/27, 82.00972551541209
2003/12/27, 81.4779568380018
2003/12/27, 80.94618816059152
2003/12/27, 80.41441948318123
2003/12/27, 79.88265080577095
2003/12/27, 79.35088212836067
2003/12/27, 78.81911345095038
2003/12/27, 78.2873447735401
2003/12/27, 77.75557609612981
2003/12/27, 77.22380741871953
2003/12/27, 75.22967487843097
2003/12/27, 74.56496403166811
2003/12/27, 74.03319535425783
2003/12/28, 76.55909657195667
2003/12/27, 75.89438572519383
2003/12/28, 73.36848450749498
2003/12/27, 72.70377366073212
2003/12/27, 72.30494715267442
2003/12/27, 71.77317847526413
2003/12/27, 71.24140979785385
2003/12/27, 70.70964112044356
2003/12/27, 70.17787244303328
2003/12/27, 69.646103765623
2003/12/27, 69.11433508821271
2003/12/27, 68.58256641080243
2003/12/27, 68.05079773339214
2003/12/27, 67.51902905598186
2003/12/27, 66.854318209219
2003/12/27, 66.32254953180872
2003/12/27, 65.79078085439845
2003/12/27, 65.25901217698816
2003/12/27, 64.79371458425416
2003/12/27, 64.32841699152016
2003/12/28, 84.80151107181607
2003/12/28, 84.26974239440578
2003/12/28, 83.7379737169955
2003/12/28, 83.20620503958521
2003/12/28, 82.67443636217494
2003/12/28, 82.14266768476466
2003/12/28, 81.61089900735438
2003/12/28, 81.07913032994409
2003/12/28, 80.54736165253381
2003/12/28, 80.01559297512352
2003/12/28, 79.48382429771324
2003/12/28, 78.95205562030296
2003/12/28, 78.42028694289267
2003/12/28, 77.88851826548239
2003/12/28, 77.3567495880721
2003/12/28, 75.22967487843097
2003/12/28, 74.69790620102069
2003/12/28, 74.1661375236104
2003/12/28, 85.86504842663663
2003/12/28, 85.33327974922635
2003/12/28, 76.82498091066182
2003/12/28, 76.29321223325154
2003/12/28, 75.76144355584125
2003/12/28, 73.63436884620012
2003/12/28, 73.10260016878983
2003/12/28, 72.70377366073212
2003/12/29, 84.80151107181607
2003/12/29, 84.26974239440578
2003/12/29, 83.7379737169955
2003/12/29, 83.20620503958521
2003/12/29, 82.67443636217494
2003/12/29, 82.14266768476466
2003/12/29, 81.61089900735438
2003/12/29, 81.07913032994409
2003/12/29, 80.54736165253381
2003/12/29, 80.01559297512352
2003/12/29, 79.48382429771324
2003/12/28, 78.95205562030296
2003/12/28, 78.42028694289267
2003/12/28, 77.88851826548239
2003/12/28, 77.3567495880721
2003/12/28, 75.22967487843097
2003/12/28, 74.69790620102069
2003/12/28, 74.1661375236104
2003/12/29, 86.39681710404692
2003/12/29, 85.86504842663663
2003/12/29, 85.33327974922635
2003/12/30, 84.80151107181607
2003/12/29, 84.13680022505322
2003/12/29, 83.60503154764294
2003/12/29, 83.07326287023265
2003/12/29, 82.54149419282237
2003/12/29, 82.07619660008837
2003/12/29, 81.61089900735438
2003/12/29, 81.07913032994409
2003/12/29, 80.54736165253381
2003/12/29, 80.01559297512352
2003/12/29, 79.6167664670658
2003/12/30, 85.99799059598921
2003/12/30, 85.46622191857892
2003/12/30, 84.80151107181607
2003/12/30, 84.13680022505322
2003/12/30, 83.60503154764294
2003/12/30, 83.07326287023265
2003/12/30, 82.67443636217494
2003/12/30, 85.5991640879315
2003/12/31, 85.06739541052121
2003/12/31, 84.53562673311093
2003/12/31, 84.00385805570065
2003/12/31, 83.47208937829036
2003/12/31, 82.94032070088008
2003/12/31, 82.4085520234698
2003/12/31, 82.00972551541209
2004/01/01, 83.87091588634807
2004/01/01, 83.33914720893779
2004/01/01, 82.8738496162038
2004/01/01, 82.54149419282237
2004/01/01, 83.47208937829036
2004/01/01, 83.07326287023265
