2004/01/01, 79.73279336888494
2004/01/01, 79.20030994862867
2004/01/01, 78.6678265283724
2004/01/01, 78.13534310811615
2004/01/01, 77.60285968785988
2004/01/02, 79.99874088927812
2004/01/02, 79.46625746902187
2004/01/02, 78.9337740487656
2004/01/02, 78.40129062850933
2004/01/02, 77.86880720825306
2004/01/02, 77.3363237879968
2004/01/02, 80.39795635960286
2004/01/02, 76.80366875706181
2004/01/02, 76.13808899755273
2004/01/02, 75.60560557729646
2004/01/02, 75.07312215704019
2004/01/02, 74.8069539943458
2004/01/02, 79.73220498941505
2004/01/02, 79.19972156915878
2004/01/02, 78.66723814890251
2004/01/02, 78.13475472864626
2004/01/02, 77.60227130838999
2004/01/03, 77.06964079326625
2004/01/03, 76.53715737300999
2004/01/03, 76.00467395275372
2004/01/03, 75.47219053249745
2004/01/03, 74.93970711224118
2004/01/03, 74.40722369198491
2004/01/03, 73.87474027172865
2004/01/03, 73.34225685147238
2004/01/03, 72.87633385874815
2004/01/03, 79.73198434711384
2004/01/03, 79.19950092685757
2004/01/03, 78.6670175066013
2004/01/03, 78.13446053891131
2004/01/03, 77.60197711865504
2004/01/04, 77.06932208772005
2004/01/04, 76.40374232821095
2004/01/04, 75.8712589079547
2004/01/04, 75.33877548769843
2004/01/04, 74.80629206744216
2004/01/04, 74.27380864718589
2004/01/04, 73.74132522692963
2004/01/04, 73.20884180667336
2004/01/04, 72.67635838641709
2004/01/03, 72.41019022372271
2004/01/04, 77.73480378398415
2004/01/04, 72.01058250041804
2004/01/04, 71.47812359597302
2004/01/04, 77.06912596123009
2004/01/04, 76.53664254097383
2004/01/04, 76.00415912071756
2004/01/04, 75.33848129796348
2004/01/04, 74.80599787770721
2004/01/04, 74.27351445745094
2004/01/04, 73.74103103719469
2004/01/04, 73.20854761693842
2004/01/04, 72.67606419668215
2004/01/05, 72.0102883106831
2004/01/05, 71.34470855117401
2004/01/05, 70.81222513091774
2004/01/05, 70.27974171066148
2004/01/05, 69.74725829040521
2004/01/05, 74.93889809047008
2004/01/05, 74.4064146702138
2004/01/05, 73.87393124995755
2004/01/05, 73.34137428226754
2004/01/05, 72.80889086201127
2004/01/06, 72.27623583107629
2004/01/06, 71.6106560715672
2004/01/06, 71.07817265131094
2004/01/06, 70.54568923105467
2004/01/06, 70.0132058107984
2004/01/06, 69.48072239054214
2004/01/05, 69.21455422784773
2004/01/06, 72.94171752734039
2004/01/06, 68.81494650454309
2004/01/06, 68.21592717256603
2004/01/06, 72.27603970458632
2004/01/06, 71.74348273689633
2004/01/06, 71.21099931664006
2004/01/06, 70.67851589638379
2004/01/06, 70.14603247612752
2004/01/06, 69.61354905587126
2004/01/07, 69.0809185407475
2004/01/07, 68.54843512049123
2004/01/07, 68.01595170023498
2004/01/07, 67.48346827997871
2004/01/07, 66.95098485972244
2004/01/07, 71.74326209459511
2004/01/07, 71.21077867433884
2004/01/07, 70.67829525408257
2004/01/07, 70.14573828639256
2004/01/07, 69.6132548661363
2004/01/08, 69.08059983520131
2004/01/08, 68.41502007569223
2004/01/08, 67.88253665543596
2004/01/08, 67.3500532351797
2004/01/08, 66.81756981492343
2004/01/08, 66.28508639466716
2004/01/08, 65.75260297441089
2004/01/08, 65.22011955415464
2004/01/07, 64.95395139146024
2004/01/08, 69.74608153146542
2004/01/08, 69.08040370871134
2004/01/08, 68.54784674102135
2004/01/08, 68.01536332076509
2004/01/08, 67.48287990050882
2004/01/08, 66.95039648025255
2004/01/08, 66.41791305999628
2004/01/08, 65.88542963974001
2004/01/08, 65.35294621948375
2004/01/08, 64.82046279922749
2004/01/09, 64.2878077682925
2004/01/09, 63.62222800878341
2004/01/09, 68.281384388592
2004/01/09, 67.61570656583794
2004/01/09, 67.08322314558167
2004/01/09, 66.5507397253254
2004/01/09, 66.01825630506914
2004/01/09, 65.48577288481287
2004/01/09, 64.9532894645566
2004/01/10, 64.28751357855755
2004/01/10, 63.621933819048465
2004/01/10, 63.08945039879221
2004/01/10, 62.55696697853594
2004/01/10, 67.08292895584671
2004/01/10, 66.55044553559044
2004/01/10, 66.01796211533419
2004/01/10, 65.48547869507792
2004/01/10, 64.95299527482165
2004/01/10, 64.28721938882259
2004/01/10, 63.621639629313506
2004/01/10, 63.08915620905725
2004/01/10, 62.55667278880098
2004/01/10, 62.02418936854471
2004/01/11, 65.08582194015077
2004/01/11, 61.358437998356905
2004/01/11, 60.95907543316471
2004/01/11, 64.6863122800911
2004/01/11, 64.02070800477077
2004/01/11, 63.4882245845145
2004/01/11, 62.95574116425823
2004/01/11, 62.42325774400197
2004/01/11, 61.8907743237457
2004/01/12, 61.35811929281071
2004/01/12, 60.69253953330163
2004/01/12, 63.62105124984362
2004/01/12, 63.08856782958736
2004/01/12, 62.55608440933109
2004/01/12, 62.02360098907482
2004/01/12, 60.02676364730257
2004/01/12, 59.36118388779349
2004/01/12, 58.895260895069256
2004/01/12, 61.35782510307577
2004/01/12, 60.69224534356668
2004/01/13, 62.55579021959613
2004/01/13, 62.02330679933986
2004/01/13, 60.02646945756763
2004/01/13, 59.36088969805853
2004/01/13, 58.82840627780227
2004/01/13, 58.295922857546
2004/01/13, 57.76343943728973
2004/01/13, 61.35755542915206
2004/01/13, 60.82507200889579
2004/01/14, 60.29241697796081
2004/01/14, 59.626837218451726
2004/01/14, 59.094353798195456
2004/01/14, 58.56187037793919
2004/01/14, 58.02938695768292
2004/01/14, 57.49690353742666
2004/01/13, 57.23073537473226
2004/01/14, 56.56503303616694
2004/01/14, 60.95789867422492
2004/01/14, 60.29222085147086
2004/01/14, 59.75973743121459
2004/01/14, 59.227180463524576
2004/01/14, 58.694697043268306
2004/01/14, 58.16221362301205
2004/01/14, 57.62973020275578
2004/01/14, 57.09724678249951
2004/01/14, 56.56476336224324
2004/01/14, 56.09884036951901
2004/01/15, 55.499624911051995
2004/01/15, 54.96716600660697
2004/01/15, 58.9606445636615
2004/01/15, 58.428161143405234
2004/01/15, 57.895677723148964
2004/01/15, 57.363194302892694
2004/01/15, 56.83071088263644
2004/01/15, 56.29822746238017
2004/01/16, 55.76559694725643
2004/01/16, 55.23311352700017
2004/01/16, 54.7006301067439
2004/01/16, 57.76226267834994
2004/01/16, 57.22977925809367
2004/01/16, 56.697295837837416
2004/01/16, 56.164812417581146
2004/01/16, 54.25672231251828
2004/01/16, 55.49906104739334
2004/01/16, 54.96657762713707
2004/01/17, 56.43075993797433
2004/01/17, 55.89827651771806
2004/01/17, 54.43392259620208
2004/01/17, 53.768342836692995
2004/01/17, 53.50217467399861
2004/01/17, 55.23252514753027
2004/01/17, 56.29741844060905
2004/01/17, 55.76493502035278
2004/01/18, 54.699894632406526
2004/01/18, 54.167411212150256
2004/01/18, 53.634927791893986
2004/01/18, 53.102444371637716
2004/01/18, 55.099110102731245
2004/01/18, 54.43335873254344
2004/01/18, 53.900875312287184
2004/01/18, 53.368391892030914
2004/01/18, 52.835908471774644
2004/01/19, 52.36983838418294
2004/01/19, 54.29994368774442
2004/01/19, 53.76746026748815
2004/01/19, 53.23497684723189
2004/01/19, 52.70249342697562
2004/01/20, 52.03671754097657
2004/01/20, 53.7671660777532
2004/01/20, 53.23468265749695
2004/01/20, 52.70219923724068
2004/01/20, 52.03644786705287
2004/01/20, 51.5039644467966
2004/01/21, 53.101267612697924
2004/01/21, 52.56878419244167
2004/01/21, 51.0378943592049
2004/01/21, 52.03612916150668
2004/01/21, 51.37054940199759
2004/01/22, 52.70161085777079
2004/01/22, 50.90447931440589
2004/01/22, 52.035834971771735
2004/01/22, 51.370255212262634
2004/01/22, 50.77106426960687
2004/01/23, 51.769323587719896
2004/01/23, 51.236840167463626
2004/01/23, 50.304994182015164
2004/01/23, 50.704209652339884
2004/01/24, 51.76902939798495
2004/01/24, 51.23654597772868
2004/01/24, 50.30469999228022
2004/01/24, 50.70389094679369
2004/01/24, 51.3693726430578
2004/01/24, 50.10472451994917
2004/01/25, 50.70359675705875
2004/01/25, 49.683003534900905
2004/01/26, 50.96956879326318
2004/01/26, 50.43708537300691
2004/01/26, 49.90460195275064
2004/01/26, 49.50523938755843
2004/01/26, 50.96934815096198
2004/01/26, 50.436791183271964
2004/01/26, 49.904307763015694
2004/01/26, 49.371824342759425
2004/01/27, 48.97231468269976
2004/01/27, 50.43649699353702
2004/01/27, 49.90401357328075
2004/01/27, 49.37153015302448
2004/01/28, 48.972020492964816
2004/01/28, 50.436202803802075
2004/01/28, 49.903719383545805
2004/01/28, 49.371235963289536
2004/01/28, 48.97172630322986
2004/01/29, 50.43590861406712
2004/01/29, 49.90342519381085
2004/01/29, 49.37094177355458
2004/01/29, 48.97143211349491
2004/01/30, 50.43561442433217
2004/01/30, 49.9031310040759
2004/01/30, 49.37064758381963
2004/01/30, 48.97113792375997
2004/01/30, 50.43532023459723
2004/01/30, 49.90283681434096
2004/01/30, 49.37035339408469
2004/01/31, 48.904283306492985
2004/01/31, 50.43502604486228
2004/01/31, 49.90254262460601
2004/01/31, 49.370059204349744
2004/02/01, 48.83742868922599
2004/02/01, 50.434731855127325
2004/02/01, 49.902248434871055
2004/02/01, 49.369765014614785
2004/02/01, 48.83713449949104
2004/02/02, 50.43443766539238
2004/02/02, 49.90195424513611
2004/02/02, 49.36947082487984
2004/02/02, 49.0365215923522
2004/02/03, 50.700360669974316
2004/02/03, 50.03478091046523
2004/02/03, 49.50229749020896
2004/02/03, 49.03622740261726
2004/02/03, 51.23254990049564
2004/02/03, 50.56697014098654
2004/02/03, 50.03448672073027
2004/02/03, 49.502003300474
2004/02/04, 51.76473913101695
2004/02/04, 51.09915937150787
2004/02/04, 50.5666759512516
2004/02/04, 50.03419253099533
2004/02/04, 49.568269538271096
2004/02/05, 53.362042296918275
2004/02/05, 52.69646253740919
2004/02/05, 54.1606203324352
2004/02/05, 52.030686651410136
2004/02/05, 51.36510689190105
2004/02/05, 50.83262347164478
2004/02/05, 50.300140051388524
2004/02/05, 49.767656631132255
2004/02/05, 49.501488468437856
2004/02/05, 53.36174810718333
2004/02/05, 52.696168347674245
2004/02/06, 57.35522666423785
2004/02/06, 56.689646904728775
2004/02/06, 56.157163484472505
2004/02/06, 55.624680064216236
2004/02/06, 55.092196643959966
2004/02/06, 54.55971322370371
2004/02/06, 54.02722980344744
2004/02/06, 52.03039246167519
2004/02/06, 51.364812702166105
2004/02/06, 50.832329281909836
2004/02/06, 50.366406289185605
2004/02/06, 50.03367769895917
2004/02/06, 53.36145391744839
2004/02/06, 52.6958741579393
2004/02/07, 57.887440410570406
2004/02/07, 57.354956990314136
2004/02/07, 56.82247357005788
2004/02/07, 56.28999014980161
2004/02/07, 55.75750672954534
2004/02/07, 55.225023309289085
2004/02/07, 54.692539889032815
2004/02/07, 54.160056468776546
2004/02/07, 52.03012278775148
2004/02/07, 51.49763936749521
2004/02/06, 51.09835034973676
2004/02/07, 58.952235640404226
2004/02/07, 58.28665588089514
2004/02/07, 53.627401437841556
2004/02/07, 52.96182167833247
2004/02/07, 52.429338258076214
2004/02/07, 57.620879994896086
2004/02/07, 56.955300235387
2004/02/07, 56.42281681513073
2004/02/07, 55.89033339487446
2004/02/07, 55.357849974618205
2004/02/07, 54.825366554361935
2004/02/07, 54.292883134105665
2004/02/07, 51.76366043532215
2004/02/08, 59.48442487092555
2004/02/08, 58.818845111416465
2004/02/08, 58.286361691160195
2004/02/08, 57.62061032097239
2004/02/08, 57.15468732824816
2004/02/08, 56.55564348045985
2004/02/08, 56.023160060203594
2004/02/08, 55.49075018738105
2004/02/08, 54.95826676712478
2004/02/08, 54.42578334686851
2004/02/09, 59.75039690712998
2004/02/09, 59.21791348687371
2004/02/09, 58.68543006661744
2004/02/09, 58.15294664636119
2004/02/09, 57.620316131237445
2004/02/09, 59.75010271739504
2004/02/09, 59.21761929713877
2004/02/09, 58.6851358768825
2004/02/09, 58.15265245662624
2004/02/10, 57.620021941502486
2004/02/10, 57.087538521246216
2004/02/10, 59.616687672596015
2004/02/10, 59.084204252339745
2004/02/10, 58.551720832083475
2004/02/10, 58.019237411827206
2004/02/10, 56.64363072702061
2004/02/11, 57.35346152582815
2004/02/11, 59.0839100626048
2004/02/11, 58.55142664234853
2004/02/11, 58.01894322209226
2004/02/11, 56.55458930057628
2004/02/11, 56.15532479862908
2004/02/11, 57.35316733609321
2004/02/12, 58.55113245261359
2004/02/12, 58.01864903235732
2004/02/12, 56.55429511084134
2004/02/12, 55.88871535133225
2004/02/12, 55.48935278614006
2004/02/12, 57.35289766216951
2004/02/13, 56.820242631234535
2004/02/13, 56.154662871725435
2004/02/13, 55.622179451469165
2004/02/13, 55.089696031212895
2004/02/13, 56.68685210224676
2004/02/13, 56.15436868199049
2004/02/13, 55.62188526173422
2004/02/13, 55.08940184147795
2004/02/13, 54.823233678783566
2004/02/14, 56.28719534731961
2004/02/14, 55.75471192706334
2004/02/14, 55.222228506807085
2004/02/14, 54.75630551408284
2004/02/15, 56.286901157584666
2004/02/15, 55.754417737328396
2004/02/15, 55.22193431707214
2004/02/15, 54.68945089681587
2004/02/15, 54.22352790409164
2004/02/16, 55.8872444026575
2004/02/16, 55.354760982401245
2004/02/16, 54.822277562144976
2004/02/16, 54.289794141888706
2004/02/16, 53.757310721632436
2004/02/16, 53.49114255893805
2004/02/17, 55.3544667926663
2004/02/17, 54.82198337241003
2004/02/17, 54.28949995215376
2004/02/17, 53.75701653189749
2004/02/16, 53.49084836920311
2004/02/17, 54.95488358517288
2004/02/17, 54.42232661748288
2004/02/17, 53.889843197226625
2004/02/17, 53.357359776970355
2004/02/18, 52.95785011691068
2004/02/18, 54.422032427747936
2004/02/18, 53.88954900749168
2004/02/18, 53.35706558723541
2004/02/19, 52.95755592717573
2004/02/19, 54.42173823801298
2004/02/19, 53.88925481775672
2004/02/19, 53.35677139750045
2004/02/19, 52.957261737440774
2004/02/20, 54.42144404827803
2004/02/20, 53.88896062802178
2004/02/20, 53.35647720776551
2004/02/20, 52.95696754770583
2004/02/21, 54.42114985854309
2004/02/21, 53.88866643828683
2004/02/21, 53.35618301803056
2004/02/21, 52.89011293043886
2004/02/21, 54.420855668808144
2004/02/21, 53.88837224855189
2004/02/21, 53.35588882829562
2004/02/22, 52.82325831317186
2004/02/22, 52.357335320447646
2004/02/22, 54.420561479073186
2004/02/22, 53.88807805881693
2004/02/22, 53.35559463856066
2004/02/23, 52.82296412343692
2004/02/22, 52.42367510567847
2004/02/23, 54.42026728933824
2004/02/23, 53.887783869081986
2004/02/23, 53.355300448825716
2004/02/23, 52.822669933701974
2004/02/24, 54.4199730996033
2004/02/24, 53.88748967934704
2004/02/24, 53.35500625909077
2004/02/24, 52.35659984611027
2004/02/24, 52.82235122815578
2004/02/25, 54.02031634467616
2004/02/25, 53.48783292441989
2004/02/25, 52.02347900290391
2004/02/25, 52.82205703842084
2004/02/25, 53.62073313718274
2004/02/25, 52.0232093289802
2004/02/25, 51.623846763787995
2004/02/26, 53.088029074625254
2004/02/26, 52.555545654369
2004/02/26, 52.02289062343401
2004/02/26, 51.35731086392492
2004/02/27, 52.68837231969812
2004/02/27, 52.02262094951031
2004/02/27, 51.49013752925404
2004/02/27, 50.95765410899779
2004/02/27, 52.55495727489911
2004/02/28, 52.02232675977537
2004/02/28, 51.4898433395191
2004/02/28, 50.95735991926284
2004/02/28, 52.42154223010009
2004/02/29, 51.75579085991228
2004/02/29, 51.22330743965601
2004/02/29, 50.823944874463805
2004/02/29, 52.288127185301065
2004/02/29, 51.75549667017734
2004/02/29, 51.22301324992107
2004/02/29, 50.82365068472886
2004/03/01, 52.28783299556612
2004/03/01, 51.755177964631145
2004/03/01, 51.08959820512206
2004/03/01, 50.69023563992985
2004/03/02, 51.75490829070745
2004/03/02, 51.22242487045118
2004/03/02, 50.68994145019491
2004/03/02, 50.22401845747068
2004/03/03, 51.75461410097249
2004/03/03, 51.22213068071622
2004/03/03, 50.68964726045995
2004/03/03, 50.22372426773572
2004/03/04, 51.35495734604534
2004/03/04, 50.82247392578907
2004/03/04, 50.28999050553281
2004/03/04, 49.75750708527654
2004/03/04, 50.9553005911182
2004/03/04, 50.42281717086193
2004/03/04, 49.89033375060566
2004/03/04, 49.49097118541346
2004/03/05, 50.955006401383244
2004/03/05, 50.422522981126974
2004/03/05, 49.890039560870704
2004/03/05, 49.4906769956785
2004/03/06, 50.9547122116483
2004/03/06, 50.42222879139203
2004/03/06, 49.88974537113576
2004/03/06, 49.490382805943554
2004/03/07, 50.954418021913355
2004/03/07, 50.421934601657085
2004/03/07, 49.889451181400815
2004/03/07, 49.49008861620861
2004/03/08, 50.95412383217841
2004/03/08, 50.42164041192214
2004/03/08, 49.88915699166587
2004/03/08, 49.489794426473665
2004/03/08, 50.953903189877195
2004/03/08, 50.42134622218718
2004/03/08, 49.88886280193091
2004/03/08, 49.35637938167464
2004/03/09, 48.95686972161498
2004/03/09, 50.42105203245224
2004/03/09, 49.88856861219597
2004/03/09, 49.3560851919397
2004/03/10, 48.956575531880034
2004/03/10, 50.42075784271729
2004/03/10, 49.88827442246102
2004/03/10, 49.355791002204754
2004/03/10, 48.82316048708101
2004/03/11, 50.42046365298235
2004/03/11, 49.88798023272608
2004/03/11, 49.35549681246981
2004/03/11, 48.35709039948931
2004/03/11, 48.82284178153482
2004/03/11, 50.020806898055184
2004/03/11, 49.488323477798914
2004/03/12, 48.02396955628295
2004/03/12, 48.82254759179986
2004/03/12, 49.62122369056179
2004/03/12, 48.02369988235924
2004/03/12, 47.62433731716705
2004/03/13, 49.088519628004306
2004/03/13, 48.556036207748036
2004/03/13, 48.023405692624294
2004/03/13, 47.49092227236804
2004/03/13, 49.08822543826936
2004/03/13, 48.55574201801309
2004/03/13, 47.02485218477632
2004/03/14, 48.02311150288935
2004/03/14, 47.490628082633094
2004/03/14, 49.0879312485344
2004/03/14, 48.55544782827813
2004/03/14, 47.091191970007145
2004/03/15, 49.62024305811197
2004/03/15, 48.02279279734316
2004/03/14, 47.49040744033188
2004/03/15, 48.82137083286007
2004/03/16, 50.152432288633264
2004/03/15, 49.48685252912418
2004/03/15, 48.155643978483525
2004/03/16, 48.82110115893637
2004/03/16, 50.41837980902646
2004/03/16, 49.752800049517376
2004/03/16, 49.220316629261106
2004/03/16, 48.55471235394077
2004/03/17, 52.28192468505591
2004/03/17, 51.61634492554683
2004/03/17, 51.08386150529057
2004/03/17, 50.41808561929152
2004/03/17, 49.75250585978243
2004/03/17, 49.22002243952616
2004/03/17, 48.95385427683176
2004/03/17, 53.34662185164474
2004/03/17, 52.81413843138847
2004/03/17, 52.2816550111322
2004/03/17, 51.749171590875946
2004/03/17, 51.216688170619676
2004/03/18, 54.411441597289794
2004/03/18, 53.87895817703354
2004/03/18, 50.684057655495934
2004/03/18, 50.151574235239664
2004/03/18, 49.61909081498341
2004/03/18, 53.34630314609855
2004/03/18, 52.68072338658946
2004/03/18, 52.14823996633319
2004/03/18, 51.61575654607692
2004/03/18, 51.08327312582067
2004/03/19, 56.27481486264054
2004/03/19, 55.609235103131454
2004/03/19, 55.076751682875184
2004/03/19, 54.54426826261893
2004/03/19, 54.01178484236266
2004/03/19, 50.46187085817631
2004/03/18, 50.0182327378744
2004/03/19, 53.346008956363605
2004/03/19, 52.68042919685452
2004/03/19, 52.14794577659825
2004/03/19, 51.748656758839786
2004/03/19, 51.216173338583516
2004/03/19, 58.93696228999818
2004/03/19, 58.47103929727395
2004/03/19, 56.80702860897311
2004/03/19, 56.27454518871684
2004/03/19, 55.74206176846057
2004/03/19, 55.20957834820432
2004/03/19, 54.67709492794805
2004/03/19, 54.14461150769178
2004/03/20, 59.46927409957573
2004/03/20, 57.87182383880692
2004/03/20, 57.20624407929783
2004/03/20, 53.61195647675679
2004/03/20, 52.9463767172477
2004/03/20, 52.48045372452347
2004/03/20, 52.14772513429703
2004/03/20, 58.670401874323844
2004/03/20, 56.54046819329878
2004/03/20, 55.87488843378969
2004/03/20, 55.34240501353344
2004/03/20, 54.80992159327717
2004/03/20, 54.2774381730209
2004/03/21, 64.2613552079584
2004/03/21, 63.72887178770215
2004/03/21, 63.19638836744588
2004/03/21, 62.66390494718961
2004/03/21, 62.13142152693334
2004/03/21, 61.59893810667707
2004/03/21, 61.06645468642081
2004/03/21, 60.53397126616454
2004/03/21, 60.00148784590827
2004/03/21, 59.46900442565202
2004/03/21, 57.87155416488321
2004/03/21, 57.33907074462694
2004/03/21, 58.93634939471703
2004/03/21, 58.27076963520794
2004/03/21, 56.80641571369196
2004/03/21, 56.140835954182876
2004/03/21, 55.74154693642441
2004/03/21, 55.20906351616816
2004/03/21, 54.67658009591189
2004/03/21, 54.27721753071968
2004/03/22, 66.65721189356542
2004/03/21, 65.99163213405633
2004/03/21, 65.72546397136193
2004/03/22, 64.52727821254035
2004/03/21, 63.861698453031266
2004/03/21, 63.329215032775
2004/03/21, 62.79673161251873
2004/03/21, 62.26424819226246
2004/03/21, 61.7317647720062
2004/03/21, 61.19928135174993
2004/03/21, 60.66679793149366
2004/03/21, 60.13431451123739
2004/03/21, 59.601831090981136
2004/03/22, 57.60499374920889
2004/03/22, 69.05326470566239
2004/03/22, 68.52078128540612
2004/03/22, 67.98829786514986
2004/03/22, 67.45581444489359
2004/03/22, 65.32588076386853
2004/03/22, 58.93607972079333
2004/03/22, 58.40359630053706
2004/03/22, 56.806146039768265
2004/03/22, 56.273662619511995
2004/03/22, 66.9231594139586
2004/03/22, 66.25757965444951
2004/03/22, 65.72509623419324
2004/03/22, 64.79322573293354
2004/03/22, 64.12764597342445
2004/03/22, 63.59516255316818
2004/03/22, 63.062679132911924
2004/03/22, 62.530195712655654
2004/03/22, 61.997712292399385
2004/03/22, 61.465228872143115
2004/03/22, 60.93274545188686
2004/03/22, 60.40026203163059
2004/03/22, 59.86777861137432
2004/03/22, 59.40185561865009
2004/03/22, 57.87103933284705
2004/03/22, 57.33855591259078
2004/03/23, 71.44912139126939
2004/03/23, 70.7835416317603
2004/03/23, 70.25105821150404
2004/03/23, 69.71857479124778
2004/03/23, 69.1860913709915
2004/03/23, 68.65360795073524
2004/03/23, 68.12112453047898
2004/03/23, 67.58864111022271
2004/03/23, 66.92286522422366
2004/03/23, 66.25728546471457
2004/03/23, 65.7248020444583
2004/03/23, 65.19231862420204
2004/03/23, 64.65983520394578
2004/03/23, 64.1273517836895
2004/03/23, 63.72806276593104
2004/03/23, 63.195505798241044
2004/03/23, 62.663022377984774
2004/03/23, 62.13061250516223
2004/03/23, 61.46493468240817
2004/03/23, 60.932451262151915
2004/03/23, 60.53316224439344
2004/03/23, 60.00067882413717
2004/03/23, 59.46819540388091
2004/03/24, 71.98131062179071
2004/03/23, 71.31573086228163
2004/03/23, 70.78324744202536
2004/03/23, 70.2507640217691
2004/03/23, 69.71828060151283
2004/03/23, 69.18579718125656
2004/03/23, 68.65331376100029
2004/03/23, 68.12083034074404
2004/03/23, 67.58834692048777
2004/03/24, 66.92257103448871
2004/03/24, 66.25699127497961
2004/03/24, 65.72450785472334
2004/03/24, 65.19202443446709
2004/03/24, 64.65954101421082
2004/03/24, 64.26025199645235
2004/03/24, 72.51349985231202
2004/03/24, 71.84792009280294
2004/03/24, 71.31543667254667
2004/03/24, 70.7829532522904
2004/03/24, 70.25046983203414
2004/03/24, 69.71798641177787
2004/03/24, 69.1855029915216
2004/03/24, 68.71957999879737
2004/03/24, 68.25373055350688
2004/03/24, 67.72124713325061
2004/03/25, 72.91259274358052
2004/03/25, 72.38010932332426
2004/03/25, 71.84762590306799
2004/03/25, 71.31514248281172
2004/03/25, 70.78265906255545
2004/03/25, 70.2501756422992
2004/03/25, 69.78425264957497
2004/03/25, 69.31840320428446
2004/03/25, 68.91904063909227
2004/03/26, 72.37981513358932
2004/03/26, 71.84733171333305
2004/03/26, 71.31484829307678
2004/03/26, 70.78236487282051
2004/03/26, 70.24988145256425
2004/03/26, 69.98371328986984
2004/03/27, 71.71391666853403
2004/03/27, 71.18143324827776
2004/03/27, 70.64894982802149
2004/03/27, 70.11646640776522
2004/03/27, 69.65054341504099
2004/03/27, 71.31425991360688
2004/03/27, 70.7817764933506
2004/03/27, 70.24929307309435
2004/03/27, 69.71680965283808
2004/03/27, 69.4506414901437
2004/03/28, 70.91467670611348
2004/03/28, 70.38211973842347
2004/03/28, 69.8496363181672
2004/03/28, 69.38371332544297
2004/03/29, 70.38180103287728
2004/03/29, 69.71622127336819
2004/03/29, 69.18373785311192
2004/03/29, 68.91756969041752
2004/03/30, 71.71273990959423
2004/03/30, 71.18025648933796
2004/03/30, 70.6477730690817
2004/03/30, 70.11528964882542
2004/03/30, 69.58280622856917
2004/03/30, 69.0503228083129
2004/03/31, 76.77101369648257
2004/03/31, 76.10543393697348
2004/03/31, 75.57295051671721
2004/03/31, 75.04046709646094
2004/03/31, 74.50798367620469
2004/03/31, 73.97550025594842
2004/03/31, 73.44301683569215
2004/03/31, 72.91053341543588
2004/03/31, 72.37804999517962
2004/03/31, 71.84556657492335
2004/03/31, 71.31308315466708
2004/03/31, 70.78059973441081
2004/03/31, 70.24811631415456
2004/03/31, 69.71563289389829
2004/03/31, 69.18314947364202
2004/03/31, 68.78378690844983
2004/03/31, 77.30322744281514
2004/03/31, 76.77074402255887
2004/03/31, 76.2382606023026
2004/03/31, 75.70577718204633
2004/03/31, 75.17329376179008
2004/03/31, 74.64081034153381
2004/03/31, 74.10832692127754
2004/03/31, 73.57584350102127
2004/03/31, 73.04336008076501
2004/03/31, 72.51087666050874
2004/03/31, 71.97839324025247
2004/03/31, 71.4459098199962
2004/03/31, 70.91342639973995
2004/03/31, 70.38094297948368
2004/03/31, 69.84845955922741
2004/03/31, 69.38253656650318
2004/04/01, 80.49798086948526
2004/04/01, 79.96549744922899
2004/04/01, 79.43301402897274
2004/04/01, 78.90053060871647
2004/04/01, 78.3680471884602
2004/04/01, 77.83556376820393
2004/04/01, 77.3029332530802
2004/04/01, 76.77044983282393
2004/04/01, 76.23796641256766
2004/04/01, 75.70548299231139
2004/04/01, 75.17299957205513
2004/04/01, 74.64051615179886
2004/04/01, 74.1080327315426
2004/04/01, 73.57554931128632
2004/04/01, 73.04306589103007
2004/04/01, 72.5105824707738
2004/04/01, 71.97809905051753
2004/04/01, 71.44561563026126
2004/04/01, 70.91320575743873
2004/04/01, 70.38072233718246
2004/04/01, 69.84823891692619
2004/04/01, 69.448876351734
2004/04/02, 81.03017010000659
2004/04/02, 80.49768667975032
2004/04/02, 79.96520325949405
2004/04/02, 79.43271983923779
2004/04/02, 78.90023641898152
2004/04/02, 78.36775299872525
2004/04/02, 77.83526957846898
2004/04/02, 77.302614547534
2004/04/02, 76.70359521555693
2004/04/02, 76.23774577026644
2004/04/02, 75.70526235001017
2004/04/02, 75.17277892975392
2004/04/02, 74.64029550949765
2004/04/02, 74.10781208924138
2004/04/02, 73.57532866898511
2004/04/02, 73.04284524872885
2004/04/02, 72.51036182847258
2004/04/02, 71.97787840821631
2004/04/02, 71.57851584302412
2004/04/02, 81.29611762039976
2004/04/02, 80.7636342001435
2004/04/02, 80.23115077988723
2004/04/02, 79.69866735963096
2004/04/02, 79.16618393937469
2004/04/02, 78.63370051911842
2004/04/02, 78.10121709886216
2004/04/03, 81.69533309072449
2004/04/03, 77.56856206792718
2004/04/03, 77.0361767109159
2004/04/03, 81.02958172053668
2004/04/03, 80.49709830028041
2004/04/03, 79.96461488002414
2004/04/03, 79.43213145976789
2004/04/03, 78.89964803951162
2004/04/03, 78.36716461925535
2004/04/04, 77.8345341041316
2004/04/04, 77.43517153893941
2004/04/04, 81.02936107823547
2004/04/04, 80.4968776579792
2004/04/04, 79.9643206902892
2004/04/04, 79.43183727003294
2004/04/04, 78.89935384977667
2004/04/04, 78.3668704295204
2004/04/05, 77.83421539858541
2004/04/04, 77.16863563907633
2004/04/05, 79.56466393536205
2004/04/05, 79.03218051510578
2004/04/05, 78.49969709484951
2004/04/05, 77.83392120885046
2004/04/05, 77.16834144934137
2004/04/05, 76.76897888414918
2004/04/06, 79.03188632537083
2004/04/06, 78.49940290511456
2004/04/06, 77.83362701911551
2004/04/06, 77.16804725960642
2004/04/06, 76.7021242668822
2004/04/07, 79.1646884748887
2004/04/06, 78.49910871537962
2004/04/07, 81.56071677117444
2004/04/07, 80.89513701166535
2004/04/07, 80.36265359140909
2004/04/07, 79.83017017115282
2004/04/07, 77.83333282938057
2004/04/07, 77.16775306987148
2004/04/07, 76.76846405211302
2004/04/07, 79.16439428515376
2004/04/07, 78.49881452564468
2004/04/08, 84.75532310297709
2004/04/08, 84.089743343468
2004/04/08, 83.55725992321173
2004/04/08, 83.02477650295548
2004/04/08, 82.4922930826992
2004/04/08, 81.95980966244294
2004/04/08, 81.42732624218667
2004/04/08, 80.89484282193041
2004/04/08, 80.36235940167414
2004/04/08, 79.82987598141787
2004/04/08, 77.83303863964562
2004/04/07, 77.4337741376984
2004/04/08, 79.16410009541882
2004/04/08, 78.56508076344176
2004/04/09, 86.61872088413907
2004/04/08, 85.95314112462998
2004/04/08, 85.28753684930965
2004/04/08, 84.75505342905338
2004/04/08, 84.2225700087971
2004/04/08, 83.69008658854085
2004/04/08, 83.15760316828458
2004/04/08, 82.62511974802831
2004/04/08, 82.09263632777204
2004/04/08, 81.56015290751579
2004/04/08, 81.02766948725952
2004/04/08, 80.49518606700325
2004/04/08, 79.96270264674698
2004/04/09, 79.430047615812
2004/04/09, 78.89766225880072
2004/04/09, 87.15091011466038
2004/04/09, 86.4853303551513
2004/04/09, 85.95284693489504
2004/04/09, 85.42036351463877
2004/04/09, 84.8878800943825
2004/04/09, 84.35539667412624
2004/04/09, 83.82291325386997
2004/04/09, 83.2904298336137
2004/04/09, 82.75794641335743
2004/04/09, 82.22546299310117
2004/04/09, 81.6929795728449
2004/04/09, 81.29369055508644
2004/04/09, 80.76120713483019
2004/04/09, 80.22872371457392
2004/04/10, 87.6830993451817
2004/04/10, 87.01751958567262
2004/04/10, 86.48503616541636
2004/04/10, 85.95255274516009
2004/04/10, 85.42006932490382
2004/04/10, 84.88758590464755
2004/04/10, 84.48829688688909
2004/04/10, 83.95581346663282
2004/04/10, 83.42333004637655
2004/04/10, 82.89084662612028
2004/04/10, 82.3582896584303
2004/04/10, 81.89236666570606
2004/04/10, 81.42651722041555
2004/04/11, 88.21531309151428
2004/04/11, 87.682829671258
2004/04/11, 87.15034625100174
2004/04/11, 86.61786283074548
2004/04/11, 86.08537941048921
2004/04/11, 85.55289599023294
2004/04/11, 85.08697299750871
2004/04/12, 87.68253548152305
2004/04/12, 87.15005206126678
2004/04/12, 86.61756864101052
2004/04/12, 86.15164564828629
2004/04/12, 87.28287872659591
2004/04/12, 86.75039530633964
2004/04/12, 86.21791188608337
2004/04/12, 85.81854932089118
2004/04/13, 86.88322197166876
2004/04/13, 86.35073855141249
2004/04/13, 85.81825513115623
2004/04/13, 85.41889256596403
2004/04/14, 86.8829277819338
2004/04/14, 86.35044436167753
2004/04/14, 85.81796094142128
2004/04/14, 85.41859837622907
2004/04/15, 86.88263359219886
2004/04/15, 86.35015017194259
2004/04/15, 85.81766675168633
2004/04/15, 85.41830418649413
2004/04/16, 86.88233940246391
2004/04/16, 86.34985598220764
2004/04/16, 85.81737256195139
2004/04/16, 85.41800999675918
2004/04/16, 87.1482869228571
2004/04/16, 86.61580350260084
2004/04/16, 86.08332008234457
2004/04/16, 85.5508366620883
2004/04/17, 87.6806232482459
2004/04/17, 87.14799273312214
2004/04/17, 86.61550931286588
2004/04/17, 86.08302589260961
2004/04/17, 85.68373687485115
2004/04/18, 88.2128124787672
2004/04/18, 87.68032905851094
2004/04/18, 87.14767402757595
2004/04/18, 86.48209426806687
2004/04/18, 86.21592610537247
2004/04/18, 88.47875999916039
2004/04/18, 87.94627657890413
2004/04/19, 89.01109632454919
2004/04/19, 87.41364606378039
2004/04/19, 86.88116264352412
2004/04/19, 88.47846580942544
2004/04/19, 87.94598238916919
2004/04/20, 89.01080213481424
2004/04/20, 87.47991230157747
2004/04/20, 88.4781716196905
2004/04/20, 87.94568819943424
2004/04/20, 89.0105079450793
2004/04/20, 87.54617853937455
2004/04/21, 88.47785291414431
2004/04/21, 87.81227315463521
2004/04/21, 87.3462030670435
2004/04/22, 88.34446238515653
2004/04/22, 87.81197896490026
2004/04/22, 86.92448208199524
2004/04/22, 88.21104734035752
2004/04/22, 87.67856392010125
2004/04/22, 87.14608049984498
2004/04/22, 86.61359707958873
2004/04/22, 86.08111365933246
2004/04/23, 85.59283224675215
2004/04/23, 87.81139058543037
2004/04/23, 87.27890716517412
2004/04/23, 86.74642374491785
2004/04/23, 86.21394032466158
2004/04/24, 85.54816443866252
2004/04/24, 84.88258467915342
2004/04/24, 84.35010125889717
2004/04/24, 83.8176178386409
2004/04/24, 83.4182552734487
2004/04/24, 87.27861297543916
2004/04/24, 86.74612955518289
2004/04/24, 86.21364613492662
2004/04/25, 85.54787024892757
2004/04/24, 84.88229048941848
2004/04/24, 84.34980706916222
2004/04/24, 83.81732364890595
2004/04/24, 83.28484022864968
2004/04/24, 82.75235680839342
2004/04/24, 82.21987338813716
2004/04/24, 81.95370522544276
2004/04/25, 86.87895622051201
2004/04/25, 86.34647280025574
2004/04/25, 81.55412201794935
2004/04/25, 85.81384228513201
2004/04/25, 85.28135886487574
2004/04/25, 84.74887544461947
2004/04/25, 84.2163920243632
2004/04/25, 83.68390860410695
2004/04/25, 83.15142518385068
2004/04/25, 82.6189417635944
2004/04/25, 82.08645834333814
2004/04/26, 81.55380331240316
2004/04/26, 80.88822355289408
2004/04/26, 80.3557401326378
2004/04/26, 85.54737993270265
2004/04/26, 85.0148965124464
2004/04/26, 84.48241309219013
2004/04/26, 83.94985612450013
2004/04/26, 83.41737270424386
2004/04/26, 82.88488928398759
2004/04/26, 82.35240586373133
2004/04/27, 81.81975083279634
2004/04/26, 81.15417107328724
2004/04/26, 80.62168765303097
2004/04/26, 80.08920423277472
2004/04/26, 79.82303607008032
2004/04/27, 83.55019936957297
2004/04/27, 83.01771594931671
2004/04/27, 82.48523252906044
2004/04/27, 79.42342834677567
2004/04/27, 78.75784858726658
2004/04/27, 78.22536516701031
2004/04/27, 81.81948115887263
2004/04/27, 81.28699773861636
2004/04/27, 80.75451431836011
2004/04/27, 80.22203089810384
2004/04/28, 79.6894003829801
2004/04/28, 79.15691696272383
2004/04/28, 78.62443354246756
2004/04/28, 78.0919501222113
2004/04/28, 77.55946670195503
2004/04/28, 77.02698328169876
2004/04/28, 81.81926051657143
2004/04/28, 81.28677709631516
2004/04/28, 80.75422012862516
2004/04/28, 80.2217367083689
2004/04/28, 76.56091319410706
2004/04/28, 79.6890816774339
2004/04/28, 79.02350191792482
2004/04/28, 78.49101849766855
2004/04/28, 77.9585350774123
2004/04/28, 77.42605165715602
2004/04/28, 76.89356823689975
2004/04/28, 75.96169773564004
2004/04/29, 80.35456337369801
2004/04/29, 79.68888555094394
2004/04/29, 79.15640213068767
2004/04/29, 78.4907243079336
2004/04/29, 77.95824088767735
2004/04/29, 77.42575746742108
2004/04/29, 76.89327404716481
2004/04/29, 76.36079062690854
2004/04/29, 75.82830720665228
2004/04/29, 75.29582378639601
2004/04/30, 78.35738281056832
2004/04/30, 77.82489939031205
2004/04/30, 77.29234242262206
2004/04/30, 76.75985900236579
2004/04/30, 76.22737558210952
2004/04/30, 75.69489216185325
2004/04/30, 75.16240874159699
2004/04/30, 74.69648574887275
2004/05/01, 77.02580652275897
2004/05/01, 76.49332310250271
2004/05/01, 75.96083968224644
2004/05/01, 75.42835626199017
2004/05/01, 74.8958728417339
2004/05/01, 74.36338942147763
2004/05/01, 73.83090600122138
2004/05/01, 73.29842258096511
2004/05/01, 72.76593916070884
2004/05/02, 75.82742463744744
2004/05/02, 75.29494121719117
2004/05/02, 74.7624577969349
2004/05/02, 74.22997437667863
2004/05/02, 73.69749095642237
2004/05/02, 73.1650075361661
2004/05/02, 72.63252411590983
2004/05/02, 72.10004069565356
2004/05/02, 71.5675572753973
2004/05/02, 75.29464702745622
2004/05/02, 74.76216360719995
2004/05/02, 74.22968018694368
2004/05/02, 73.69719676668743
2004/05/02, 73.16471334643116
2004/05/02, 72.63222992617489
2004/05/02, 72.09974650591862
2004/05/02, 71.56726308566236
2004/05/02, 71.03477966540609
2004/05/03, 74.8950638199628
2004/05/03, 74.36258039970653
2004/05/03, 73.83009697945027
2004/05/03, 73.1644191566962
2004/05/03, 72.63193573643993
2004/05/03, 72.09945231618366
2004/05/03, 71.5669688959274
2004/05/03, 71.03448547567113
2004/05/03, 70.76831731297673
2004/05/04, 70.36873410548333
2004/05/04, 69.83625068522706
2004/05/04, 73.03107765933093
2004/05/04, 72.49859423907466
2004/05/04, 71.96603727138465
2004/05/04, 71.43355385112838
2004/05/04, 70.90107043087212
2004/05/04, 69.37018059763535
2004/05/04, 70.36841539993713
2004/05/04, 69.70283564042805
2004/05/05, 71.56638051645751
2004/05/05, 71.03389709620124
2004/05/05, 69.037059754429
2004/05/05, 68.37147999491991
2004/05/05, 68.10531183222551
2004/05/05, 70.36812121020219
2004/05/05, 69.7025414506931
2004/05/06, 71.03360290646629
2004/05/06, 69.03676556469405
2004/05/06, 68.37118580518495
2004/05/06, 67.83870238492868
2004/05/06, 67.30621896467242
2004/05/06, 66.84029597194818
2004/05/06, 70.23473068121442
2004/05/06, 69.70224726095815
2004/05/06, 69.03647137495909
2004/05/06, 68.37089161545
2004/05/06, 67.83840819519374
2004/05/06, 67.30592477493748
2004/05/06, 66.77344135468121
2004/05/06, 66.30751836195698
2004/05/07, 69.7019530712232
2004/05/07, 69.03627524846914
2004/05/07, 68.50371828077913
2004/05/07, 67.97123486052287
2004/05/07, 67.4387514402666
2004/05/07, 66.90626802001033
2004/05/07, 66.37378459975406
2004/05/07, 65.90786160702983
2004/05/08, 65.30864614856281
2004/05/08, 64.77618724411779
2004/05/08, 68.23725592834978
2004/05/08, 67.57157810559572
2004/05/08, 67.03909468533945
2004/05/08, 66.50661126508318
2004/05/08, 65.97412784482692
2004/05/08, 65.30835195882787
2004/05/08, 64.64277219931878
2004/05/08, 64.24340963412658
2004/05/09, 67.03880049560449
2004/05/09, 66.50631707534822
2004/05/09, 65.97383365509197
2004/05/09, 65.30808228490416
2004/05/09, 64.77559886464789
2004/05/09, 64.24311544439162
2004/05/10, 66.37290203054921
2004/05/10, 65.84041861029294
2004/05/10, 63.71048492926789
2004/05/10, 63.17800150901162
2004/05/10, 62.778638943819416
2004/05/10, 65.30776357935797
2004/05/10, 64.64218381984888
2004/05/10, 64.10970039959261
2004/05/10, 66.10643967811987
2004/05/10, 63.443949029404806
2004/05/10, 62.911465609148536
2004/05/10, 62.445542616424305
2004/05/11, 65.04125219530613
2004/05/11, 64.50876877504987
2004/05/11, 63.9762853547936
2004/05/11, 61.84635167376854
2004/05/11, 61.38042868104431
2004/05/11, 63.44365483966986
2004/05/11, 62.91117141941359
2004/05/11, 62.378687999157336
2004/05/12, 64.50847458531493
2004/05/12, 63.97599116505866
2004/05/12, 61.846057484033594
2004/05/12, 61.313574063777324
2004/05/12, 60.84765107105309
2004/05/12, 63.4433606499349
2004/05/12, 62.91087722967863
2004/05/12, 62.37839380942238
2004/05/12, 61.84573877848739
2004/05/12, 61.1801590189783
2004/05/12, 60.64767559872203
2004/05/12, 60.38150743602765
2004/05/13, 63.043703895007766
2004/05/13, 62.5112204747515
2004/05/13, 59.98189971272298
2004/05/13, 59.38288038074593
2004/05/13, 61.84546910456369
2004/05/13, 61.31298568430742
2004/05/13, 60.78050226405115
2004/05/14, 60.247847233116175
2004/05/14, 59.58226747360709
2004/05/14, 59.04978405335082
2004/05/13, 58.78361589065642
2004/05/14, 61.44581234963654
2004/05/14, 60.913328929380285
2004/05/14, 60.24755304338123
2004/05/14, 59.581973283872145
2004/05/14, 59.049489863615875
2004/05/14, 58.517006443359605
2004/05/15, 61.046155594709404
2004/05/15, 60.51359862701939
2004/05/15, 59.847920804265314
2004/05/15, 59.315437384009044
2004/05/15, 58.78295396375279
2004/05/15, 58.25047054349652
2004/05/15, 57.98430238080212
2004/05/16, 57.58471917330871
2004/05/16, 57.05223575305244
2004/05/16, 59.58138490440224
2004/05/16, 59.04890148414597
2004/05/16, 58.5164180638897
2004/05/16, 57.98393464363343
2004/05/16, 56.608327958826834
2004/05/16, 57.31815875763438
2004/05/17, 59.04860729441103
2004/05/17, 58.51612387415476
2004/05/17, 57.98364045389849
2004/05/17, 56.51928653238251
2004/05/17, 56.120022030435294
2004/05/17, 57.317864567899434
2004/05/18, 58.51582968441981
2004/05/18, 57.98334626416354
2004/05/18, 56.518992342647564
2004/05/18, 55.85341258313848
2004/05/17, 55.58724442044408
2004/05/18, 57.31759489397572
2004/05/18, 56.78493986304075
2004/05/18, 56.11936010353166
2004/05/18, 55.65343711080743
2004/05/19, 57.05088738343393
2004/05/19, 56.385307623924845
2004/05/19, 55.852824203668575
2004/05/19, 55.32034078341232
2004/05/20, 58.381973355018374
2004/05/20, 57.849489934762104
2004/05/20, 57.316834903827115
2004/05/20, 56.65125514431804
2004/05/20, 56.11877172406177
2004/05/20, 55.5862883038055
2004/05/20, 55.12036531108127
2004/05/20, 54.787636720854834
2004/05/20, 61.310313460881645
2004/05/20, 60.64473370137256
2004/05/20, 59.18037977985658
2004/05/20, 58.514800020347494
2004/05/20, 57.982316600091224
2004/05/21, 59.978957815373505
2004/05/21, 57.31654071409217
2004/05/21, 56.6509609545831
2004/05/21, 56.11847753432683
2004/05/21, 55.6525545416026
2004/05/21, 55.31982595137616
2004/05/21, 61.842527207214204
2004/05/21, 61.310043786957934
2004/05/21, 60.777560366701664
2004/05/21, 59.18011010593287
2004/05/21, 58.6476266856766
2004/05/21, 58.11514326542034
2004/05/22, 62.374863532603
2004/05/22, 60.244929851577936
2004/05/22, 59.712446431321666
2004/05/22, 57.5825127502966
2004/05/22, 57.05002933004033
2004/05/22, 56.51754590978406
2004/05/22, 56.11818334459187
2004/05/22, 61.84223301747926
2004/05/22, 61.30974959722299
2004/05/22, 60.77726617696672
2004/05/22, 59.179815916197924
2004/05/22, 58.647332495941654
2004/05/22, 58.1148490756854
2004/05/22, 62.90705276312431
2004/05/22, 62.37456934286806
2004/05/22, 60.24463566184299
2004/05/22, 59.71215224158672
2004/05/22, 57.715412963059464
2004/05/22, 56.51732526748286
2004/05/23, 61.841938827744315
2004/05/23, 61.309455407488045
2004/05/23, 60.776971987231775
2004/05/23, 59.17952172646298
2004/05/23, 58.64703830620671
2004/05/23, 58.18111531348248
2004/05/23, 62.90675857338937
2004/05/23, 62.37427515313311
2004/05/23, 60.24434147210805
2004/05/23, 59.711931599285506
2004/05/24, 61.84164463800937
2004/05/24, 61.3091612177531
2004/05/24, 60.77667779749683
2004/05/24, 62.90646438365442
2004/05/24, 62.37398096339817
2004/05/24, 60.2440472823731
2004/05/24, 61.84135044827441
2004/05/24, 61.30886702801814
2004/05/24, 60.77638360776187
2004/05/24, 59.77797719478137
2004/05/24, 59.17893334699308
2004/05/24, 58.64644992673681
2004/05/25, 62.37368677366321
2004/05/25, 60.243753092638144
2004/05/25, 58.180379839145104
2004/05/25, 61.84105625853947
2004/05/25, 61.3085728382832
2004/05/25, 60.77608941802693
2004/05/25, 59.7111225775144
2004/05/25, 59.17863915725813
2004/05/25, 58.64615573700186
2004/05/26, 60.24343438709195
2004/05/26, 58.11350070606689
2004/05/26, 57.4479209465578
2004/05/26, 56.91543752630153
2004/05/26, 61.44139950361232
2004/05/26, 60.90891608335606
2004/05/26, 59.44456216184008
2004/05/26, 58.778982402330996
2004/05/26, 60.24314019735701
2004/05/26, 58.11320651633194
2004/05/26, 57.44762675682286
2004/05/26, 56.91514333656659
2004/05/26, 56.38265991631032
2004/05/27, 59.44426797210514
2004/05/27, 58.77868821259605
2004/05/27, 60.24294407086704
2004/05/27, 58.11293684240823
2004/05/27, 57.58045342215196
2004/05/27, 57.04797000189569
2004/05/27, 56.51548658163942
2004/05/27, 56.04956358891519
2004/05/28, 58.51215231273295
2004/05/28, 55.45034813044818
2004/05/28, 54.917889226003155
2004/05/28, 57.84647448997889
2004/05/28, 57.313917522288875
2004/05/28, 56.78143410203262
2004/05/28, 56.24895068177635
2004/05/28, 55.71629565084136
2004/05/28, 55.050715891332274
2004/05/28, 54.78454772863789
2004/05/29, 57.0473816224258
2004/05/29, 56.51489820216953
2004/05/29, 55.982267687045805
2004/05/29, 55.449784266789536
2004/05/29, 54.917300846533266
2004/05/30, 57.04708743269086
2004/05/30, 56.51460401243459
2004/05/30, 54.384670331409524
2004/05/30, 55.98194898149961
2004/05/30, 55.31636922199053
2004/05/30, 54.78388580173426
2004/05/30, 59.17670240816973
2004/05/30, 58.51112264866063
2004/05/30, 57.31303495308403
2004/05/30, 56.78055153282777
2004/05/31, 60.50778837975416
2004/05/31, 59.97530495949789
2004/05/31, 57.845371278472825
2004/05/31, 56.24792101770403
2004/05/31, 55.71543759744776
2004/05/31, 55.182954177191505
2004/05/31, 54.7835916119993
2004/05/31, 59.44267444437416
2004/05/31, 58.91019102411789
2004/05/31, 58.37770760386162
2004/05/31, 57.31274076334908
2004/05/31, 56.78025734309283
2004/06/01, 62.10491993497676
2004/06/01, 61.43934017546768
2004/06/01, 60.90685675521142
2004/06/01, 60.37437333495515
2004/06/01, 59.84188991469888
2004/06/01, 57.84505257292663
2004/06/01, 56.24760231215784
2004/06/01, 55.58202255264875
2004/05/31, 55.31585438995437
2004/06/01, 59.17611402869983
2004/06/01, 58.51053426919074
2004/06/01, 57.04618034767476
2004/06/01, 62.63713368130934
2004/06/01, 62.10465026105307
2004/06/01, 61.5721668407968
2004/06/01, 61.03968342054054
2004/06/01, 60.50720000028427
2004/06/01, 59.974716580028
2004/06/01, 57.84478289900294
2004/06/01, 56.24740618566787
2004/06/01, 55.848043620475664
2004/06/02, 63.701953426954404
2004/06/02, 63.169470006698134
2004/06/02, 59.442086064904274
2004/06/02, 58.909602644648004
2004/06/02, 58.377119224391734
2004/06/02, 57.312152383879194
2004/06/02, 56.846229391154964
2004/06/02, 62.63683949157439
2004/06/02, 62.10435607131812
2004/06/02, 61.57187265106185
2004/06/02, 61.0393892308056
2004/06/02, 60.50690581054933
2004/06/02, 60.040982817825096
2004/06/02, 57.84456225670172
2004/06/03, 63.701659237219445
2004/06/03, 63.169175816963175
2004/06/03, 62.636520786028186
2004/06/03, 61.9709410265191
2004/06/03, 61.43845760626283
2004/06/03, 60.905974186006574
2004/06/03, 60.373490765750304
2004/06/03, 59.9741282005581
2004/06/03, 63.302002482292295
2004/06/03, 58.975574692710126
2004/06/04, 62.63622659629324
2004/06/04, 61.970646836784155
2004/06/04, 61.438163416527885
2004/06/04, 60.90567999627163
2004/06/04, 60.37319657601536
2004/06/04, 59.84071315575909
2004/06/04, 59.30822973550282
2004/06/04, 58.84215964791112
2004/06/05, 62.50283606730548
2004/06/05, 61.97035264704921
2004/06/05, 61.43786922679294
2004/06/05, 60.905385806536685
2004/06/05, 60.372902386280415
2004/06/05, 59.840418966024146
2004/06/05, 59.307935545767876
2004/06/05, 58.37606504450817
2004/06/05, 57.71048528499908
2004/06/05, 57.17800186474281
2004/06/05, 56.645518444486555
2004/06/05, 56.17959545176231
2004/06/05, 61.171333326929854
2004/06/05, 60.638849906673585
2004/06/05, 60.106366486417315
2004/06/05, 59.57388306616106
2004/06/05, 59.04139964590479
2004/06/05, 58.50891622564852
2004/06/05, 57.97643280539225
2004/06/05, 57.443949385135994
2004/06/05, 56.911465964879724
2004/06/05, 56.378982544623454
2004/06/05, 55.846499124367185
2004/06/06, 55.18074775417939
2004/06/06, 54.64826433392312
2004/06/06, 54.11578091366685
2004/06/06, 53.58329749341058
2004/06/06, 61.03799182956459
2004/06/06, 60.50550840930832
2004/06/06, 59.97302498905205
2004/06/06, 59.30734716629797
2004/06/06, 58.77486374604172
2004/06/06, 58.24238032578545
2004/06/06, 57.70989690552918
2004/06/06, 57.17741348527291
2004/06/06, 56.64493006501665
2004/06/06, 56.11244664476038
2004/06/06, 55.57996322450411
2004/06/06, 53.250348260882944
2004/06/07, 54.91418733850506
2004/06/07, 54.24860757899597
2004/06/07, 53.7161241587397
2004/06/07, 52.784253657479994
2004/06/07, 52.11867389797091
2004/06/07, 51.58619047771464
2004/06/07, 58.90776395880458
2004/06/07, 58.37528053854831
2004/06/07, 57.84279711829204
2004/06/07, 57.31031369803577
2004/06/07, 56.64463587528171
2004/06/07, 56.11215245502544
2004/06/07, 55.57966903476917
2004/06/07, 54.913893148770114
2004/06/07, 54.24831338926103
2004/06/07, 53.71582996900476
2004/06/07, 53.1833465487485
2004/06/07, 52.65086312849223
2004/06/07, 52.11837970823596
2004/06/07, 51.58589628797969
2004/06/07, 51.05341286772344
2004/06/08, 56.11185826529049
2004/06/08, 55.57937484503422
2004/06/08, 54.91369702228015
2004/06/08, 54.38121360202388
2004/06/08, 53.84865663433389
2004/06/08, 53.31617321407762
2004/06/08, 52.78368979382135
2004/06/08, 52.25120637356508
2004/06/08, 51.71872295330883
2004/06/08, 51.18623953305256
2004/06/08, 50.72031654032833
2004/06/09, 50.320806880268634
2004/06/09, 53.44899987940673
2004/06/09, 52.91651645915046
2004/06/09, 52.3840330388942
2004/06/09, 51.85154961863793
2004/06/09, 51.31906619838166
2004/06/09, 50.78658277812539
2004/06/09, 50.32051269053369
2004/06/10, 52.38373884915926
2004/06/10, 51.85125542890299
2004/06/10, 51.31877200864672
2004/06/10, 50.78628858839045
2004/06/10, 50.12053721820264
2004/06/11, 51.71784038410398
2004/06/11, 51.18535696384771
2004/06/11, 50.65287354359144
2004/06/11, 49.587906703078914
2004/06/11, 49.055423282822645
2004/06/11, 48.522939862566375
2004/06/11, 50.12021851265645
2004/06/11, 48.079032068340766
2004/06/11, 51.31818362917683
2004/06/11, 50.78570020892056
2004/06/11, 49.32134628740458
2004/06/11, 48.655766527895494
2004/06/12, 50.11994883873274
2004/06/12, 47.990015157707674
2004/06/12, 47.52409216498344
2004/06/12, 51.18474406856656
2004/06/12, 50.51916430905747
2004/06/12, 49.587293807797764
2004/06/12, 48.92171404828868
2004/06/12, 48.38923062803241
2004/06/13, 58.90560656741495
2004/06/13, 58.24002680790586
2004/06/13, 57.707543387649594
2004/06/13, 57.175059967393324
2004/06/13, 56.64257654713707
2004/06/13, 56.1100931268808
2004/06/13, 55.57760970662453
2004/06/13, 55.04512628636826
2004/06/13, 54.512642866112
2004/06/13, 53.98015944585573
2004/06/13, 53.44767602559946
2004/06/13, 52.915192605343194
2004/06/13, 52.38270918508694
2004/06/13, 51.85022576483067
2004/06/13, 47.723454742033354
2004/06/13, 47.05787498252427
2004/06/13, 51.184449878831614
2004/06/13, 50.51887011932253
2004/06/13, 49.98638669906626
2004/06/13, 49.45390327880999
2004/06/13, 48.92141985855373
2004/06/13, 48.38893643829746
2004/06/13, 62.89896254541324
2004/06/13, 62.43303955268901
2004/06/13, 61.301512284644446
2004/06/13, 60.769028864388176
2004/06/13, 59.437795797936275
2004/06/13, 58.77221603842719
2004/06/13, 58.23973261817092
2004/06/13, 57.70724919791465
2004/06/13, 57.17476577765838
2004/06/13, 56.642282357402124
2004/06/13, 56.109798937145854
2004/06/13, 55.577315516889584
2004/06/13, 55.044832096633314
2004/06/13, 54.51234867637706
2004/06/13, 53.97986525612079
2004/06/13, 53.44738183586452
2004/06/13, 52.91489841560825
2004/06/13, 52.38241499535199
2004/06/13, 51.849931575095724
2004/06/13, 47.72316055229841
2004/06/13, 47.19077519528712
2004/06/14, 61.833824094221995
2004/06/14, 60.2363738334532
2004/06/14, 51.18415568909667
2004/06/14, 50.518575929587584
2004/06/14, 49.986092509331314
2004/06/14, 49.453609089075044
2004/06/14, 48.92112566881879
2004/06/14, 48.38864224856252
2004/06/14, 63.16488554999519
2004/06/14, 62.499305790486105
2004/06/14, 61.034951868970126
2004/06/14, 59.43750160820133
2004/06/14, 58.771921848692244
2004/06/14, 58.239438428435975
2004/06/14, 57.706955008179705
2004/06/14, 57.174471587923435
2004/06/14, 56.64198816766718
2004/06/14, 56.10950474741091
2004/06/14, 55.57702132715464
2004/06/14, 55.04453790689837
2004/06/14, 54.512054486642114
2004/06/14, 53.979571066385844
2004/06/14, 53.447087646129575
2004/06/14, 52.914604225873305
2004/06/14, 52.38212080561705
2004/06/14, 51.84963738536078
2004/06/14, 47.72296442580844
2004/06/15, 61.83352990448705
2004/06/15, 60.236079643718256
2004/06/15, 51.183861499361726
2004/06/14, 50.784596997414496
2004/06/15, 63.56397844126367
2004/06/15, 63.031495021007416
2004/06/15, 62.499011600751146
2004/06/15, 61.03465767923518
2004/06/15, 59.437207418466386
2004/06/15, 58.771627658957286
2004/06/15, 58.37233864119882
2004/06/15, 57.83985522094255
2004/06/15, 57.30737180068628
2004/06/15, 56.64169397793222
2004/06/15, 56.10921055767595
2004/06/15, 55.70992153991749
2004/06/15, 55.17743811966123
2004/06/15, 54.64495469940496
2004/06/15, 54.11247127914869
2004/06/15, 53.446793456394616
2004/06/15, 52.914310036138346
2004/06/15, 52.5150210183799
2004/06/15, 51.98253759812363
2004/06/15, 61.83323571475209
2004/06/15, 60.2357854539833
2004/06/16, 63.03120083127247
2004/06/16, 62.4987174110162
2004/06/16, 61.03436348950022
2004/06/16, 59.43691322873143
2004/06/16, 58.837893896754366
2004/06/16, 61.83294152501715
2004/06/16, 60.23549126424835
2004/06/17, 62.49842322128126
2004/06/17, 61.03406929976528
2004/06/17, 59.43661903899648
2004/06/17, 58.7710392794874
2004/06/17, 58.23855585923113
2004/06/17, 61.8326473352822
2004/06/17, 60.23519707451341
2004/06/17, 61.033775110030334
2004/06/17, 59.43632484926154
2004/06/17, 58.77074508975245
2004/06/17, 58.23826166949618
2004/06/17, 57.70577824923991
2004/06/17, 56.50769055366331
2004/06/18, 61.69925680629443
2004/06/18, 60.234902884778464
2004/06/18, 57.04000236324086
2004/06/18, 56.174741321135656
2004/06/18, 61.033578983540366
2004/06/18, 59.43605517533783
2004/06/18, 58.90357175508156
2004/06/18, 58.37108833482529
2004/06/18, 57.83860491456902
2004/06/19, 60.36775406591882
2004/06/19, 59.83527064566255
2004/06/19, 57.30594988363403
2004/06/19, 56.640370124124956
2004/06/19, 56.10788670386869
2004/06/19, 55.57540328361242
2004/06/19, 55.04291986335615
2004/06/19, 54.51043644309989
2004/06/19, 54.111073877907685
2004/06/19, 59.03639842041068
2004/06/19, 58.50391500015441
2004/06/19, 57.97143157989814
2004/06/19, 57.30568020971033
2004/06/19, 56.773196789454076
2004/06/19, 56.240713369197806
2004/06/19, 55.708229948941536
2004/06/19, 55.17574652868528
2004/06/19, 54.64326310842901
2004/06/19, 54.11077968817274
2004/06/19, 53.57829626791647
2004/06/19, 53.0458128476602
2004/06/19, 52.57988985493597
2004/06/20, 58.237379100291335
2004/06/20, 57.704895680035065
2004/06/20, 52.18038019487631
2004/06/20, 57.03921785728099
2004/06/20, 56.50666088959099
2004/06/20, 55.974177469334734
2004/06/20, 55.441694049078464
2004/06/20, 54.909210628822194
2004/06/20, 54.376727208565924
2004/06/20, 53.84424378830967
2004/06/20, 53.3117603680534
2004/06/20, 52.77927694779713
2004/06/21, 52.24662191686214
2004/06/21, 51.58104215735305
2004/06/21, 51.0485587370968
2004/06/21, 56.2401249897279
2004/06/21, 55.77420199700367
2004/06/21, 55.17523169664912
2004/06/21, 54.64267472895911
2004/06/21, 54.11019130870284
2004/06/21, 53.57770788844657
2004/06/21, 53.0452244681903
2004/06/21, 52.51256943725532
2004/06/21, 51.84698967774624
2004/06/21, 51.31450625748997
2004/06/21, 50.7820228372337
2004/06/21, 50.51585467453931
2004/06/22, 54.24301797403196
2004/06/22, 53.71053455377569
2004/06/22, 53.17805113351943
2004/06/22, 50.11624695123464
2004/06/22, 49.517227619257596
2004/06/22, 52.512299763331626
2004/06/22, 51.979816343075356
2004/06/22, 51.447332922819086
2004/06/22, 50.91484950256283
2004/06/23, 50.38221898743909
2004/06/23, 49.84973556718282
2004/06/23, 49.45037300199061
2004/06/23, 52.51207912103041
2004/06/23, 51.97952215334041
2004/06/23, 51.44703873308414
2004/06/23, 50.914555312827886
2004/06/23, 50.3819002818929
2004/06/23, 49.71632052238381
2004/06/23, 49.18383710212754
2004/06/23, 48.91766893943314
2004/06/24, 51.71298625347734
2004/06/24, 51.18050283322107
2004/06/24, 50.64784780228608
2004/06/24, 49.98226804277698
2004/06/24, 49.44978462252071
2004/06/24, 48.98386162979648
2004/06/25, 57.30374346062192
2004/06/25, 56.638163701112845
2004/06/25, 56.105680280856575
2004/06/25, 55.573196860600305
2004/06/25, 55.040713440344035
2004/06/25, 54.50823002008778
2004/06/25, 53.97574659983151
2004/06/25, 53.44326317957524
2004/06/25, 52.91077975931897
2004/06/25, 52.378296339062715
2004/06/25, 51.845812918806445
2004/06/25, 51.313329498550175
2004/06/25, 50.64755361255112
2004/06/25, 49.981973853042035
2004/06/25, 49.449490432785765
2004/06/25, 48.983567440061535
2004/06/25, 61.297074922808974
2004/06/25, 60.63149516329989
2004/06/25, 59.16714124178391
2004/06/25, 58.76787673983671
2004/06/25, 57.83595720695449
2004/06/25, 57.30347378669822
2004/06/25, 56.770990366441964
2004/06/25, 56.238506946185694
2004/06/25, 55.706023525929425
2004/06/25, 55.17354010567317
2004/06/25, 54.6410566854169
2004/06/25, 54.10857326516063
2004/06/25, 53.57608984490436
2004/06/25, 53.04360642464809
2004/06/25, 52.511123004391834
2004/06/25, 51.978639584135564
2004/06/25, 51.446156163879294
2004/06/26, 59.965719277300835
2004/06/26, 58.36826901653204
2004/06/26, 50.91350113294432
2004/06/26, 50.24792137343523
2004/06/26, 49.71543795317896
2004/06/26, 49.44926979048455
2004/06/26, 61.82928866914155
2004/06/26, 61.29680524888528
2004/06/26, 60.76432182862901
2004/06/26, 59.16687156786021
2004/06/26, 57.56942130709142
2004/06/26, 57.03693788683515
2004/06/26, 56.50445446657888
2004/06/26, 55.97197104632262
2004/06/26, 55.43948762606635
2004/06/26, 54.90700420581008
2004/06/26, 54.37452078555381
2004/06/26, 53.84203736529756
2004/06/26, 53.30955394504129
2004/06/26, 52.77707052478502
2004/06/26, 52.24458710452875
2004/06/26, 51.71210368427249
2004/06/27, 62.8941084147866
2004/06/27, 62.361624994530345
2004/06/27, 60.23169131350528
2004/06/27, 59.69920789324901
2004/06/27, 58.63424105273647
2004/06/27, 58.101757632480215
2004/06/26, 51.31266757164654
2004/06/27, 61.82899447940659
2004/06/27, 61.29651105915032
2004/06/27, 60.76402763889405
2004/06/27, 59.166577378125254
2004/06/27, 57.56912711735646
2004/06/27, 57.10320412463223
2004/06/27, 56.50423382427766
2004/06/27, 55.97175040402141
2004/06/27, 55.43926698376514
2004/06/27, 54.90678356350887
2004/06/27, 54.3743001432526
2004/06/27, 53.84181672299634
2004/06/27, 53.30925975530633
2004/06/27, 52.77677633505006
2004/06/27, 52.24436646222753
2004/06/27, 51.71188304197128
2004/06/27, 62.89381422505164
2004/06/27, 62.36133080479539
2004/06/27, 60.23139712377032
2004/06/27, 59.69891370351405
2004/06/27, 58.63394686300151
2004/06/27, 58.101463442745256
2004/06/28, 61.828700289671644
2004/06/28, 61.296216869415375
2004/06/28, 60.763733449159105
2004/06/28, 59.16628318839031
2004/06/28, 57.63539335515354
2004/06/28, 62.760399180252634
2004/06/28, 62.227915759996364
2004/06/28, 60.23107841822413
2004/06/28, 59.56549865871504
2004/06/28, 58.63372622070031
2004/06/28, 58.101242800444055
2004/06/29, 61.56213987399731
2004/06/29, 60.89656011448824
2004/06/29, 62.36071790951425
2004/06/29, 60.230784228489185
2004/06/29, 59.69839887147789
2004/06/29, 59.299036306285686
2004/06/29, 66.62046269250816
2004/06/29, 66.08797927225189
2004/06/29, 65.55549585199562
2004/06/29, 65.02301243173935
2004/06/29, 64.55708943901512
2004/06/29, 63.159295945031175
2004/06/29, 61.561845684262366
2004/06/29, 60.896265924753294
2004/06/30, 70.34769953943454
2004/06/30, 69.81521611917827
2004/06/30, 69.282732698922
2004/06/30, 68.75024927866575
2004/06/30, 68.21776585840948
2004/06/30, 67.68528243815321
2004/06/30, 67.15279901789694
2004/06/30, 63.95789849635935
2004/06/30, 62.36044823559055
2004/06/30, 60.23051455456549
2004/06/30, 66.62014398696196
2004/06/30, 65.95456422745286
2004/06/30, 65.4220808071966
2004/06/30, 64.88959738694032
2004/06/30, 64.35711396668405
2004/06/30, 63.42524346542436
2004/06/30, 62.75966370591526
2004/06/30, 61.82779320465556
2004/06/30, 61.16221344514646
2004/06/30, 60.69629045242223
2004/07/01, 80.19832410862927
2004/07/01, 79.53274434912018
2004/07/01, 79.00026092886391
2004/07/01, 78.46777750860764
2004/07/01, 77.93529408835138
2004/07/01, 77.40281066809511
2004/07/01, 76.87032724783884
2004/07/01, 76.33784382758257
2004/07/01, 75.80536040732632
2004/07/01, 75.27287698707005
2004/07/01, 74.74039356681378
2004/07/01, 74.20791014655751
2004/07/01, 73.67542672630125
2004/07/01, 73.14294330604498
2004/07/01, 72.61045988578871
2004/07/01, 72.07797646553244
2004/07/01, 71.54549304527619
2004/07/01, 71.01300962501992
2004/07/01, 70.48052620476365
2004/07/01, 69.94804278450738
2004/07/01, 69.41555936425112
2004/07/01, 68.88307594399485
2004/07/01, 68.35059252373858
2004/07/01, 67.81810910348231
2004/07/01, 67.28562568322606
2004/07/01, 66.619849797227
2004/07/01, 65.95427003771792
2004/07/01, 65.42178661746165
2004/07/01, 64.88930319720538
2004/07/01, 64.35681977694911
2004/07/01, 63.824336356692854
2004/07/01, 63.291852936436584
2004/07/01, 62.759369516180314
2004/07/01, 62.226886095924044
2004/07/01, 61.69440267566779
2004/07/01, 61.16191925541152
2004/07/01, 60.762630237653056
2004/07/01, 80.73053785496184
2004/07/01, 80.19805443470557
2004/07/01, 79.6655710144493
2004/07/01, 79.13308759419303
2004/07/01, 78.60060417393676
2004/07/01, 78.0681207536805
2004/07/01, 77.53563733342423
2004/07/01, 77.00315391316796
2004/07/01, 76.47067049291171
2004/07/01, 75.93818707265544
2004/07/01, 75.40570365239917
2004/07/01, 74.8732202321429
2004/07/01, 74.34073681188663
2004/07/01, 73.80825339163037
2004/07/01, 73.2757699713741
2004/07/01, 72.74328655111783
2004/07/01, 72.21080313086158
2004/07/01, 71.67831971060531
2004/07/01, 71.14583629034904
2004/07/01, 70.61335287009277
2004/07/01, 70.0808694498365
2004/07/01, 69.54838602958024
2004/07/01, 69.01590260932397
2004/07/01, 68.4834191890677
2004/07/01, 67.95093576881145
2004/07/01, 67.41845234855518
2004/07/02, 82.86029992530817
2004/07/02, 82.1947201657991
2004/07/02, 81.66223674554283
2004/07/02, 81.12975332528656
2004/07/02, 66.88579731762019
2004/07/02, 66.2202175581111
2004/07/02, 65.68773413785483
2004/07/02, 65.15525071759858
2004/07/02, 64.6227672973423
2004/07/02, 64.09028387708604
2004/07/02, 63.55780045682977
2004/07/02, 63.02531703657351
2004/07/02, 62.49283361631724
2004/07/02, 62.093544598558765
2004/07/02, 80.4639774392875
2004/07/02, 79.79839767977842
2004/07/02, 79.26591425952215
2004/07/02, 78.73343083926589
2004/07/02, 78.20094741900962
2004/07/02, 77.66846399875335
2004/07/02, 77.13598057849708
2004/07/02, 76.60349715824083
2004/07/02, 76.07101373798456
2004/07/02, 75.53853031772829
2004/07/02, 75.00604689747202
2004/07/02, 74.47356347721576
2004/07/02, 73.94108005695949
2004/07/02, 73.40859663670322
2004/07/02, 72.87611321644695
2004/07/02, 72.3436297961907
2004/07/02, 71.81114637593443
2004/07/02, 71.27866295567816
2004/07/02, 70.74617953542189
2004/07/02, 70.21369611516563
2004/07/02, 69.81440709740716
2004/07/02, 69.28192367715089
2004/07/02, 68.74944025689463
2004/07/02, 68.21695683663836
2004/07/02, 67.68447341638209
2004/07/03, 83.3924891558295
2004/07/03, 82.72690939632041
2004/07/03, 82.19442597606415
2004/07/03, 81.66194255580788
2004/07/03, 81.12945913555161
2004/07/03, 80.46370776536381
2004/07/03, 79.93122434510754
2004/07/03, 79.39874092485128
2004/07/03, 78.86625750459501
2004/07/03, 78.33377408433874
2004/07/03, 77.80129066408247
2004/07/03, 77.26880724382622
2004/07/03, 76.73632382356995
2004/07/03, 76.20384040331368
2004/07/03, 75.67143053049114
2004/07/03, 75.13894711023488
2004/07/03, 74.60646368997861
2004/07/03, 74.07398026972234
2004/07/03, 73.54149684946607
2004/07/03, 73.00901342920982
2004/07/03, 72.47653000895355
2004/07/03, 71.94404658869728
2004/07/03, 71.411563168441
2004/07/03, 70.87907974818475
2004/07/03, 70.34659632792848
2004/07/03, 82.99285691671359
2004/07/03, 82.46037349645732
2004/07/03, 81.92789007620105
2004/07/03, 81.39540665594478
2004/07/03, 80.86292323568853
2004/07/04, 80.19717186550072
2004/07/04, 79.66468844524445
2004/07/04, 79.13220502498818
2004/07/04, 78.59972160473191
2004/07/04, 78.06723818447566
2004/07/04, 77.53475476421939
2004/07/04, 77.00227134396312
2004/07/04, 76.60290877877092
2004/07/04, 82.85951541934831
2004/07/04, 82.32703199909206
2004/07/04, 81.79454857883579
2004/07/04, 81.12887075608171
2004/07/04, 80.59638733582544
2004/07/05, 120.8652988978381
2004/07/05, 79.93063596563763
2004/07/05, 79.39815254538138
2004/07/05, 78.86566912512511
2004/07/05, 78.33318570486884
2004/07/05, 77.80070228461257
2004/07/05, 77.26821886435631
2004/07/05, 76.73573544410004
2004/07/05, 76.26981245137581
2004/07/05, 80.99552925871643
2004/07/05, 80.46304583846016
2004/07/05, 120.9315651356352
2004/07/05, 78.46601237019796
2004/07/05, 77.9335289499417
2004/07/05, 77.40104552968543
2004/07/05, 76.86856210942916
2004/07/05, 76.3360786891729
2004/07/05, 76.0699105264785
2004/07/06, 120.93127094590025
2004/07/06, 78.06642916270455
2004/07/06, 77.53394574244828
2004/07/06, 77.00138877475828
2004/07/06, 76.46890535450203
2004/07/06, 76.00298236177778
2004/07/07, 75.47035184665404
2004/07/07, 120.9309767561653
2004/07/07, 77.00109458502332
2004/07/07, 76.46861116476707
2004/07/07, 75.9361277445108
2004/07/07, 75.40349722938706
2004/07/07, 74.93757423666283
2004/07/08, 120.93068256643035
2004/07/08, 76.86767954022432
2004/07/08, 76.33519611996805
2004/07/08, 75.80271269971179
2004/07/08, 75.13693681371274
2004/07/08, 74.73767231176551
2004/07/09, 120.9303883766954
2004/07/09, 76.3349019302331
2004/07/09, 75.80241850997685
2004/07/09, 74.33806458846085
2004/07/09, 73.67248482895178
2004/07/09, 75.13666713978904
2004/07/09, 120.93009418696045
2004/07/09, 76.20156043286782
2004/07/09, 75.66900346517781
2004/07/09, 74.60403662466528
2004/07/09, 74.07155320440901
2004/07/09, 73.53906978415274
2004/07/09, 73.07314679142851
2004/07/10, 75.13637295005408
2004/07/10, 72.47395584877275
2004/07/10, 72.07459328358054
2004/07/10, 120.9297999972255
2004/07/10, 75.66878282287661
2004/07/10, 74.60374243493034
2004/07/10, 74.07125901467407
2004/07/10, 73.5387755944178
2004/07/10, 73.00629217416154
2004/07/11, 75.00295790525506
2004/07/11, 72.47363714322655
2004/07/11, 71.80805738371747
2004/07/11, 71.2755739634612
2004/07/11, 70.876211398269
2004/07/11, 120.92950580749056
2004/07/11, 74.20408568000319
2004/07/11, 73.67160225974693
2004/07/11, 73.13911883949066
2004/07/11, 72.47334295349161
2004/07/11, 71.80776319398252
2004/07/11, 71.27527977372625
2004/07/11, 70.74279635346998
2004/07/11, 70.34343378827779
2004/07/12, 120.86265119022357
2004/07/12, 73.67130807001199
2004/07/12, 73.13882464975572
2004/07/12, 72.47307327956791
2004/07/12, 71.94058985931164
2004/07/12, 71.40810643905537
2004/07/12, 70.87562301879912
2004/07/12, 70.34313959854285
2004/07/12, 69.87721660581862
2004/07/13, 72.20661092713857
2004/07/13, 71.5409331043845
2004/07/13, 71.00844968412822
2004/07/13, 70.47596626387195
2004/07/13, 69.94348284361568
2004/07/13, 69.41099942335943
2004/07/14, 71.00815549439328
2004/07/14, 70.47567207413701
2004/07/14, 69.94318865388074
2004/07/14, 69.41070523362448
2004/07/14, 68.87822181336821
2004/07/14, 68.34573839311194
2004/07/14, 68.07957023041756
2004/07/15, 70.342257029338
2004/07/15, 69.80977360908173
2004/07/15, 69.27729018882546
2004/07/15, 68.7448067685692
2004/07/15, 68.21232334831294
2004/07/15, 67.67983992805667
2004/07/15, 67.1473565078004
2004/07/15, 66.7479939426082
2004/07/15, 69.94260027441085
2004/07/15, 69.4101168541546
2004/07/15, 68.87763343389832
2004/07/15, 68.34515001364205
2004/07/15, 67.81266659338579
2004/07/15, 67.28018317312953
2004/07/15, 66.74769975287326
2004/07/15, 66.21521633261699
2004/07/15, 65.68273291236072
2004/07/15, 65.15024949210446
2004/07/15, 64.88408132941005
2004/07/16, 69.54301706691744
2004/07/16, 69.01053364666117
2004/07/16, 68.47797667897116
2004/07/16, 67.9454932587149
2004/07/16, 67.41300983845863
2004/07/16, 66.88052641820236
2004/07/16, 66.3480429979461
2004/07/16, 65.81555957768983
2004/07/16, 65.28307615743357
2004/07/16, 64.7505927371773
2004/07/17, 64.21793770624231
2004/07/17, 63.552357946733224
2004/07/17, 68.21151432654183
2004/07/17, 67.54583650378775
2004/07/17, 67.01335308353148
2004/07/17, 66.48086966327521
2004/07/17, 65.94838624301896
2004/07/17, 65.41590282276269
2004/07/17, 64.88341940250642
2004/07/17, 64.21764351650737
2004/07/17, 63.55206375699828
2004/07/17, 63.019580336742024
2004/07/17, 62.487096916485754
2004/07/18, 67.01305889379654
2004/07/18, 66.48057547354027
2004/07/18, 65.94809205328401
2004/07/18, 65.41560863302774
2004/07/18, 64.88312521277147
2004/07/18, 64.21734932677242
2004/07/18, 63.551769567263335
2004/07/18, 63.01928614700708
2004/07/18, 62.48680272675081
2004/07/18, 61.95431930649454
2004/07/19, 65.01595187810058
2004/07/19, 61.28856793630672
2004/07/19, 60.75608451605045
2004/07/19, 60.29016152332622
2004/07/19, 64.61644221804092
2004/07/19, 63.95083794272058
2004/07/19, 63.41835452246431
2004/07/19, 62.88587110220804
2004/07/19, 62.35338768195179
2004/07/19, 61.82090426169552
2004/07/19, 61.28824923076053
2004/07/19, 60.62266947125144
2004/07/19, 60.09018605099517
2004/07/19, 59.82401788830079
2004/07/19, 59.15831554973546
2004/07/20, 63.55118118779343
2004/07/20, 63.018697767537176
2004/07/20, 62.48621434728091
2004/07/20, 61.95373092702464
2004/07/20, 61.28795504102558
2004/07/20, 60.6223752815165
2004/07/20, 60.08989186126023
2004/07/20, 59.55740844100397
2004/07/20, 59.0249250207477
2004/07/20, 58.75875685805332
2004/07/21, 62.48592015754596
2004/07/21, 61.95343673728969
2004/07/21, 58.35914913474865
2004/07/21, 61.287685367101886
2004/07/21, 60.75520194684562
2004/07/21, 60.22271852658936
2004/07/21, 59.69023510633309
2004/07/21, 59.15775168607682
2004/07/21, 58.62509665514183
2004/07/21, 57.959516895632746
2004/07/21, 57.69334873293835
2004/07/22, 60.355545191918466
2004/07/22, 59.823061771662196
2004/07/22, 59.29057835140593
2004/07/22, 57.29374100963369
2004/07/22, 56.76128210518867
2004/07/22, 58.62482698121812
2004/07/22, 58.092343560961865
2004/07/23, 59.024042451542854
2004/07/23, 57.559688530026875
2004/07/23, 56.89410877051779
2004/07/23, 56.36162535026152
2004/07/23, 55.82914193000525
2004/07/23, 55.42977936481306
2004/07/23, 58.35829108135505
2004/07/23, 58.890700954177575
2004/07/23, 57.825660566231306
2004/07/23, 57.29317714597504
2004/07/23, 56.76069372571878
2004/07/23, 56.22821030546251
2004/07/23, 55.69572688520624
2004/07/23, 55.163243464949986
2004/07/24, 58.22487603655604
2004/07/24, 54.630588434014996
2004/07/24, 54.098129529569974
2004/07/24, 57.55919821380196
2004/07/24, 57.026641246111964
2004/07/24, 56.494157825855694
2004/07/24, 55.96167440559944
2004/07/24, 55.42919098534317
2004/07/25, 54.89653595440818
2004/07/25, 54.23095619489909
2004/07/25, 53.69847277464282
2004/07/25, 53.16598935438657
2004/07/25, 52.76662678919436
2004/07/25, 56.76017889368262
2004/07/25, 56.22762192599261
2004/07/25, 55.69513850573634
2004/07/25, 55.16250799061261
2004/07/25, 54.63002457035634
2004/07/25, 54.09754115010007
2004/07/25, 53.5650577298438
2004/07/25, 53.03257430958753
2004/07/25, 52.500090889331275
2004/07/26, 55.694844316001394
2004/07/26, 51.96746037420753
2004/07/26, 51.56809780901533
2004/07/26, 55.162213800877666
2004/07/26, 54.629730380621396
2004/07/26, 54.097246960365126
2004/07/26, 53.564763540108856
2004/07/26, 53.03228011985259
2004/07/26, 52.49979669959633
2004/07/27, 55.69455012626645
2004/07/27, 51.96716618447259
2004/07/27, 51.50124319174836
2004/07/27, 55.161895095331474
2004/07/27, 54.49631533582239
2004/07/27, 53.96383191556612
2004/07/27, 53.43134849530985
2004/07/27, 52.89886507505358
2004/07/27, 52.36638165479732
2004/07/27, 66.61014153597372
2004/07/27, 65.94456177646464
2004/07/27, 65.41207835620837
2004/07/27, 64.8795949359521
2004/07/27, 64.6134267732577
2004/07/27, 63.14902382011924
2004/07/27, 62.61654039986297
2004/07/27, 61.285307333411055
2004/07/27, 60.61972757390197
2004/07/27, 56.492956551104655
2004/07/27, 55.82737679159557
2004/07/27, 51.70060576879827
2004/07/27, 51.03502600928918
2004/07/28, 71.66861144935201
2004/07/28, 71.13612802909574
2004/07/28, 70.60364460883947
2004/07/28, 70.0711611885832
2004/07/28, 69.53867776832695
2004/07/28, 69.00619434807068
2004/07/28, 68.47371092781441
2004/07/28, 67.94122750755815
2004/07/28, 67.40874408730188
2004/07/28, 64.21384356576428
2004/07/28, 63.68136014550802
2004/07/28, 62.083909884739214
2004/07/28, 59.95397620371415
2004/07/28, 59.42149278345789
2004/07/28, 58.88900936320162
2004/07/28, 58.35652594294535
2004/07/28, 57.82404252268908
2004/07/28, 57.291559102432814
2004/07/28, 55.16162542140776
2004/07/28, 54.62914200115149
2004/07/28, 54.09665858089522
2004/07/28, 53.56417516063895
2004/07/28, 53.03169174038268
2004/07/28, 52.49920832012643
2004/07/28, 66.87611357217814
2004/07/28, 66.34363015192187
2004/07/28, 65.8111467316656
2004/07/28, 65.27866331140935
2004/07/28, 64.74617989115308
2004/07/28, 63.14872963038428
2004/07/28, 62.61624621012801
2004/07/28, 61.55127936961547
2004/07/28, 61.018795949359216
2004/07/28, 60.486312529102946
2004/07/28, 56.758928587309086
2004/07/28, 56.226445167052816
2004/07/28, 55.693961746796546
2004/07/28, 51.966577805002686
2004/07/28, 51.434094384746416
2004/07/28, 51.03480536698797
2004/07/29, 88.17530328756132
2004/07/29, 87.64281986730505
2004/07/29, 87.11033644704878
2004/07/29, 86.57785302679252
2004/07/29, 86.04536960653625
2004/07/29, 85.51288618627999
2004/07/29, 84.98040276602373
2004/07/29, 84.44791934576746
2004/07/29, 83.91543592551119
2004/07/29, 83.38295250525492
2004/07/29, 82.85046908499865
2004/07/29, 82.3179856647424
2004/07/29, 81.78550224448612
2004/07/29, 81.25301882422985
2004/07/29, 80.7205354039736
2004/07/29, 80.18805198371733
2004/07/29, 79.65556856346106
2004/07/29, 79.12308514320479
2004/07/29, 78.59060172294852
2004/07/29, 78.05811830269226
2004/07/29, 77.525634882436
2004/07/29, 76.99315146217972
2004/07/29, 76.46066804192347
2004/07/29, 75.9281846216672
2004/07/29, 75.39570120141093
2004/07/29, 74.86321778115466
2004/07/29, 74.33073436089839
2004/07/29, 73.79825094064213
2004/07/29, 73.26576752038586
2004/07/29, 72.7332841001296
2004/07/29, 72.20080067987334
2004/07/29, 71.66831725961707
2004/07/29, 71.1358338393608
2004/07/29, 70.60335041910453
2004/07/29, 70.07086699884826
2004/07/29, 69.538383578592
2004/07/29, 69.00590015833573
2004/07/29, 68.47341673807946
2004/07/29, 67.94093331782321
2004/07/29, 67.40844989756694
2004/07/29, 64.21354937602933
2004/07/29, 63.68106595577308
2004/07/29, 62.08361569500427
2004/07/29, 59.953682013979204
2004/07/29, 59.42119859372295
2004/07/29, 58.88871517346668
2004/07/29, 58.35623175321041
2004/07/29, 57.82374833295414
2004/07/29, 57.29126491269787
2004/07/29, 55.16133123167282
2004/07/29, 54.62884781141655
2004/07/29, 54.09636439116028
2004/07/29, 53.56388097090401
2004/07/29, 53.03139755064774
2004/07/29, 52.49891413039148
2004/07/29, 66.87579486663195
2004/07/29, 66.21021510712286
2004/07/29, 65.6777316868666
2004/07/29, 65.14524826661034
2004/07/29, 64.61276484635407
2004/07/29, 63.14841092483809
2004/07/29, 62.482831165329
2004/07/29, 61.55096066406928
2004/07/29, 60.88538090456021
2004/07/29, 60.35289748430394
2004/07/29, 56.758609881762894
2004/07/29, 56.09303012225381
2004/07/29, 55.56054670199754
2004/07/29, 51.966357162701485
2004/07/29, 51.56699459750928
2004/07/29, 94.29856843077343
2004/07/29, 92.16863474974838
2004/07/29, 89.50621764846704
2004/07/29, 88.4412508079545
2004/07/29, 87.90876738769825
2004/07/29, 87.37628396744198
2004/07/29, 86.84380054718571
2004/07/29, 86.31131712692944
2004/07/29, 85.77883370667318
2004/07/29, 85.24635028641691
2004/07/29, 84.71386686616064
2004/07/29, 84.18138344590437
2004/07/29, 83.64890002564812
2004/07/29, 83.11641660539185
2004/07/29, 82.58393318513558
2004/07/29, 82.05144976487931
2004/07/29, 81.51896634462305
2004/07/29, 80.98648292436678
2004/07/29, 80.45399950411051
2004/07/29, 79.92151608385424
2004/07/29, 79.38903266359799
2004/07/29, 78.85654924334172
2004/07/29, 78.32406582308545
2004/07/29, 77.79158240282918
2004/07/29, 77.25909898257292
2004/07/29, 76.72661556231665
2004/07/29, 76.19413214206038
2004/07/29, 75.66164872180411
2004/07/29, 75.12916530154786
2004/07/29, 74.59668188129159
2004/07/29, 74.06419846103532
2004/07/29, 73.53171504077905
2004/07/29, 72.99923162052279
2004/07/29, 72.46674820026652
2004/07/29, 71.93426478001025
2004/07/29, 71.40178135975398
2004/07/29, 70.86929793949773
2004/07/29, 70.33681451924146
2004/07/29, 69.80433109898519
2004/07/29, 69.27184767872892
2004/07/29, 68.73936425847266
2004/07/29, 68.20688083821639
2004/07/29, 67.67439741796012
2004/07/29, 63.94701347616626
2004/07/29, 59.68714611411613
2004/07/29, 59.15466269385986
2004/07/29, 58.62217927360359
2004/07/29, 58.08969585334734
2004/07/29, 57.55721243309107
2004/07/29, 55.02798973430754
2004/07/29, 53.29741861847468
2004/07/29, 52.76493519821841
2004/07/30, 94.83088024035098
2004/07/30, 93.76591339983845
2004/07/30, 93.10033364032937
2004/07/30, 92.5678502200731
2004/07/30, 91.63597971881339
2004/07/30, 90.9703999593043
2004/07/30, 90.43791653904803
2004/07/30, 89.90543311879176
2004/07/30, 88.97356261753205
2004/07/30, 67.14174238702513
2004/07/30, 66.47616262751605
2004/07/30, 65.94367920725979
2004/07/30, 65.41119578700352
2004/07/30, 64.87871236674725
2004/07/30, 64.34622894649098
2004/07/30, 63.41435844523127
2004/07/30, 62.748778685722186
2004/07/30, 62.21629526546592
2004/07/30, 61.68381184520966
2004/07/30, 61.15132842495339
2004/07/30, 60.61884500469712
2004/07/30, 60.08636158444085
2004/07/30, 57.02455740215608
2004/07/30, 56.35897764264699
2004/07/30, 55.82649422239072
2004/07/30, 55.42720520463226
2004/07/30, 88.17469039228018
2004/07/30, 87.5091106327711
2004/07/30, 86.97662721251483
2004/07/30, 86.44414379225857
2004/07/30, 85.9116603720023
2004/07/30, 85.37917695174603
2004/07/30, 84.84669353148976
2004/07/30, 84.3142101112335
2004/07/30, 83.78172669097724
2004/07/30, 83.24924327072097
2004/07/30, 82.7167598504647
2004/07/30, 82.18427643020844
2004/07/30, 81.65179300995217
2004/07/30, 81.1193095896959
2004/07/30, 80.58682616943963
2004/07/30, 80.05434274918338
2004/07/30, 79.5218593289271
2004/07/30, 78.98937590867084
2004/07/30, 78.45689248841457
2004/07/30, 77.92440906815831
2004/07/30, 77.39192564790204
2004/07/30, 76.85944222764577
2004/07/30, 76.3269588073895
2004/07/30, 75.79447538713325
2004/07/30, 75.26199196687698
2004/07/30, 74.7295085466207
2004/07/30, 74.19702512636444
2004/07/30, 73.66454170610818
2004/07/30, 73.13205828585191
2004/07/30, 72.59957486559564
2004/07/30, 72.06709144533937
2004/07/30, 71.53460802508312
2004/07/30, 71.13531900732464
2004/07/30, 70.60283558706837
2004/07/30, 70.0703521668121
2004/07/30, 69.53786874655584
2004/07/30, 69.00538532629957
2004/07/30, 68.4729019060433
2004/07/30, 67.94041848578705
2004/07/30, 59.42068376168679
2004/07/30, 58.88820034143052
2004/07/30, 58.35571692117425
2004/07/30, 57.82323350091798
2004/07/31, 98.02548657215362
2004/07/31, 97.35990681264454
2004/07/31, 96.82742339238828
2004/07/31, 96.29493997213201
2004/07/31, 95.76245655187574
2004/07/31, 95.22997313161949
2004/07/31, 94.6974897113632
2004/07/31, 94.16500629110695
2004/07/31, 93.63252287085068
2004/07/31, 93.10003945059441
2004/07/31, 92.56755603033815
2004/07/31, 92.03507261008188
2004/07/31, 91.50258918982561
2004/07/31, 90.97010576956936
2004/07/31, 90.43762234931307
2004/07/31, 89.90513892905682
2004/07/31, 89.37265550880055
2004/07/31, 88.84017208854428
2004/07/31, 88.17439620254524
2004/07/31, 87.64201084553395
2004/07/31, 87.10952742527768
2004/07/31, 86.57704400502142
2004/07/31, 86.04456058476515
2004/07/31, 85.51207716450888
2004/07/31, 84.97959374425263
2004/07/31, 84.44711032399636
2004/07/31, 83.91462690374009
2004/07/31, 83.38214348348382
2004/07/31, 82.84966006322755
2004/07/31, 82.31717664297129
2004/07/31, 81.78469322271502
2004/07/31, 81.25220980245875
2004/07/31, 80.7197263822025
2004/07/31, 80.18724296194623
2004/07/31, 79.65475954168996
2004/07/31, 79.12227612143369
2004/07/31, 78.58979270117742
2004/07/31, 78.05730928092116
2004/07/31, 77.52482586066489
2004/07/31, 76.99234244040862
2004/07/31, 76.45985902015236
2004/07/31, 75.9273755998961
2004/07/31, 75.39489217963983
2004/07/31, 74.86240875938356
2004/07/31, 74.32992533912729
2004/07/31, 73.79744191887103
2004/07/31, 73.26495849861476
2004/07/31, 72.73247507835849
2004/07/31, 72.19999165810223
2004/07/31, 71.66750823784596
2004/07/31, 71.26814567265376
2004/07/31, 99.35640093305935
2004/07/31, 98.5577003184862
2004/07/31, 98.02521689822993
2004/07/31, 97.49273347797367
2004/07/31, 96.9602500577174
2004/07/31, 96.42776663746113
2004/07/31, 95.89528321720488
2004/07/31, 95.3627997969486
2004/07/31, 94.83031637669234
2004/07/31, 94.29783295643607
2004/07/31, 93.7653495361798
2004/07/31, 93.23286611592354
2004/07/31, 92.70038269566727
2004/07/31, 92.167899275411
2004/07/31, 91.63541585515475
2004/07/31, 91.10293243489846
2004/07/31, 90.57044901464221
2004/07/31, 90.03796559438594
2004/07/31, 89.50548217412967
2004/07/31, 88.97299875387341
2004/08/01, 88.44036823874967
2004/08/01, 88.04100567355746
2004/08/01, 99.62237296926378
2004/08/01, 99.08988954900752
2004/08/01, 98.55740612875124
2004/08/01, 98.02492270849498
2004/08/01, 97.49243928823871
2004/08/01, 96.95995586798244
2004/08/01, 96.42747244772619
2004/08/01, 95.89498902746992
2004/08/01, 95.36250560721365
2004/08/01, 94.8300221869574
2004/08/01, 94.36409919423315
2004/08/01, 93.7651288938786
2004/08/01, 93.23264547362231
2004/08/01, 92.70016205336606
2004/08/01, 92.16767863310979
2004/08/01, 91.63519521285352
2004/08/01, 91.10271179259726
2004/08/01, 90.57022837234099
2004/08/01, 90.03774495208472
2004/08/01, 89.50526153182847
2004/08/01, 88.97277811157218
2004/08/02, 100.15470929465258
2004/08/02, 99.62205426371759
2004/08/02, 98.9564745042085
2004/08/02, 98.42399108395225
2004/08/02, 97.89150766369596
2004/08/02, 97.3590242434397
2004/08/02, 96.82654082318344
2004/08/02, 96.29405740292717
2004/08/02, 95.76157398267091
2004/08/02, 95.22909056241464
2004/08/02, 94.69660714215837
2004/08/02, 94.23053705456667
2004/08/03, 99.62178458979389
2004/08/03, 99.08930116953762
2004/08/03, 98.55681774928135
2004/08/03, 98.0243343290251
2004/08/03, 97.49185090876881
2004/08/03, 96.95936748851256
2004/08/03, 96.42688406825629
2004/08/03, 95.89440064800002
2004/08/03, 95.36191722774376
2004/08/03, 94.82943380748749
2004/08/03, 93.76446696697496
2004/08/03, 93.36510440178276
2004/08/03, 94.2967787765525
2004/08/03, 98.29028184941828
2004/08/03, 97.75779842916201
2004/08/03, 97.22531500890574
2004/08/03, 96.69283158864948
2004/08/03, 96.1603481683932
2004/08/03, 95.62786474813694
2004/08/03, 95.09538132788069
2004/08/03, 93.49793106711188
2004/08/03, 92.96544764685561
2004/08/03, 92.43296422659935
2004/08/04, 94.5627262969457
2004/08/04, 93.8971465374366
2004/08/04, 91.98905643237373
2004/08/04, 98.156940352053
2004/08/04, 96.29317483372233
2004/08/04, 95.76069141346605
2004/08/04, 95.2282079932098
2004/08/04, 93.23137065143754
2004/08/04, 92.56579089192846
2004/08/05, 94.56245662302199
2004/08/05, 94.02997320276572
2004/08/05, 91.90003952174065
2004/08/05, 91.43411652901642
2004/08/05, 96.15983333635705
2004/08/05, 95.62734991610078
2004/08/05, 95.09486649584451
2004/08/05, 93.49731817183073
2004/08/05, 92.83173841232164
2004/08/05, 92.29925499206539
2004/08/05, 91.63350362187757
2004/08/05, 91.10102020162131
2004/08/05, 90.56853678136504
2004/08/05, 90.10261378864081
2004/08/06, 93.7633637554689
2004/08/06, 93.23088033521263
2004/08/06, 92.56520251245857
2004/08/06, 92.0327190922023
2004/08/06, 91.36694320620325
2004/08/06, 90.70136344669416
2004/08/06, 90.1688800264379
2004/08/06, 89.63639660618162
2004/08/06, 89.37022844348724
2004/08/07, 92.16554575753142
2004/08/07, 88.97064523599381
2004/08/07, 88.43816181573754
2004/08/07, 88.03879925054535
2004/08/07, 91.63289072659643
2004/08/07, 90.96731096708734
2004/08/07, 90.43482754683107
2004/08/07, 89.9023441265748
2004/08/07, 89.36986070631855
2004/08/08, 88.7040848203195
2004/08/07, 88.03850506081041
2004/08/07, 87.50602164055414
2004/08/07, 86.97353822029787
2004/08/07, 86.44105480004161
2004/08/07, 86.0416922348494
2004/08/08, 91.63269460010648
2004/08/08, 91.10021117985019
2004/08/08, 90.56765421216019
2004/08/08, 90.03517079190394
2004/08/08, 89.50268737164767
2004/08/08, 88.97003234071268
2004/08/08, 88.30445258120358
2004/08/08, 87.77196916094732
2004/08/08, 87.23948574069107
2004/08/08, 86.7070023204348
2004/08/08, 86.17451890017853
2004/08/08, 85.64203547992226
2004/08/09, 90.16799745723304
2004/08/09, 89.63551403697679
2004/08/09, 84.97625959392322
2004/08/09, 84.31067983441413
2004/08/09, 83.77819641415786
2004/08/09, 83.37883384896566
2004/08/09, 88.96983621422271
2004/08/09, 88.43727924653271
2004/08/09, 87.90479582627644
2004/08/09, 87.37231240602017
2004/08/09, 86.8398289857639
2004/08/09, 86.30734556550763
2004/08/09, 85.77486214525138
2004/08/10, 85.24220711431639
2004/08/09, 84.5766273548073
2004/08/09, 84.04414393455103
2004/08/09, 83.51166051429476
2004/08/09, 82.9791770940385
2004/08/09, 82.44669367378224
2004/08/09, 81.91421025352597
2004/08/09, 81.51484768833377
2004/08/10, 88.17081689410337
2004/08/10, 87.6383334738471
2004/08/10, 87.10585005359083
2004/08/10, 86.57329308590083
2004/08/10, 86.04080966564456
2004/08/10, 85.50815463470957
2004/08/10, 84.84257487520048
2004/08/10, 84.31009145494423
2004/08/10, 83.77760803468796
2004/08/10, 83.24512461443169
2004/08/10, 82.71264119417542
2004/08/10, 82.18015777391916
2004/08/10, 81.6476743536629
2004/08/10, 81.11519093340662
2004/08/11, 86.17363633097368
2004/08/11, 80.44941504740757
2004/08/11, 79.78383528789848
2004/08/11, 79.25135186764221
2004/08/11, 78.78542887491798
2004/08/11, 85.5079585082196
2004/08/11, 84.97547508796335
2004/08/11, 84.44299166770708
2004/08/11, 83.77731384495301
2004/08/11, 83.24483042469674
2004/08/11, 82.71234700444047
2004/08/11, 82.17986358418422
2004/08/11, 81.64738016392795
2004/08/11, 81.11489674367168
2004/08/11, 80.44914537348387
2004/08/11, 79.9166619532276
2004/08/11, 79.38417853297135
2004/08/11, 78.85169511271508
2004/08/11, 78.31921169245881
2004/08/11, 77.78672827220254
2004/08/11, 77.25424485194628
2004/08/11, 76.78832185922204
2004/08/12, 83.64397234758773
2004/08/12, 83.11148892733146
2004/08/12, 82.57893195964147
2004/08/12, 82.0464485393852
2004/08/12, 81.51396511912894
2004/08/12, 80.98148169887267
2004/08/12, 80.44882666793768
2004/08/12, 79.78324690842858
2004/08/12, 79.25076348817231
2004/08/12, 78.71828006791606
2004/08/12, 78.18579664765979
2004/08/12, 77.65331322740352
2004/08/12, 77.12082980714725
2004/08/12, 76.58834638689099
2004/08/12, 76.05586296663472
2004/08/12, 75.78969480394034
2004/08/13, 81.64679178445805
2004/08/13, 81.11430836420178
2004/08/13, 75.39008708063567
2004/08/13, 74.79106774865862
2004/08/13, 80.44863054144771
2004/08/13, 79.91614712119144
2004/08/13, 79.25046929843737
2004/08/13, 78.71798587818111
2004/08/13, 78.18550245792484
2004/08/13, 77.65301903766857
2004/08/13, 77.1205356174123
2004/08/13, 76.58805219715605
2004/08/13, 76.05556877689978
2004/08/14, 75.38979289090072
2004/08/13, 74.72421313139164
2004/08/13, 74.19172971113537
2004/08/13, 73.65924629087911
2004/08/13, 73.12676287062284
2004/08/13, 72.59427945036657
2004/08/13, 72.19491688517438
2004/08/14, 78.85088609094396
2004/08/14, 78.31840267068769
2004/08/14, 77.78591925043142
2004/08/14, 77.25336228274143
2004/08/14, 76.72087886248516
2004/08/14, 76.1883954422289
2004/08/14, 75.6557404112939
2004/08/14, 74.99016065178482
2004/08/14, 74.45767723152856
2004/08/14, 73.9251938112723
2004/08/14, 73.39271039101602
2004/08/14, 72.86022697075975
2004/08/14, 72.3277435505035
2004/08/14, 71.79526013024723
2004/08/15, 76.85370552781428
2004/08/15, 76.32122210755801
2004/08/15, 71.12948424424818
2004/08/15, 70.46390448473909
2004/08/15, 70.06454191954688
2004/08/15, 75.65554428480394
2004/08/15, 75.12298731711395
2004/08/15, 74.59050389685768
2004/08/15, 74.05802047660141
2004/08/15, 73.52553705634514
2004/08/15, 72.99305363608889
2004/08/15, 72.46057021583262
2004/08/15, 71.92808679557635
2004/08/16, 71.39543176464136
2004/08/15, 70.72985200513226
2004/08/15, 70.197368584876
2004/08/15, 69.66488516461973
2004/08/15, 69.13240174436346
2004/08/15, 68.5999183241072
2004/08/15, 68.200555758915
2004/08/16, 74.8565249646846
2004/08/16, 74.32404154442833
2004/08/16, 73.79155812417207
2004/08/16, 73.2590747039158
2004/08/16, 72.72651773622579
2004/08/16, 72.19403431596953
2004/08/16, 71.66137928503454
2004/08/16, 70.99579952552546
2004/08/16, 70.46331610526919
2004/08/16, 69.93083268501292
2004/08/16, 69.39834926475666
2004/08/16, 68.86586584450039
2004/08/16, 68.33338242424412
2004/08/16, 68.06721426154974
2004/08/17, 72.45998183636272
2004/08/17, 71.92735132123897
2004/08/17, 71.3948679009827
2004/08/17, 70.86238448072645
2004/08/17, 70.32990106047018
2004/08/17, 69.79741764021391
2004/08/17, 69.26493421995764
2004/08/17, 68.73245079970138
2004/08/17, 68.19996737944511
2004/08/18, 73.52462997132905
2004/08/17, 72.85905021181996
2004/08/17, 72.3265667915637
2004/08/18, 67.71168596686482
2004/08/18, 71.66079090556465
2004/08/18, 70.99521114605557
2004/08/18, 70.4627277257993
2004/08/18, 69.93024430554303
2004/08/18, 69.39776088528677
2004/08/18, 68.8652774650305
2004/08/18, 68.33279404477423
2004/08/18, 74.05681920185037
2004/08/18, 73.39123944234127
2004/08/18, 72.858756022085
2004/08/18, 72.32627260182875
2004/08/18, 67.93328438471455
2004/08/19, 74.8553972373673
2004/08/19, 71.66049671582971
2004/08/19, 70.99491695632061
2004/08/19, 70.46243353606434
2004/08/19, 69.92995011580807
2004/08/19, 69.39746669555181
2004/08/19, 68.86498327529554
2004/08/19, 68.39906028257131
2004/08/19, 74.05654952792666
2004/08/19, 73.5240661076704
2004/08/19, 72.99158268741414
2004/08/19, 72.45909926715787
2004/08/19, 75.65385269382799
2004/08/19, 75.12136927357173
2004/08/19, 74.58888585331546
2004/08/19, 71.92646875203413
2004/08/19, 71.39398533177786
2004/08/19, 70.8615019115216
2004/08/19, 70.32901849126533
2004/08/19, 69.92965592607312
2004/08/20, 74.05623082238047
2004/08/20, 73.39065106287138
2004/08/20, 72.85816764261511
2004/08/20, 72.32568422235886
2004/08/20, 75.25419593890085
2004/08/20, 74.72171251864458
2004/08/20, 71.6599083363598
2004/08/20, 70.99432857685072
2004/08/20, 70.46184515659445
2004/08/20, 69.92936173633818
2004/08/20, 69.52999917114599
2004/08/21, 74.05593663264553
2004/08/21, 73.39035687313644
2004/08/21, 72.85787345288017
2004/08/21, 72.32539003262391
2004/08/21, 74.85461273140743
2004/08/21, 71.65961414662486
2004/08/21, 70.99403438711578
2004/08/21, 70.4615509668595
2004/08/21, 69.92906754660324
2004/08/21, 69.39658412634698
2004/08/21, 72.99070011820929
2004/08/21, 72.45821669795302
2004/08/21, 68.79739318369118
2004/08/22, 71.92565973026302
2004/08/22, 71.39310276257301
2004/08/22, 70.86061934231675
2004/08/22, 70.32813592206048
2004/08/22, 69.79565250180421
2004/08/22, 69.26316908154794
2004/08/22, 68.73051405061297
2004/08/22, 68.19805514616795
2004/08/23, 70.99344600764587
2004/08/23, 70.4609625873896
2004/08/23, 69.92847916713333
2004/08/23, 69.39599574687708
2004/08/23, 68.73024437668927
2004/08/23, 68.197760956433
2004/08/23, 70.3275475425906
2004/08/23, 69.79506412233432
2004/08/23, 69.26258070207805
2004/08/23, 67.66513044130926
2004/08/24, 68.72992567114308
2004/08/24, 68.06434591163399
2004/08/24, 67.33218120878162
2004/08/24, 69.92789078766344
2004/08/24, 69.39540736740719
2004/08/24, 66.86608660537867
2004/08/24, 66.20050684586958
2004/08/24, 65.66802342561331
2004/08/25, 68.72963148140813
2004/08/25, 68.06405172189903
2004/08/25, 67.53156830164276
2004/08/25, 69.52830758017004
2004/08/25, 66.86581693145496
2004/08/25, 66.33333351119869
2004/08/25, 65.80085009094242
2004/08/25, 65.26836667068616
2004/08/25, 68.99560351761255
2004/08/25, 68.46312009735628
2004/08/25, 67.93063667710003
2004/08/25, 67.39815325684376
2004/08/25, 64.80229658309446
2004/08/26, 66.86549822590877
2004/08/26, 66.19991846639968
2004/08/26, 65.66743504614341
2004/08/26, 65.13495162588715
2004/08/26, 69.26152652219449
2004/08/26, 68.5959467626854
2004/08/26, 68.06346334242915
2004/08/26, 67.53097992217288
2004/08/26, 64.4691757398881
2004/08/27, 72.19003823873649
2004/08/27, 71.5244584792274
2004/08/27, 70.99197505897114
2004/08/27, 70.45949163871487
2004/08/27, 69.9270082184586
2004/08/27, 66.86520403617382
2004/08/27, 66.19962427666474
2004/08/27, 65.66714085640847
2004/08/27, 65.13465743615221
2004/08/27, 69.26125684827079
2004/08/27, 68.72877342801453
2004/08/27, 68.19629000775826
2004/08/27, 67.663806587502
2004/08/27, 64.53546649349643
2004/08/28, 76.7158531211798
2004/08/27, 76.05027336167072
2004/08/27, 75.51778994141443
2004/08/27, 74.98530652115818
2004/08/27, 74.45282310090192
2004/08/27, 73.92033968064564
2004/08/27, 73.38785626038938
2004/08/27, 72.8553728401331
2004/08/27, 72.32288941987684
2004/08/27, 71.79040599962059
2004/08/27, 71.2579225793643
2004/08/27, 70.72543915910805
2004/08/27, 70.1929557388518
2004/08/27, 69.66047231859551
2004/08/28, 67.131151556567
2004/08/27, 66.46557179705792
2004/08/27, 65.93308837680166
2004/08/27, 65.40060495654538
2004/08/27, 64.93468196382116
2004/08/28, 68.99469643259647
2004/08/28, 68.32911667308737
2004/08/28, 67.7966332528311
2004/08/28, 77.24804235170112
2004/08/28, 76.58246259219203
2004/08/28, 76.04997917193576
2004/08/28, 75.51749575167949
2004/08/28, 74.98501233142322
2004/08/28, 74.45252891116697
2004/08/28, 73.9200454909107
2004/08/28, 73.38756207065443
2004/08/28, 72.85507865039816
2004/08/28, 72.3225952301419
2004/08/28, 71.79011180988563
2004/08/28, 71.25762838962936
2004/08/28, 70.72514496937309
2004/08/28, 70.19266154911683
2004/08/28, 69.66017812886057
2004/08/28, 67.13085736683205
2004/08/28, 66.46527760732296
2004/08/28, 65.99935461459873
2004/08/28, 65.53350516930824
2004/08/28, 65.00102174905197
2004/08/29, 68.99442675867276
2004/08/29, 68.46194333841649
2004/08/29, 67.92945991816023
2004/08/29, 77.51401438790555
2004/08/29, 76.98153096764928
2004/08/29, 76.44904754739302
2004/08/29, 75.91656412713675
2004/08/29, 75.38408070688048
2004/08/29, 74.85159728662421
2004/08/29, 74.31911386636794
2004/08/29, 73.78663044611169
2004/08/29, 73.25414702585542
2004/08/29, 72.72166360559915
2004/08/29, 72.18918018534289
2004/08/29, 71.65677031252036
2004/08/29, 71.1242868922641
2004/08/29, 70.59180347200783
2004/08/29, 70.05932005175156
2004/08/29, 69.5268366314953
2004/08/29, 67.39690295047023
2004/08/29, 66.86441953021397
2004/08/29, 66.3319361099577
2004/08/30, 77.38059934310654
2004/08/30, 76.84811592285027
2004/08/30, 76.315632502594
2004/08/30, 75.78314908233774
2004/08/30, 75.25066566208147
2004/08/30, 74.7181822418252
2004/08/30, 74.18569882156893
2004/08/30, 73.7197758288447
2004/08/30, 73.2539263835542
2004/08/30, 72.72144296329793
2004/08/30, 72.18895954304168
2004/08/31, 76.98094258817937
2004/08/31, 76.44845916792312
2004/08/31, 75.91597574766685
2004/08/31, 75.38349232741058
2004/08/31, 74.85100890715431
2004/08/31, 74.31852548689804
2004/08/31, 73.91916292170585
2004/08/31, 76.98064839844443
2004/08/31, 76.44816497818817
2004/08/31, 75.9156815579319
2004/08/31, 75.38319813767563
2004/08/31, 74.85071471741936
2004/08/31, 74.3182312971631
2004/08/31, 73.78574787690684
2004/08/31, 73.38638531171463
2004/09/01, 77.24657140302638
2004/09/01, 76.5809916435173
2004/09/01, 76.04850822326102
2004/09/01, 75.51602480300475
2004/09/01, 74.98354138274848
2004/09/01, 74.45105796249223
2004/09/01, 73.985134969768
2004/09/01, 73.65240637954157
2004/09/02, 79.11014079486708
2004/09/02, 78.57765737461081
2004/09/02, 78.04517395435455
2004/09/02, 77.51254343923081
2004/09/02, 76.98006001897454
2004/09/02, 76.44757659871829
2004/09/02, 75.91509317846202
2004/09/02, 75.38260975820575
2004/09/02, 74.8501998853832
2004/09/02, 74.31771646512694
2004/09/03, 80.7072723500897
2004/09/02, 80.04169259058061
2004/09/02, 79.50920917032434
2004/09/02, 78.97672575006807
2004/09/02, 78.4442423298118
2004/09/02, 77.91175890955554
2004/09/03, 77.24598302355649
2004/09/03, 76.58040326404739
2004/09/03, 76.04791984379112
2004/09/03, 75.64863082603266
2004/09/03, 82.03818671099539
2004/09/03, 81.23948609642224
2004/09/03, 80.70700267616598
2004/09/03, 80.17451925590971
2004/09/03, 79.64203583565345
2004/09/03, 79.10955241539718
2004/09/03, 78.5770689951409
2004/09/03, 78.04458557488465
2004/09/04, 77.51195505976091
2004/09/04, 76.97947163950464
2004/09/03, 76.58018262174619
2004/09/04, 82.30415874719984
2004/09/04, 81.77167532694357
2004/09/04, 81.2391919066873
2004/09/04, 80.70670848643104
2004/09/04, 80.17422506617477
2004/09/04, 79.6417416459185
2004/09/04, 79.10925822566223
2004/09/04, 78.57677480540596
2004/09/04, 78.0442913851497
2004/09/04, 82.83649507258862
2004/09/04, 77.51166087002596
2004/09/05, 82.30384004165364
2004/09/05, 81.63826028214456
2004/09/05, 81.10577686188829
2004/09/05, 80.57329344163202
2004/09/05, 80.04081002137576
2004/09/05, 79.50832660111949
2004/09/05, 78.97584318086322
2004/09/05, 78.44335976060695
2004/09/05, 77.9108763403507
2004/09/05, 77.24510045435164
2004/09/05, 76.4463998397785
2004/09/05, 75.91391641952222
2004/09/06, 82.17044951266588
2004/09/06, 81.63796609240961
2004/09/06, 81.10548267215334
2004/09/06, 80.57299925189707
2004/09/06, 80.04051583164082
2004/09/06, 79.50803241138455
2004/09/06, 78.97554899112828
2004/09/06, 78.44306557087201
2004/09/06, 77.91058215061575
2004/09/06, 75.38126138858723
2004/09/06, 74.71568162907815
2004/09/06, 74.18319820882188
2004/09/06, 77.24483078042793
2004/09/06, 76.71234736017166
2004/09/06, 76.17986393991539
2004/09/06, 80.97206762735432
2004/09/06, 80.43958420709805
2004/09/06, 79.90710078684178
2004/09/06, 79.37461736658553
2004/09/06, 78.84213394632926
2004/09/06, 78.30965052607299
2004/09/06, 77.77716710581672
2004/09/06, 75.64723342479165
2004/09/06, 75.1147500045354
2004/09/06, 74.58226658427913
2004/09/06, 74.04978316402286
2004/09/06, 73.51729974376659
2004/09/06, 72.98481632351033
2004/09/06, 72.45233290325406
2004/09/06, 71.91984948299779
2004/09/06, 71.45392649027356
2004/09/07, 77.24453659069299
2004/09/07, 76.71205317043672
2004/09/07, 76.17956975018045
2004/09/07, 77.64375206101771
2004/09/07, 75.64691471924546
2004/09/07, 74.98133495973637
2004/09/07, 74.44885153948012
2004/09/07, 73.91636811922385
2004/09/07, 73.38388469896758
2004/09/07, 72.85140127871131
2004/09/07, 72.31891785845505
2004/09/07, 71.78643443819878
2004/09/07, 71.25395101794251
2004/09/07, 70.98778285524813
2004/09/08, 76.9780006908299
2004/09/08, 76.44551727057365
2004/09/08, 70.5881996477547
2004/09/08, 70.12227665503048
2004/09/08, 77.51041056365243
2004/09/08, 75.91296030288363
2004/09/08, 75.38047688262736
2004/09/08, 74.8479934623711
2004/09/08, 74.3154364946811
2004/09/08, 73.78295307442484
2004/09/08, 73.25046965416857
2004/09/08, 72.7179862339123
2004/09/08, 72.18550281365604
2004/09/08, 71.65301939339977
2004/09/08, 71.1205359731435
2004/09/08, 70.58790545801976
2004/09/08, 70.05542203776349
2004/09/08, 69.52293861750724
2004/09/08, 68.99045519725097
2004/09/09, 74.31521585237988
2004/09/09, 73.78273243212362
2004/09/09, 73.25024901186735
2004/09/09, 72.71776559161108
2004/09/09, 72.052087768857
2004/09/09, 71.51960434860075
2004/09/09, 70.98712092834448
2004/09/09, 68.54654740302536
2004/09/09, 70.32134504234543
2004/09/09, 69.65576528283634
2004/09/09, 69.12328186258007
2004/09/10, 71.5193101588658
2004/09/10, 70.98682673860954
2004/09/10, 68.45750597658102
2004/09/10, 67.79192621707193
2004/09/10, 67.39256365187974
2004/09/10, 70.32107536842173
2004/09/10, 69.78859194816546
2004/09/10, 69.25610852790919
2004/09/10, 68.72347801278546
2004/09/10, 68.1909945925292
2004/09/10, 67.65851117227292
2004/09/10, 67.12602775201665
2004/09/10, 66.5935443317604
2004/09/10, 66.12762133903615
2004/09/11, 70.32085472612052
2004/09/11, 69.78837130586425
2004/09/11, 69.25581433817425
2004/09/11, 68.72315930723927
2004/09/11, 68.05757954773019
2004/09/11, 67.52509612747392
2004/09/11, 66.99261270721765
2004/09/11, 66.46012928696138
2004/09/11, 65.92764586670512
2004/09/11, 65.39516244644885
2004/09/11, 64.92923945372462
2004/09/12, 68.7229631807493
2004/09/12, 68.19047976049303
2004/09/12, 67.65792279280302
2004/09/12, 67.12543937254675
2004/09/12, 66.5929559522905
2004/09/12, 66.06047253203423
2004/09/12, 65.52798911177796
2004/09/12, 64.99550569152169
2004/09/12, 64.52958269879746
2004/09/12, 63.93039175614169
2004/09/12, 63.53102919094948
2004/09/13, 67.65770215050182
2004/09/13, 67.12521873024555
2004/09/13, 66.59266176255555
2004/09/13, 66.06017834229928
2004/09/13, 65.52769492204301
2004/09/13, 64.99521150178674
2004/09/13, 64.46272808153049
2004/09/13, 63.930073050595496
2004/09/13, 63.26449329108641
2004/09/14, 66.32612586269246
2004/09/14, 65.7936424424362
2004/09/14, 65.26115902217994
2004/09/14, 64.72867560192367
2004/09/14, 64.19602057098868
2004/09/14, 63.53044081147959
2004/09/14, 62.99795739122334
2004/09/14, 62.59859482603113
2004/09/14, 64.99462312231685
2004/09/15, 64.46196809138188
2004/09/15, 63.79638833187279
2004/09/15, 63.26390491161652
2004/09/15, 62.73142149136025
2004/09/15, 62.26549849863602
2004/09/16, 64.46169841745817
2004/09/16, 63.929214997201896
2004/09/16, 63.396731576945626
2004/09/16, 62.86424815668936
2004/09/16, 62.3317647364331
2004/09/16, 61.865694648841384
2004/09/17, 68.7212470739621
2004/09/16, 68.05566731445302
2004/09/16, 67.52318389419675
2004/09/16, 66.99070047394048
2004/09/16, 66.45821705368421
2004/09/16, 65.92573363342795
2004/09/16, 65.39325021317168
2004/09/16, 64.86076679291541
2004/09/16, 64.32828337265914
2004/09/16, 63.79579995240289
2004/09/16, 63.26331653214662
2004/09/16, 62.73083311189035
2004/09/16, 62.19834969163408
2004/09/16, 61.46618498878172
2004/09/17, 69.25343630448342
2004/09/17, 68.58785654497433
2004/09/17, 68.05537312471807
2004/09/17, 67.5228897044618
2004/09/17, 66.99040628420553
2004/09/17, 66.45792286394926
2004/09/17, 65.92543944369301
2004/09/17, 65.39295602343674
2004/09/17, 64.86047260318047
2004/09/17, 64.3279891829242
2004/09/17, 63.79550576266794
2004/09/17, 63.26302234241167
2004/09/17, 62.730538922155404
2004/09/17, 62.198055501899134
2004/09/17, 61.79876648414067
2004/09/18, 71.6494891165804
2004/09/18, 71.11700569632413
2004/09/18, 70.58452227606786
2004/09/18, 70.05203885581159
2004/09/18, 69.51940834068785
2004/09/18, 68.98692492043158
2004/09/18, 68.4544415001753
2004/09/18, 67.92195807991905
2004/09/18, 67.38947465966278
2004/09/18, 66.85699123940651
2004/09/18, 66.32450781915024
2004/09/18, 65.79202439889397
2004/09/18, 65.25954097863772
2004/09/18, 64.72705755838145
2004/09/18, 64.19457413812518
2004/09/18, 63.662164265302664
2004/09/18, 63.129680845046394
2004/09/18, 62.597197424790124
2004/09/18, 62.19783485959792
2004/09/18, 72.18167834710171
2004/09/18, 71.64919492684544
2004/09/18, 71.11671150658917
2004/09/18, 70.5842280863329
2004/09/18, 70.05174466607663
2004/09/19, 69.51908963514165
2004/09/19, 68.85350987563257
2004/09/19, 68.3210264553763
2004/09/19, 67.78854303512003
2004/09/19, 67.25605961486377
2004/09/19, 66.7235761946075
2004/09/19, 66.19109277435123
2004/09/19, 65.65860935409496
2004/09/19, 65.12612593383871
2004/09/19, 64.66020294111446
2004/09/19, 64.19435349582398
2004/09/19, 71.78202159217456
2004/09/19, 71.24953817191829
2004/09/19, 70.71705475166202
2004/09/19, 70.18457133140576
2004/09/20, 69.51879544540671
2004/09/20, 68.85321568589762
2004/09/20, 68.32073226564135
2004/09/20, 67.78824884538508
2004/09/20, 67.25576542512883
2004/09/20, 66.78984243240458
2004/09/20, 71.38243838468114
2004/09/20, 70.84995496442488
2004/09/20, 70.31739799673488
2004/09/20, 69.78476748161114
2004/09/20, 69.25228406135487
2004/09/20, 68.71980064109862
2004/09/20, 68.18731722084235
2004/09/20, 67.65483380058608
2004/09/20, 67.1223503803298
2004/09/20, 66.58986696007355
2004/09/20, 66.19050439488134
2004/09/21, 70.31707929118869
2004/09/21, 69.51823158174805
2004/09/21, 68.98574816149178
2004/09/21, 68.45326474123551
2004/09/21, 67.92078132097926
2004/09/21, 67.38829790072299
2004/09/21, 66.85581448046672
2004/09/21, 66.32333106021045
2004/09/22, 74.84289417363199
2004/09/22, 74.1773144141229
2004/09/22, 73.64483099386665
2004/09/22, 73.11234757361038
2004/09/22, 72.57986415335411
2004/09/22, 72.04738073309784
2004/09/22, 71.51489731284158
2004/09/22, 70.98241389258531
2004/09/22, 70.44993047232904
2004/09/22, 69.91744705207277
2004/09/22, 69.25169568188497
2004/09/22, 68.71921226162871
2004/09/22, 68.18672884137244
2004/09/22, 67.65424542111617
2004/09/22, 67.1217620008599
2004/09/22, 66.65583900813567
2004/09/22, 66.18998956284518
2004/09/22, 79.36870905607532
2004/09/22, 78.70312929656623
2004/09/22, 78.17064587630996
2004/09/22, 77.63816245605369
2004/09/22, 77.10567903579742
2004/09/22, 76.57319561554117
2004/09/22, 76.0407121952849
2004/09/22, 75.50822877502863
2004/09/22, 74.97574535477236
2004/09/22, 74.4432619345161
2004/09/22, 73.91077851425983
2004/09/22, 73.37829509400356
2004/09/22, 72.84581167374729
2004/09/22, 72.31332825349104
2004/09/22, 71.78084483323477
2004/09/22, 71.2483614129785
2004/09/22, 70.71587799272223
2004/09/22, 70.18339457246597
2004/09/22, 69.6509111522097
2004/09/23, 68.98513526621065
2004/09/23, 68.3861159342336
2004/09/23, 67.9202664889431
2004/09/23, 67.38778306868683
2004/09/23, 66.85529964843056
2004/09/23, 79.90092280240788
2004/09/23, 79.36843938215162
2004/09/23, 78.83595596189535
2004/09/23, 78.30347254163908
2004/09/23, 77.77098912138281
2004/09/23, 77.23850570112656
2004/09/23, 76.70602228087029
2004/09/23, 76.17353886061402
2004/09/23, 75.64105544035775
2004/09/23, 75.10857202010149
2004/09/23, 74.57608859984522
2004/09/23, 74.04360517958895
2004/09/23, 73.51112175933268
2004/09/23, 72.97863833907643
2004/09/23, 72.44615491882016
2004/09/23, 71.91367149856389
2004/09/23, 71.38118807830762
2004/09/23, 70.84870465805136
2004/09/23, 70.31622123779509
2004/09/23, 69.78373781753882
2004/09/24, 80.96574254805294
2004/09/24, 80.43325912779667
2004/09/24, 69.25110730241508
2004/09/24, 68.78518430969085
2004/09/24, 79.90062861267293
2004/09/24, 79.36814519241668
2004/09/24, 78.8356617721604
2004/09/24, 78.30317835190414
2004/09/24, 77.77069493164787
2004/09/24, 77.23821151139161
2004/09/24, 76.70572809113534
2004/09/24, 76.17324467087907
2004/09/24, 75.6407612506228
2004/09/24, 75.10827783036655
2004/09/24, 74.6423548376423
2004/09/24, 74.04338453728774
2004/09/24, 73.51090111703147
2004/09/24, 72.97841769677521
2004/09/24, 72.44593427651894
2004/09/24, 71.91345085626267
2004/09/24, 71.3809674360064
2004/09/24, 70.84848401575015
2004/09/24, 70.31600059549388
2004/09/24, 69.7835171752376
2004/09/24, 81.49790726276302
2004/09/24, 80.83232750325392
2004/09/24, 80.29984408299765
2004/09/25, 79.6340681969986
2004/09/25, 78.96848843748951
2004/09/25, 78.43600501723324
2004/09/25, 77.90352159697699
2004/09/25, 77.37103817672072
2004/09/25, 76.97174915896225
2004/09/25, 76.43919219127226
2004/09/25, 75.90670877101599
2004/09/25, 75.37429889819346
2004/09/25, 74.84181547793719
2004/09/25, 82.56257991354059
2004/09/25, 81.8970001540315
2004/09/25, 81.36451673377523
2004/09/25, 80.83203331351898
2004/09/25, 80.29954989326271
2004/09/26, 79.63377400726365
2004/09/26, 78.96819424775457
2004/09/26, 78.4357108274983
2004/09/26, 77.90322740724204
2004/09/25, 77.50393838948358
2004/09/26, 83.09479365987316
2004/09/26, 82.56231023961689
2004/09/26, 82.02982681936062
2004/09/26, 81.49734339910437
2004/09/26, 80.9648599788481
2004/09/26, 80.43237655859183
2004/09/26, 84.69207230996324
2004/09/26, 84.02649255045415
2004/09/26, 83.49400913019788
2004/09/26, 79.89972152765684
2004/09/26, 79.23414176814775
2004/09/26, 78.7016583478915
2004/09/26, 78.23573535516726
2004/09/26, 77.90300676494083
2004/09/27, 82.82823324419883
2004/09/27, 82.16265348468976
2004/09/27, 81.63017006443349
2004/09/27, 81.09768664417722
2004/09/27, 80.56520322392095
2004/09/27, 86.02298667086896
2004/09/27, 85.22428605629581
2004/09/27, 84.69180263603954
2004/09/27, 84.15931921578327
2004/09/27, 83.62683579552701
2004/09/28, 83.09420528040326
2004/09/28, 82.56172186014699
2004/09/28, 82.02923843989072
2004/09/28, 81.49675501963446
2004/09/28, 80.9642715993782
2004/09/27, 80.56498258161973
2004/09/28, 86.28895870707338
2004/09/28, 85.75647528681712
2004/09/28, 85.22399186656085
2004/09/28, 84.69150844630458
2004/09/28, 84.15902502604831
2004/09/28, 83.62654160579206
2004/09/28, 86.82129503246217
2004/09/28, 83.09391109066831
2004/09/28, 82.62798809794408
2004/09/29, 86.28866451733843
2004/09/29, 85.75618109708218
2004/09/29, 85.2236976768259
2004/09/29, 84.69121425656964
2004/09/29, 84.15873083631337
2004/09/29, 83.62624741605711
2004/09/29, 86.82100084272723
2004/09/29, 83.09361690093337
2004/09/29, 82.5611334806771
2004/09/29, 82.02865006042083
2004/09/30, 86.28837032760349
2004/09/30, 85.75588690734723
2004/09/30, 85.22340348709096
2004/09/30, 84.69092006683469
2004/09/30, 84.15843664657842
2004/09/30, 83.62595322632217
2004/09/30, 81.4960195452971
2004/09/30, 80.96353612504083
2004/09/30, 86.82078020042601
2004/09/30, 83.09332271119843
2004/09/30, 82.56083929094216
2004/09/30, 82.02835587068589
2004/09/30, 80.49746603744913
2004/09/30, 86.28807613786853
2004/09/30, 85.75559271761227
2004/09/30, 85.223109297356
2004/09/30, 84.69062587709973
2004/09/30, 84.15814245684346
2004/09/30, 83.62565903658721
2004/09/30, 81.49572535556214
2004/09/30, 80.96324193530587
2004/09/30, 79.89827509479333
2004/09/30, 79.36579167453708
2004/09/30, 78.83330825428081
2004/09/30, 78.30082483402454
2004/10/01, 83.09302852146347
2004/10/01, 82.5605451012072
2004/10/01, 82.02806168095093
2004/10/01, 80.43061142018213
2004/10/01, 77.83475474643284
2004/10/01, 86.0216137854392
2004/10/01, 84.55721083230073
2004/10/01, 84.02472741204446
2004/10/01, 83.49224399178819
2004/10/01, 81.49540665001595
2004/10/01, 80.82982689050687
2004/10/01, 79.89795638924714
2004/10/01, 79.23237662973806
2004/10/01, 78.6998932094818
2004/10/01, 78.16740978922553
2004/10/02, 82.82646810578913
2004/10/02, 82.16088834628006
2004/10/02, 77.50163390322648
2004/10/02, 76.83605414371739
2004/10/02, 76.30357072346112
2004/10/02, 75.77108730320487
2004/10/02, 75.30516431048062
2004/10/02, 84.15762762480732
2004/10/02, 83.62514420455106
2004/10/02, 81.495210523526
2004/10/02, 80.96265355583598
2004/10/02, 80.43017013557971
2004/10/02, 79.89768671532345
2004/10/02, 79.36520329506719
2004/10/02, 78.83271987481092
2004/10/02, 78.30023645455465
2004/10/02, 77.76760593943091
2004/10/02, 77.23512251917465
2004/10/02, 76.70263909891838
2004/10/02, 76.17015567866211
2004/10/02, 75.63767225840584
2004/10/02, 75.10518883814959
2004/10/02, 74.57270541789332
2004/10/02, 74.04022199763705
2004/10/02, 73.57429900491282
2004/10/03, 80.96243291353477
2004/10/03, 80.4299494932785
2004/10/03, 79.89746607302223
2004/10/03, 79.36498265276597
2004/10/03, 78.69930483001191
2004/10/03, 78.16682140975564
2004/10/03, 77.50104552375659
2004/10/03, 76.8354657642475
2004/10/03, 76.30298234399123
2004/10/03, 75.77049892373498
2004/10/03, 75.2380155034787
2004/10/03, 74.70553208322244
2004/10/03, 74.17304866296617
2004/10/03, 73.64056524270991
2004/10/03, 73.10808182245364
2004/10/04, 78.16652722002068
2004/10/04, 72.44230593645459
2004/10/03, 72.04304143450736
2004/10/04, 77.50084939726662
2004/10/04, 76.96836597701035
2004/10/04, 76.4358825567541
2004/10/04, 75.90332558906408
2004/10/04, 75.37084216880781
2004/10/04, 74.83835874855154
2004/10/04, 74.30587532829527
2004/10/04, 73.77339190803902
2004/10/04, 73.24090848778275
2004/10/04, 72.70825345684776
2004/10/04, 72.04267369733867
2004/10/04, 71.57675070461444
2004/10/05, 75.63686323663474
2004/10/05, 75.10437981637848
2004/10/05, 74.57189639612221
2004/10/05, 74.0393394284322
2004/10/05, 73.50685600817593
2004/10/05, 72.97420097724095
2004/10/05, 72.30862121773187
2004/10/05, 71.7761377974756
2004/10/05, 71.5099696347812
2004/10/06, 73.63968267350506
2004/10/06, 72.97393130331726
2004/10/06, 72.44144788306099
2004/10/06, 71.90896446280472
2004/10/06, 71.37648104254845
2004/10/06, 73.5062431128948
2004/10/06, 70.93257324832284
2004/10/07, 72.70737088764292
2004/10/07, 72.04179112813382
2004/10/07, 71.50930770787757
2004/10/07, 74.0384323434161
2004/10/07, 73.37285258390702
2004/10/07, 71.10979804781789
2004/10/08, 72.70710121371921
2004/10/08, 72.17461779346296
2004/10/08, 71.64213437320669
2004/10/08, 74.30440437962054
2004/10/08, 73.77192095936428
2004/10/08, 73.23943753910801
2004/10/08, 74.83674070500933
2004/10/08, 72.70680702398427
2004/10/08, 72.17432360372801
2004/10/09, 74.30411018988559
2004/10/09, 73.77162676962934
2004/10/09, 73.23914334937307
2004/10/09, 74.83644651527439
2004/10/09, 72.70651283424932
2004/10/09, 72.17402941399307
2004/10/09, 71.70810642126882
2004/10/10, 74.30381600015063
2004/10/10, 73.77133257989438
2004/10/10, 73.23884915963811
2004/10/10, 74.83622587297317
2004/10/10, 72.70621864451437
2004/10/10, 72.17373522425811
2004/10/10, 71.64125180400184
2004/10/10, 71.17532881127761
2004/10/10, 74.30352181041569
2004/10/10, 73.77103839015943
2004/10/10, 73.23855496990316
2004/10/11, 72.70592445477942
2004/10/11, 72.17344103452317
2004/10/11, 71.6409576142669
2004/10/11, 71.10847419401063
2004/10/11, 70.6425512012864
2004/10/11, 73.10513992510415
2004/10/12, 72.4393640391051
2004/10/12, 71.77378427959601
2004/10/12, 71.24130085933974
2004/10/12, 70.70881743908348
2004/10/12, 70.17633401882722
2004/10/12, 69.64385059857095
2004/10/11, 69.37768243587655
2004/10/12, 71.640369234797
2004/10/12, 71.10788581454074
2004/10/12, 70.57540239428447
2004/10/12, 70.0429189740282
2004/10/12, 69.51043555377194
2004/10/12, 68.97795213351567
2004/10/12, 68.4454687132594
2004/10/13, 68.00156091903379
2004/10/13, 71.24071247986984
2004/10/13, 70.70822905961357
2004/10/13, 70.17574563935732
2004/10/13, 69.64326221910105
2004/10/13, 69.11077879884478
2004/10/13, 68.5782953785885
2004/10/14, 67.91251949258947
2004/10/14, 67.38006058814445
2004/10/14, 70.84112927237645
2004/10/14, 70.30864585212018
2004/10/14, 69.77608888443017
2004/10/14, 69.2436054641739
2004/10/14, 68.71112204391764
2004/10/14, 68.17846701298265
2004/10/14, 67.51288725347356
2004/10/14, 66.9804038332173
2004/10/14, 66.44792041296103
2004/10/14, 66.04855784776883
2004/10/15, 69.50962653200082
2004/10/15, 68.97714311174455
2004/10/15, 68.31131819412302
2004/10/15, 67.77883477386675
2004/10/15, 67.24635135361049
2004/10/15, 66.71386793335422
2004/10/15, 66.18138451309795
2004/10/15, 65.64890109284168
2004/10/15, 65.11641767258543
2004/10/15, 64.85024950989101
2004/10/16, 68.17797669675774
2004/10/16, 67.64541972906773
2004/10/16, 67.11293630881146
2004/10/16, 66.5804528885552
2004/10/16, 66.04796946829893
2004/10/16, 65.51548604804266
2004/10/16, 64.98300262778639
2004/10/16, 64.51707963506216
2004/10/16, 63.91788869240639
2004/10/16, 63.45196569968216
2004/10/17, 67.64519908676652
2004/10/17, 67.11271566651025
2004/10/17, 66.58015869882026
2004/10/17, 66.04767527856399
2004/10/17, 65.51519185830772
2004/10/17, 64.98270843805145
2004/10/17, 64.45022501779519
2004/10/17, 63.9175699868602
2004/10/17, 63.251990227351115
2004/10/17, 62.85262766215891
2004/10/18, 66.31362279895717
2004/10/18, 65.7811393787009
2004/10/18, 65.24865595844464
2004/10/18, 64.71617253818837
2004/10/18, 64.18351750725338
2004/10/18, 63.5179377477443
2004/10/18, 62.98545432748804
2004/10/18, 62.71928616479363
2004/10/18, 64.98212005858156
2004/10/18, 62.31970295730024
2004/10/19, 64.44946502764658
2004/10/19, 63.78388526813748
2004/10/19, 63.25140184788121
2004/10/19, 62.71891842762494
2004/10/19, 62.25284834003324
2004/10/20, 64.44919535372287
2004/10/20, 63.9167119334666
2004/10/20, 63.38422851321033
2004/10/20, 62.85174509295406
2004/10/20, 62.31918812526408
2004/10/20, 64.44890116398793
2004/10/20, 63.91641774373166
2004/10/20, 63.38393432347539
2004/10/20, 62.85145090321912
2004/10/21, 64.71482416856986
2004/10/21, 64.04924440906078
2004/10/21, 63.516760988804506
2004/10/21, 62.98427756854825
2004/10/21, 62.71810940585384
2004/10/22, 64.98079620477428
2004/10/22, 64.44831278451802
2004/10/22, 63.915829364261754
2004/10/22, 63.383345944005484
2004/10/22, 62.850862523749214
2004/10/22, 71.37042563717075
2004/10/22, 70.70484587766167
2004/10/22, 70.17236245740541
2004/10/22, 69.63987903714914
2004/10/22, 69.10739561689287
2004/10/22, 68.5749121966366
2004/10/22, 68.04242877638035
2004/10/22, 67.50994535612408
2004/10/22, 66.97746193586781
2004/10/22, 66.44497851561154
2004/10/22, 65.91249509535528
2004/10/22, 65.38001167509901
2004/10/22, 62.36258111116892
2004/10/23, 64.71423578909996
2004/10/23, 64.04865602959087
2004/10/23, 63.5161726093346
2004/10/23, 62.98368918907835
2004/10/23, 76.4287484556816
2004/10/23, 75.89626503542533
2004/10/23, 71.90261486769208
2004/10/23, 71.237035108183
2004/10/23, 70.70455168792672
2004/10/23, 70.17206826767047
2004/10/23, 69.6395848474142
2004/10/23, 69.10710142715793
2004/10/23, 68.57461800690166
2004/10/23, 68.0421345866454
2004/10/23, 67.50965116638913
2004/10/23, 66.97716774613286
2004/10/23, 66.4446843258766
2004/10/23, 65.91220090562034
2004/10/23, 65.37971748536407
2004/10/23, 62.58417952901867
2004/10/24, 76.96108478107038
2004/10/24, 75.36363452030159
2004/10/24, 74.83115110004532
2004/10/24, 74.29866767978905
2004/10/24, 73.76618425953279
2004/10/24, 73.23370083927652
2004/10/24, 72.70121741902025
2004/10/24, 64.71396611517626
2004/10/24, 64.18148269491999
2004/10/24, 63.64899927466374
2004/10/24, 63.11651585440747
2004/10/24, 76.42845426594666
2004/10/24, 75.89597084569039
2004/10/24, 72.16858690389653
2004/10/24, 71.63610348364026
2004/10/24, 71.10362006338399
2004/10/24, 70.57113664312772
2004/10/24, 70.03865322287145
2004/10/24, 69.50616980261519
2004/10/24, 68.97368638235892
2004/10/24, 68.44120296210265
2004/10/24, 67.9087195418464
2004/10/24, 67.37623612159013
2004/10/24, 66.84375270133386
2004/10/24, 66.31126928107759
2004/10/24, 65.77878586082132
2004/10/24, 65.24630244056506
2004/10/24, 62.71707974178152
2004/10/24, 77.49327401159171
2004/10/24, 76.96079059133544
2004/10/24, 75.36334033056664
2004/10/24, 74.83085691031037
2004/10/24, 74.2983734900541
2004/10/24, 73.76589006979785
2004/10/24, 73.23340664954158
2004/10/24, 72.70092322928531
2004/10/24, 64.78023235297336
2004/10/25, 76.42816007621171
2004/10/25, 75.89567665595544
2004/10/25, 72.16829271416158
2004/10/25, 71.63580929390531
2004/10/25, 71.10332587364904
2004/10/25, 70.5709160008265
2004/10/25, 70.03843258057023
2004/10/25, 69.50594916031397
2004/10/25, 68.9734657400577
2004/10/25, 68.44098231980144
2004/10/25, 67.90849889954518
2004/10/25, 67.37601547928891
2004/10/25, 66.71033765653485
2004/10/25, 66.17785423627858
2004/10/25, 65.64537081602231
2004/10/25, 65.11288739576605
2004/10/25, 77.49297982185675
2004/10/25, 76.96049640160048
2004/10/25, 75.36304614083168
2004/10/25, 74.83056272057541
2004/10/25, 74.29807930031915
2004/10/25, 73.76559588006289
2004/10/25, 73.23311245980662
2004/10/25, 72.70062903955035
2004/10/26, 76.42786588647675
2004/10/26, 75.89538246622048
2004/10/26, 72.16799852442662
2004/10/26, 71.63551510417035
2004/10/25, 71.23622608641189
2004/10/26, 77.4926856321218
2004/10/26, 76.96020221186554
2004/10/26, 75.36275195109674
2004/10/26, 74.83034207827421
2004/10/26, 74.29785865801794
2004/10/26, 73.76537523776169
2004/10/26, 73.23289181750542
2004/10/26, 72.70040839724915
2004/10/26, 76.42754718093056
2004/10/26, 75.76196742142147
2004/10/27, 77.75860863670374
2004/10/27, 77.09302887719466
2004/10/27, 76.42725299119562
2004/10/27, 75.76167323168653
2004/10/27, 75.49550506899212
2004/10/28, 78.15770152797225
2004/10/28, 77.62521810771598
2004/10/28, 77.09273468745971
2004/10/28, 76.42695880146067
2004/10/28, 75.76137904195159
2004/10/28, 75.22889562169532
2004/10/28, 77.62492391798102
2004/10/28, 77.09244049772475
2004/10/28, 74.56311973569626
2004/10/28, 73.89753997618716
2004/10/28, 73.49817741099496
2004/10/29, 76.42666461172571
2004/10/29, 75.76108485221663
2004/10/29, 75.22860143196036
2004/10/29, 77.09214630798981
2004/10/29, 74.5628255459613
2004/10/29, 73.89724578645222
2004/10/29, 73.36476236619595
2004/10/29, 73.09859420350156
2004/10/30, 76.42637042199077
2004/10/30, 75.76079066248168
2004/10/30, 75.22830724222541
2004/10/30, 72.6989864801969
2004/10/30, 72.09996714821985
2004/10/30, 74.56253135622636
2004/10/30, 73.89695159671727
2004/10/30, 73.364468176461
2004/10/30, 75.76049647274674
2004/10/30, 75.22801305249047
2004/10/30, 72.69869229046195
2004/10/30, 72.03311253095286
2004/10/30, 71.50062911069661
2004/10/30, 70.96814569044034
2004/10/31, 74.56233522973639
2004/10/31, 74.02977826204639
2004/10/31, 73.49729484179012
2004/10/31, 72.96463981085515
2004/10/31, 72.29906005134605
2004/10/31, 71.76657663108978
2004/10/31, 71.2340932108335
2004/10/31, 70.70160979057724
2004/10/31, 70.43544162788285
2004/11/01, 73.63012150711924
2004/11/01, 70.03583390457818
2004/11/01, 69.43681457260114
2004/11/01, 72.96444368436518
2004/11/01, 72.43188671667517
2004/11/01, 71.8994032964189
2004/11/01, 71.36691987616263
2004/11/01, 70.83443645590637
2004/11/01, 70.30178142497138
2004/11/01, 69.6362016654623
2004/11/01, 69.10371824520603
2004/11/01, 68.57123482494976
2004/11/01, 68.10531183222552
2004/11/02, 72.16542436424584
2004/11/02, 71.63294094398957
2004/11/02, 71.10038397629955
2004/11/02, 70.56772894536456
2004/11/02, 69.90214918585548
2004/11/02, 69.36966576559922
2004/11/02, 68.83718234534295
2004/11/02, 68.30469892508668
2004/11/02, 67.77221550483041
2004/11/03, 67.10643961883136
2004/11/02, 66.70717511688414
2004/11/03, 70.5675328188746
2004/11/03, 69.90185499612053
2004/11/03, 69.36937157586428
2004/11/03, 68.83688815560801
2004/11/03, 68.30440473535174
2004/11/03, 67.77192131509547
2004/11/03, 67.10614542909642
2004/11/03, 66.44056566958731
2004/11/03, 66.04120310439512
2004/11/04, 69.50227178862713
2004/11/04, 68.83659396587305
2004/11/04, 68.30411054561678
2004/11/04, 67.77162712536051
2004/11/04, 67.10585123936146
2004/11/04, 66.44027147985237
2004/11/04, 65.90778805959611
2004/11/04, 65.50842549440391
2004/11/05, 68.30381635588184
2004/11/05, 67.77133293562557
2004/11/05, 67.10558156543776
2004/11/05, 66.5730981451815
2004/11/05, 66.04061472492523
2004/11/05, 65.50813130466896
2004/11/05, 65.04220831194473
2004/11/06, 67.10526285989157
2004/11/06, 66.43968310038248
2004/11/06, 65.90719968012623
2004/11/06, 65.37471625986996
2004/11/06, 64.90879326714573
2004/11/07, 67.63747660622413
2004/11/07, 67.10499318596786
2004/11/07, 66.5725097657116
2004/11/07, 66.04002634545533
2004/11/07, 65.50754292519906
2004/11/07, 68.16966583674545
2004/11/07, 67.63718241648918
2004/11/07, 67.10469899623291
2004/11/07, 66.57221557597666
2004/11/07, 66.10629258325241
2004/11/08, 68.16937164701051
2004/11/08, 67.63688822675424
2004/11/08, 67.10440480649797
2004/11/08, 66.57192138624171
2004/11/08, 66.1725588210495
2004/11/09, 68.16915100470929
2004/11/09, 67.6365940370193
2004/11/09, 67.10411061676302
2004/11/09, 66.57162719650677
2004/11/09, 66.0391437762505
2004/11/09, 65.50651326112674
2004/11/10, 67.50317899222027
2004/11/10, 66.970695571964
2004/11/10, 66.43821215170773
2004/11/10, 65.90572873145148
2004/11/10, 65.23995284545242
2004/11/10, 64.8406883435052
2004/11/11, 67.10352223729312
2004/11/11, 66.57103881703686
2004/11/11, 66.0385553967806
2004/11/11, 65.5059003658456
2004/11/11, 64.84032060633652
2004/11/11, 64.44095804114433
2004/11/11, 70.03186234315639
2004/11/11, 69.36628258364732
2004/11/11, 68.83379916339105
2004/11/11, 68.30131574313478
2004/11/11, 67.76883232287851
2004/11/11, 67.23634890262225
2004/11/11, 66.70386548236598
2004/11/11, 66.17138206210971
2004/11/12, 65.50560617611066
2004/11/12, 64.84002641660157
2004/11/12, 64.3075429963453
2004/11/12, 63.90818043115311
2004/11/12, 76.42136919649666
2004/11/12, 75.75578943698757
2004/11/12, 70.56405157367772
2004/11/12, 69.89847181416863
2004/11/12, 69.36598839391237
2004/11/12, 68.8335049736561
2004/11/12, 68.30102155339983
2004/11/12, 67.76853813314357
2004/11/12, 67.23605471288731
2004/11/12, 66.70357129263104
2004/11/12, 66.17108787237477
2004/11/13, 78.81739749278238
2004/11/13, 78.15181773327328
2004/11/13, 77.619334313017
2004/11/13, 77.08685089276074
2004/11/13, 75.09001355098852
2004/11/13, 74.42443379147942
2004/11/13, 73.89195037122315
2004/11/13, 73.35946695096688
2004/11/13, 72.8269835307106
2004/11/13, 72.29450011045435
2004/11/13, 71.76201669019808
2004/11/13, 71.22953326994181
2004/11/13, 65.50531198637572
2004/11/13, 64.83973222686662
2004/11/13, 64.30724880661035
2004/11/13, 63.77476538635409
2004/11/12, 63.37547636859563
2004/11/13, 76.42109952257294
2004/11/13, 75.88861610231667
2004/11/13, 70.563781899754
2004/11/13, 70.03129847949774
2004/11/13, 69.49881505924148
2004/11/13, 68.96633163898521
2004/11/13, 68.43384821872894
2004/11/13, 67.90136479847268
2004/11/13, 67.36888137821641
2004/11/13, 66.83639795796014
2004/11/13, 66.30391453770387
2004/11/13, 80.68079527394436
2004/11/13, 80.01521551443527
2004/11/13, 79.482732094179
2004/11/13, 78.95024867392273
2004/11/13, 78.41776525366646
2004/11/13, 77.8852818334102
2004/11/13, 77.35279841315393
2004/11/13, 76.82031499289766
2004/11/13, 75.35596107138169
2004/11/13, 74.6903813118726
2004/11/13, 74.15789789161633
2004/11/13, 73.62541447136007
2004/11/13, 73.0929310511038
2004/11/13, 72.56044763084753
2004/11/13, 72.02796421059126
2004/11/13, 71.49548079033501
2004/11/13, 70.96299737007874
2004/11/13, 65.77125950676889
2004/11/13, 65.10567974725981
2004/11/13, 64.57319632700354
2004/11/13, 64.10727333427931
2004/11/14, 76.15453910689861
2004/11/14, 70.29722148407969
2004/11/14, 69.69820215210264
2004/11/14, 69.23235270681214
2004/11/14, 68.69986928655588
2004/11/14, 68.16738586629961
2004/11/14, 67.63490244604334
2004/11/14, 67.10241902578707
2004/11/14, 66.56986205809707
2004/11/14, 81.21300902027691
2004/11/14, 80.68052560002066
2004/11/14, 80.14804217976439
2004/11/14, 79.61555875950812
2004/11/14, 79.08307533925185
2004/11/14, 78.55059191899558
2004/11/14, 78.01810849873932
2004/11/14, 77.48562507848305
2004/11/14, 76.95314165822678
2004/11/14, 75.35569139745799
2004/11/14, 74.82320797720172
2004/11/14, 74.29072455694545
2004/11/14, 73.7582411366892
2004/11/14, 73.22575771643292
2004/11/14, 72.69327429617665
2004/11/14, 72.1607908759204
2004/11/14, 71.62830745566413
2004/11/14, 71.09582403540786
2004/11/14, 66.03730509040706
2004/11/14, 65.50482167015079
2004/11/14, 64.97233824989452
2004/11/14, 64.57297568470233
2004/11/15, 81.61222449060165
2004/11/15, 76.42048662729181
2004/11/15, 75.75490686778272
2004/11/15, 70.56316900447287
2004/11/14, 70.03078364746158
2004/11/15, 80.94647312041384
2004/11/15, 80.41398970015757
2004/11/15, 79.8815062799013
2004/11/15, 79.34902285964505
2004/11/15, 78.81653943938878
2004/11/15, 78.2840560191325
2004/11/15, 77.75157259887624
2004/11/15, 77.21908917861998
2004/11/15, 75.08922904502865
2004/11/15, 74.55674562477238
2004/11/15, 74.0242622045161
2004/11/15, 73.49177878425984
2004/11/15, 72.95929536400358
2004/11/15, 72.42681194374731
2004/11/15, 71.89432852349104
2004/11/15, 71.36184510323477
2004/11/15, 76.68645866349624
2004/11/15, 76.15397524323997
2004/11/16, 80.94615441486765
2004/11/16, 80.28057465535855
2004/11/16, 79.74809123510228
2004/11/16, 79.21560781484601
2004/11/16, 78.68312439458975
2004/11/16, 78.15064097433348
2004/11/16, 77.61815755407721
2004/11/16, 77.08567413382094
2004/11/16, 76.48648319116518
2004/11/17, 81.74460987132834
2004/11/17, 81.21212645107207
2004/11/17, 80.67964303081581
2004/11/17, 80.14715961055954
2004/11/17, 79.61467619030327
2004/11/17, 79.082192770047
2004/11/17, 78.54970934979073
2004/11/17, 78.01722592953448
2004/11/17, 77.4847425092782
2004/11/17, 76.95225908902194
2004/11/17, 76.48618900143023
2004/11/17, 81.74431568159339
2004/11/17, 81.21183226133712
2004/11/17, 80.67934884108087
2004/11/17, 80.1468654208246
2004/11/17, 79.61438200056833
2004/11/17, 79.08189858031206
2004/11/17, 78.54941516005579
2004/11/17, 78.01693173979953
2004/11/17, 77.48444831954326
2004/11/17, 76.95196489928699
2004/11/17, 75.88699805877447
2004/11/17, 75.3545146385182
2004/11/17, 74.88859164579397
2004/11/18, 76.41933438416326
2004/11/18, 81.07841721653811
2004/11/18, 80.54593379628184
2004/11/18, 80.01345037602559
2004/11/18, 79.48096695576932
2004/11/18, 78.94848353551305
2004/11/18, 78.41600011525678
2004/11/18, 77.88351669500052
2004/11/18, 77.35103327474425
2004/11/18, 76.81854985448798
2004/11/18, 75.88667935322827
2004/11/18, 75.22109959371919
2004/11/18, 74.68861617346292
2004/11/18, 74.42244801076852
2004/11/19, 74.02284028746386
2004/11/19, 73.35726052795478
2004/11/19, 72.82477710769851
2004/11/19, 72.29229368744225
2004/11/19, 71.75981026718598
2004/11/19, 71.36044770199378
2004/11/19, 80.6788340090447
2004/11/19, 80.14635058878844
2004/11/19, 79.61386716853217
2004/11/19, 79.08131020084215
2004/11/19, 78.54882678058588
2004/11/19, 78.01634336032963
2004/11/19, 77.48385994007336
2004/11/19, 76.95137651981709
2004/11/19, 76.41889309956083
2004/11/19, 75.88640967930456
2004/11/19, 75.3539262590483
2004/11/19, 74.82144283879202
2004/11/19, 74.28878780785703
2004/11/19, 73.62320804834796
2004/11/19, 73.09072462809169
2004/11/19, 72.55824120783542
2004/11/19, 72.02575778757915
2004/11/19, 71.4932743673229
2004/11/19, 70.96079094706663
2004/11/19, 70.42830752681036
2004/11/19, 69.89582410655409
2004/11/19, 69.36334068629783
2004/11/19, 68.83085726604156
2004/11/20, 78.81484784841282
2004/11/20, 78.28236442815655
2004/11/20, 77.74988100790029
2004/11/20, 77.21739758764403
2004/11/20, 76.55171976488995
2004/11/20, 76.01923634463368
2004/11/20, 75.48675292437741
2004/11/20, 74.95426950412114
2004/11/20, 74.28849361812209
2004/11/20, 73.62291385861302
2004/11/20, 73.09043043835675
2004/11/20, 72.55794701810048
2004/11/20, 72.02546359784421
2004/11/20, 71.49298017758795
2004/11/20, 70.96049675733168
2004/11/20, 70.42801333707541
2004/11/20, 69.89552991681914
2004/11/20, 69.36304649656289
2004/11/20, 68.83056307630662
2004/11/20, 68.29807965605035
2004/11/21, 74.9539753143862
2004/11/21, 74.28829749163212
2004/11/21, 73.75581407137587
2004/11/21, 73.2233306511196
2004/11/21, 72.69084723086333
2004/11/21, 72.15836381060707
2004/11/21, 71.62580684291707
2004/11/21, 71.0933234226608
2004/11/21, 70.56084000240453
2004/11/21, 70.02835658214826
2004/11/21, 69.495873161892
2004/11/21, 68.96338974163574
2004/11/21, 68.43090632137947
2004/11/21, 67.96498332865524
2004/11/21, 67.36579238599947
2004/11/21, 66.8333089657432
2004/11/22, 71.62558620061586
2004/11/22, 71.09310278035959
2004/11/22, 70.56061936010332
2004/11/22, 70.02813593984705
2004/11/22, 69.36245811709298
2004/11/22, 68.82997469683671
2004/11/22, 68.29749127658044
2004/11/22, 67.76500785632417
2004/11/22, 67.09923197032512
2004/11/22, 66.43365221081604
2004/11/22, 65.90116879055978
2004/11/22, 65.50180622536757
2004/11/23, 68.82968050710177
2004/11/23, 68.2971970868455
2004/11/23, 67.76471366658923
2004/11/23, 67.09893778059018
2004/11/23, 66.43335802108109
2004/11/23, 65.90087460082484
2004/11/23, 65.36839118056857
2004/11/23, 65.10222301787418
2004/11/23, 68.29690289711056
2004/11/23, 67.76441947685429
2004/11/23, 64.70261529456951
2004/11/23, 64.03703553506043
2004/11/23, 63.504552114804156
2004/11/24, 67.09864359085523
2004/11/24, 66.43306383134615
2004/11/24, 65.90058041108989
2004/11/24, 65.36809699083362
2004/11/24, 64.70232110483457
2004/11/24, 64.03674134532548
2004/11/24, 63.50425792506921
2004/11/24, 62.971774504812956
2004/11/24, 62.439291084556686
2004/11/25, 66.96525306186747
2004/11/25, 66.4327696416112
2004/11/25, 65.90028622135495
2004/11/25, 65.36780280109868
2004/11/25, 64.70205143091086
2004/11/25, 64.16956801065459
2004/11/25, 63.63708459039833
2004/11/25, 63.10460117014206
2004/11/25, 62.57211774988579
2004/11/25, 62.03963432962952
2004/11/25, 65.63375032149185
2004/11/25, 65.10126690123559
2004/11/25, 61.55135291704923
2004/11/26, 64.50207595857981
2004/11/26, 63.903032110791514
2004/11/26, 63.370548690535244
2004/11/26, 62.838065270278975
2004/11/26, 62.30558185002272
2004/11/26, 65.50040882412658
2004/11/26, 64.96792540387031
2004/11/26, 61.77292681908773
2004/11/26, 61.10734705957864
2004/11/26, 60.84117889688426
2004/11/27, 63.503375355864364
2004/11/27, 62.97089193560811
2004/11/27, 62.43840851535184
2004/11/27, 61.772632629352785
2004/11/27, 61.1070528698437
2004/11/27, 60.57456944958743
2004/11/27, 62.438114325616894
2004/11/27, 59.908793563588375
2004/11/27, 59.37633465914337
2004/11/28, 61.77233843961784
2004/11/28, 61.106758680108754
2004/11/28, 60.574275259852485
2004/11/28, 59.90849937385343
2004/11/28, 59.24291961434433
2004/11/28, 58.84355704915214
2004/11/29, 61.638947910630066
2004/11/29, 61.106464490373796
2004/11/29, 60.573981070117526
2004/11/29, 59.90822969992972
2004/11/29, 59.375746279673464
2004/11/29, 58.843262859417194
2004/11/29, 60.97304944557479
2004/11/29, 60.44056602531852
2004/11/29, 58.31063234429345
2004/11/30, 59.90791099438353
2004/11/30, 59.24233123487444
2004/11/30, 58.709847814618186
2004/11/30, 57.97768311176581
2004/11/30, 60.57339269064764
2004/12/01, 59.90764132045983
2004/12/01, 59.375157900203575
2004/12/01, 58.842674479947306
2004/12/01, 58.310191059691036
2004/11/30, 57.91090204193256
2004/12/01, 60.439977645848614
2004/12/01, 60.97231397123741
2004/12/01, 59.90734713072487
2004/12/01, 59.37486371046862
2004/12/01, 58.84238029021235
2004/12/02, 60.43965894030242
2004/12/02, 61.23823697581935
2004/12/02, 59.64078671505055
2004/12/02, 59.10840135803927
2004/12/03, 60.439389266378726
2004/12/03, 61.50420901202378
2004/12/03, 60.97172559176752
2004/12/03, 59.90675875125498
2004/12/03, 59.37427533099873
2004/12/03, 60.43909507664378
2004/12/04, 61.37079396722477
2004/12/04, 60.838310546968515
2004/12/04, 59.90644004570879
2004/12/04, 59.307420713731744
2004/12/05, 60.97113721229762
2004/12/05, 60.43865379204135
2004/12/05, 59.90617037178508
2004/12/05, 59.373686951528825
2004/12/05, 62.83451047764835
2004/12/05, 62.168930718139265
2004/12/05, 61.63644729788301
2004/12/05, 61.10396387762674
2004/12/05, 60.57148045737047
2004/12/05, 60.0389970371142
2004/12/05, 59.506513616857944
2004/12/05, 58.974030196601674
2004/12/05, 58.70786203390729
2004/12/06, 66.56160022970728
2004/12/06, 65.8960204701982
2004/12/06, 65.36353704994193
2004/12/06, 64.83105362968566
2004/12/06, 64.56488546699126
2004/12/06, 63.366699708169676
2004/12/06, 62.70111994866059
2004/12/06, 62.16863652840432
2004/12/06, 61.636153108148065
2004/12/06, 61.103669687891795
2004/12/06, 60.571186267635525
2004/12/06, 60.038702847379255
2004/12/06, 59.506219427123
2004/12/06, 59.10693040936452
2004/12/07, 64.1652777436866
2004/12/07, 67.09381397603984
2004/12/07, 66.56133055578358
2004/12/07, 66.02884713552731
2004/12/07, 65.49636371527104
2004/12/07, 64.96388029501477
2004/12/07, 63.36643003424598
2004/12/07, 62.83394661398971
2004/12/07, 62.301463193733454
2004/12/07, 61.768979773477184
2004/12/07, 61.236496353220915
2004/12/07, 60.704012932964645
2004/12/07, 60.17160306014212
2004/12/07, 59.63911963988585
2004/12/07, 68.69109262612993
2004/12/07, 68.02551286662083
2004/12/07, 67.49302944636456
2004/12/07, 64.4312252640798
2004/12/07, 63.7656455045707
2004/12/08, 66.8272535603655
2004/12/08, 66.16167380085642
2004/12/08, 65.62919038060015
2004/12/08, 65.0967069603439
2004/12/08, 63.099869618571645
2004/12/08, 62.500850286594584
2004/12/08, 62.0350008413041
2004/12/08, 61.36932301855002
2004/12/08, 60.90340002582579
2004/12/08, 69.22328185665123
2004/12/08, 68.55770209714214
2004/12/08, 68.02521867688588
2004/12/08, 67.49273525662962
2004/12/08, 64.43093107434484
2004/12/08, 63.765351314835755
2004/12/09, 70.02185989216815
2004/12/09, 66.82695937063056
2004/12/09, 66.16137961112148
2004/12/09, 65.6288961908652
2004/12/09, 65.09641277060895
2004/12/09, 63.0995754288367
2004/12/08, 62.700310926889486
2004/12/09, 69.22301218272753
2004/12/09, 68.69052876247127
2004/12/09, 68.158045342215
2004/12/09, 67.62556192195873
2004/12/09, 64.43073494785487
2004/12/09, 63.8982515275986
2004/12/09, 70.2878319283726
2004/12/09, 69.75534850811633
2004/12/09, 67.09293140683499
2004/12/09, 66.6935688416428
2004/12/10, 69.22269347718134
2004/12/10, 68.55711371767225
2004/12/10, 68.024630297416
2004/12/10, 67.49214687715973
2004/12/10, 69.88817517344543
2004/12/10, 66.87074460951537
2004/12/11, 69.2223992874464
2004/12/11, 68.5568195279373
2004/12/11, 68.02433610768104
2004/12/11, 67.49185268742477
2004/12/11, 66.82610131723696
2004/12/11, 68.82276704833049
2004/12/11, 68.29028362807422
2004/12/11, 67.75780020781795
2004/12/11, 67.2253167875617
2004/12/11, 66.29344628630197
2004/12/12, 67.757506018083
2004/12/12, 67.22502259782675
2004/12/12, 66.69253917757048
2004/12/12, 66.16005575731421
2004/12/12, 65.62757233705794
2004/12/12, 65.09508891680169
2004/12/12, 64.82892075410727
2004/12/13, 67.2247284080918
2004/12/13, 66.69224498783554
2004/12/13, 66.15976156757927
2004/12/13, 65.627278147323
2004/12/13, 65.09479472706674
2004/12/13, 64.56231130681047
2004/12/14, 67.09128884748152
2004/12/14, 66.42570908797244
2004/12/14, 65.89322566771618
2004/12/14, 65.36074224745991
2004/12/14, 64.82825882720364
2004/12/14, 64.29577540694737
2004/12/14, 63.89641284175518
2004/12/15, 73.48079570082177
2004/12/15, 72.81521594131269
2004/12/15, 72.28273252105643
2004/12/15, 71.75024910080016
2004/12/15, 71.21776568054389
2004/12/15, 70.68528226028762
2004/12/15, 70.15279884003137
2004/12/15, 69.6203154197751
2004/12/15, 69.08783199951883
2004/12/15, 68.55534857926256
2004/12/15, 68.0228651590063
2004/12/15, 67.49038173875003
2004/12/15, 66.95789831849376
2004/12/15, 66.42541489823749
2004/12/15, 65.89293147798124
2004/12/15, 65.36044805772497
2004/12/15, 64.8279646374687
2004/12/15, 64.29548121721243
2004/12/15, 63.76299779695617
2004/12/14, 63.36370877919771
2004/12/15, 81.46775281493083
2004/12/15, 80.80217305542175
2004/12/15, 80.26968963516548
2004/12/15, 79.73720621490921
2004/12/15, 79.20472279465294
2004/12/15, 78.67223937439668
2004/12/15, 78.13975595414041
2004/12/15, 77.60727253388414
2004/12/15, 77.07478911362787
2004/12/15, 76.54230569337162
2004/12/15, 76.00982227311535
2004/12/15, 75.47733885285908
2004/12/15, 74.94485543260281
2004/12/15, 74.41237201234655
2004/12/15, 73.87988859209028
2004/12/15, 73.34740517183401
2004/12/15, 72.81492175157774
2004/12/15, 72.28243833132149
2004/12/15, 71.74995491106522
2004/12/15, 71.21747149080895
2004/12/15, 70.68498807055268
2004/12/15, 70.15250465029642
2004/12/15, 69.62002123004015
2004/12/15, 69.08753780978388
2004/12/15, 68.55505438952761
2004/12/15, 68.02257096927136
2004/12/15, 67.49008754901509
2004/12/15, 66.95760412875882
2004/12/15, 66.42512070850255
2004/12/15, 65.89263728824629
2004/12/15, 65.36015386799002
2004/12/15, 64.82767044773375
2004/12/15, 64.29518702747748
2004/12/15, 64.02901886478308
2004/12/16, 82.53244998151966
2004/12/16, 81.99996656126339
2004/12/16, 81.46748314100714
2004/12/16, 80.93499972075087
2004/12/16, 80.4025163004946
2004/12/16, 79.87003288023833
2004/12/16, 79.33754945998207
2004/12/16, 78.8050660397258
2004/12/16, 78.27258261946953
2004/12/16, 77.74009919921326
2004/12/16, 77.207615778957
2004/12/16, 76.67513235870074
2004/12/16, 76.14264893844447
2004/12/16, 75.6101655181882
2004/12/16, 75.07768209793194
2004/12/16, 74.54519867767567
2004/12/16, 74.0127152574194
2004/12/16, 73.48023183716313
2004/12/16, 72.94774841690688
2004/12/16, 72.4152649966506
2004/12/16, 71.88278157639434
2004/12/16, 71.35029815613807
2004/12/16, 70.81781473588181
2004/12/16, 70.28533131562554
2004/12/16, 69.75284789536927
2004/12/16, 69.220364475113
2004/12/16, 68.68788105485675
2004/12/16, 68.15539763460048
2004/12/16, 67.6229142143442
2004/12/16, 67.09043079408794
2004/12/16, 66.55794737383168
2004/12/16, 66.09202438110744
2004/12/16, 64.9605706604966
2004/12/16, 64.56120809530441
2004/12/17, 83.59726972716471
2004/12/17, 83.06478630690845
2004/12/17, 82.5321557917847
2004/12/17, 81.99967237152843
2004/12/17, 81.46718895127218
2004/12/17, 80.93470553101591
2004/12/17, 80.40222211075964
2004/12/17, 79.86973869050337
2004/12/17, 79.33725527024711
2004/12/17, 78.80477184999084
2004/12/17, 78.27228842973457
2004/12/17, 77.7398050094783
2004/12/17, 77.20732158922205
2004/12/17, 76.67483816896578
2004/12/17, 76.14235474870951
2004/12/17, 75.60987132845324
2004/12/17, 75.07738790819698
2004/12/17, 74.54490448794071
2004/12/17, 74.01242106768444
2004/12/17, 73.47993764742817
2004/12/17, 72.94752777460566
2004/12/17, 72.41504435434939
2004/12/17, 71.88256093409312
2004/12/17, 71.35007751383685
2004/12/17, 70.8175940935806
2004/12/17, 70.28511067332433
2004/12/17, 69.75262725306806
2004/12/17, 69.22014383281179
2004/12/17, 68.68766041255553
2004/12/17, 68.15517699229926
2004/12/17, 67.62269357204299
2004/12/17, 67.09021015178672
2004/12/17, 66.55772673153047
2004/12/17, 84.12943444187478
2004/12/17, 83.46385468236569
2004/12/17, 82.93137126210944
2004/12/18, 82.26559537611038
2004/12/18, 81.6000156166013
2004/12/18, 81.13409262387707
2004/12/18, 80.66824317858658
2004/12/18, 80.13575975833031
2004/12/18, 79.60327633807404
2004/12/18, 79.07079291781777
2004/12/18, 78.5383094975615
2004/12/18, 78.00582607730524
2004/12/18, 77.47334265704897
2004/12/18, 76.9408592367927
2004/12/18, 76.4083022691027
2004/12/18, 75.87581884884644
2004/12/18, 75.34340897602391
2004/12/18, 74.81092555576764
2004/12/18, 74.27844213551137
2004/12/18, 73.74595871525511
2004/12/18, 73.34659615006291
2004/12/18, 84.66164818820735
2004/12/18, 84.12916476795108
2004/12/18, 83.59668134769483
2004/12/18, 83.06419792743856
2004/12/19, 85.72646793385242
2004/12/19, 85.19398451359615
2004/12/19, 82.53156741231481
2004/12/19, 81.99908399205854
2004/12/19, 81.46660057180229
2004/12/19, 84.6613539984724
2004/12/19, 84.12887057821614
2004/12/19, 83.59638715795988
2004/12/19, 83.06390373770361
2004/12/19, 85.72617374411747
2004/12/19, 85.1936903238612
2004/12/19, 82.53127322257987
2004/12/19, 81.9987898023236
2004/12/19, 81.46630638206734
2004/12/19, 80.93382296181107
2004/12/19, 80.4013395415548
2004/12/20, 84.66105980873745
2004/12/20, 84.12857638848118
2004/12/20, 83.59609296822492
2004/12/20, 83.06360954796865
2004/12/20, 79.93526945396309
2004/12/20, 85.06027527906218
2004/12/20, 82.53095451703366
2004/12/20, 81.86537475752458
2004/12/20, 81.33289133726831
2004/12/20, 80.80040791701205
2004/12/20, 80.26792449675578
2004/12/20, 76.40741969989786
2004/12/20, 75.87493627964159
2004/12/21, 84.39449939306313
2004/12/21, 83.72891963355404
2004/12/21, 83.19643621329777
2004/12/21, 79.60214861075673
2004/12/21, 78.93656885124764
2004/12/21, 78.40408543099137
2004/12/21, 77.87160201073512
2004/12/21, 77.33911859047885
2004/12/21, 76.80663517022258
2004/12/21, 75.43102848541596
2004/12/21, 82.53068484310997
2004/12/21, 81.9982014228537
2004/12/21, 81.46571800259744
2004/12/21, 80.93323458234117
2004/12/21, 80.4007511620849
2004/12/21, 76.14088380003477
2004/12/21, 83.59550458875503
2004/12/21, 83.06302116849876
2004/12/21, 79.86812064696116
2004/12/21, 79.3356372267049
2004/12/21, 78.80315380644863
2004/12/21, 78.27067038619236
2004/12/21, 77.7381869659361
2004/12/21, 77.20570354567984
2004/12/21, 76.67322012542357
2004/12/21, 75.60825328491103
2004/12/21, 75.07576986465477
2004/12/21, 74.5432864443985
2004/12/21, 74.07736345167427
2004/12/22, 82.53039065337502
2004/12/22, 81.99790723311875
2004/12/22, 81.46549736029623
2004/12/22, 80.79981953754216
2004/12/22, 80.2673361172859
2004/12/22, 76.14056509448858
2004/12/22, 79.60156023128684
2004/12/22, 78.93598047177775
2004/12/22, 78.40349705152148
2004/12/22, 77.87101363126523
2004/12/22, 77.33853021100896
2004/12/22, 76.80604679075269
2004/12/22, 75.34169286923671
2004/12/22, 74.67611310972762
2004/12/22, 74.14362968947135
2004/12/22, 73.6111462692151
2004/12/23, 80.26704192755093
2004/12/23, 76.14027090475363
2004/12/23, 79.60136410479687
2004/12/23, 79.0688806845406
2004/12/23, 78.53639726428433
2004/12/23, 78.00391384402808
2004/12/23, 77.4714304237718
2004/12/23, 76.93894700351554
2004/12/23, 75.341423195313
2004/12/23, 74.80893977505673
2004/12/23, 74.27645635480046
2004/12/23, 73.7439729345442
2004/12/23, 73.27804994181997
2004/12/23, 75.74063866563773
2004/12/23, 72.67883448335294
2004/12/23, 72.14637557890794
2004/12/24, 75.07496084288367
2004/12/24, 74.54240387519366
2004/12/24, 74.00992045493739
2004/12/24, 73.47743703468112
2004/12/24, 72.94478200374614
2004/12/24, 72.27920224423706
2004/12/24, 71.74671882398079
2004/12/25, 74.1427471202665
2004/12/25, 73.61026370001025
2004/12/25, 71.08094293798173
2004/12/24, 70.6816784360345
2004/12/25, 72.9444878140112
2004/12/25, 72.27890805450211
2004/12/25, 71.74642463424584
2004/12/25, 73.6099695102753
2004/12/25, 71.08064874824679
2004/12/25, 70.4150689887377
2004/12/25, 70.0157064235455
2004/12/26, 72.81109728502341
2004/12/26, 72.27861386476715
2004/12/26, 71.74613044451088
2004/12/26, 71.08035455851183
2004/12/26, 70.41477479900274
2004/12/26, 69.88229137874647
2004/12/26, 69.48292881355428
2004/12/27, 72.27831967503221
2004/12/27, 71.74583625477594
2004/12/27, 71.08008488458813
2004/12/27, 70.54760146433186
2004/12/27, 70.01511804407559
2004/12/27, 69.48263462381934
2004/12/28, 70.68042812966098
2004/12/28, 70.14794470940473
2004/12/28, 69.61546128914846
2004/12/28, 69.21609872395625
2004/12/28, 70.28077137473385
2004/12/28, 69.74828795447758
2004/12/28, 69.2158045342213
2004/12/28, 68.81644196902911
2004/12/29, 71.34541950970016
2004/12/29, 70.67983975019108
2004/12/29, 70.14735632993482
2004/12/29, 69.61487290967855
2004/12/29, 69.08238948942228
2004/12/29, 68.8162213267279
2004/12/30, 71.87763325603274
2004/12/30, 71.34514983577647
2004/12/30, 70.81266641552021
2004/12/30, 70.28018299526394
2004/12/30, 69.74769957500767
2004/12/30, 69.2152161547514
2004/12/30, 68.81585358955921
2004/12/30, 72.9424530016778
2004/12/30, 72.40996958142154
2004/12/31, 71.8773390662978
2004/12/31, 71.34485564604152
2004/12/31, 70.81237222578527
2004/12/31, 70.279888805529
2004/12/31, 69.74740538527273
2004/12/31, 69.2814823925485
2004/12/31, 68.815632947258
2004/12/31, 73.47461771638787
2004/12/31, 72.80903795687878
2004/12/31, 72.27655453662253
2005/01/01, 71.6108031664347
2005/01/01, 71.14488017371048
2004/12/31, 70.54590987335591
2004/12/31, 70.01342645309964
2004/12/31, 69.48094303284338
2005/01/01, 73.07498547727197
2005/01/01, 72.5425020570157
2005/01/01, 72.01001863675943
2005/01/01, 71.54394854916772
2005/01/02, 72.67540226977856
2005/01/02, 72.1429188495223
