DATA,LAHTI,PORVO,MUSTI,FLOW
1/1/2001,0.7,0.5,1.3,6.45
1/2/2001,0,0.1,0,6.45
1/3/2001,0.1,0.1,0,6.18
1/4/2001,1.2,3,1,5.14
1/5/2001,0.2,0,0.2,4.88
1/6/2001,1.1,7.4,3,4.88
1/7/2001,1,1.9,0.7,4.88
1/8/2001,1,2.4,3.4,4.88
1/9/2001,7.2,2.3,5.3,6.45
1/10/2001,1.4,0.5,0.1,6.45
1/11/2001,0.7,0.3,0.4,6.45
1/12/2001,0,0,0.06,6.45
1/13/2001,0,0.1,0.06,6.45
1/14/2001,0,0,0,6.18
1/15/2001,0,0,0,5.14
1/16/2001,0,0,0,4.88
1/17/2001,0.2,0.2,0,4.88
1/18/2001,0.06,0,0,4.62
1/19/2001,0.3,0.06,0.5,3.83
1/20/2001,0.4,0.3,0.7,3.83
1/21/2001,0,0,0,3.83
1/22/2001,0,0,0,3.83
1/23/2001,0,0,0.1,3.83
1/24/2001,2.4,2.9,3.3,2.78
1/25/2001,9.2,6.3,8.7,3.31
1/26/2001,0,0.2,3.2,3.05
1/27/2001,4.2,10.1,4.5,2.26
1/28/2001,0.4,0.9,0.3,2.26
1/29/2001,2.5,2,3,2.35
1/30/2001,1.1,0.5,0.2,3.31
1/31/2001,0.1,0,0,3.83
2/1/2001,1.1,1.4,1.2,3.05
2/2/2001,0,0,0,2.26
2/3/2001,0.9,1,1.2,2.26
2/4/2001,1.3,0.8,1,2.26
2/5/2001,1.1,2,3,2.26
2/6/2001,8,15.5,10.1,2.26
2/7/2001,0.7,1.3,1.1,3.31
2/8/2001,4.9,4.7,5.4,5.92
2/9/2001,1.3,1.9,1,9.06
2/10/2001,0,0,0,13.77
2/11/2001,5,4.9,5.5,14.29
2/12/2001,1.2,0.2,0.5,13.77
2/13/2001,0,0,0.06,11.68
2/14/2001,1.3,0.5,1,8.28
2/15/2001,0,0,0,7.49
2/16/2001,0,0,0,7.49
2/17/2001,0.3,1,2.5,6.45
2/18/2001,0.06,0,0.5,6.45
2/19/2001,0.7,1.8,1.8,6.45
2/20/2001,3.6,3.8,4.9,6.18
2/21/2001,4.6,5.5,3,4.88
2/22/2001,0,0.3,0,4.88
2/23/2001,0,0,0,4.88
2/24/2001,0.3,0.5,0.5,4.88
2/25/2001,0,0,0,4.09
2/26/2001,2.4,4.3,3.9,3.83
2/27/2001,2.3,1.6,2.8,3.83
2/28/2001,0.2,0.1,0.3,3.83
3/1/2001,0.5,0.9,0.9,3.83
3/2/2001,4.5,6.5,4.6,3.83
3/3/2001,0.1,0.1,0.1,3.83
3/4/2001,0.06,0.06,0.1,3.83
3/5/2001,0.06,0,0.1,3.83
3/6/2001,6,3.5,4.9,3.57
3/7/2001,0.06,0,0,2.52
3/8/2001,0,0,0,2.26
3/9/2001,0,0,1.1,2.26
3/10/2001,6.2,4.9,5.2,2.26
3/11/2001,3.6,2.8,3.3,2.26
3/12/2001,10.7,6,4.9,2.26
3/13/2001,0.3,0,0,3.31
3/14/2001,0,0,0,7.36
3/15/2001,0.4,0.5,0.1,13.77
3/16/2001,0.6,1.6,0.3,14.82
3/17/2001,0.06,0.1,0.06,16.65
3/18/2001,1,0.4,1,14.29
3/19/2001,0.06,0,0.06,11.42
3/20/2001,0,0,0,10.37
3/21/2001,2.9,0.1,0.6,8.28
3/22/2001,0.9,0.6,1.1,7.49
3/23/2001,0.06,0.1,0.1,6.18
3/24/2001,0,0,0,5.14
3/25/2001,0,0,0,4.88
3/26/2001,0.3,2.2,2.1,4.88
3/27/2001,0.06,0.3,0.4,3.83
3/28/2001,0,0,0,3.83
3/29/2001,0,0,0,3.83
3/30/2001,1.5,0.1,1,3.83
3/31/2001,1.9,0.9,2.5,3.83
4/1/2001,1.2,0.6,0.4,3.83
4/2/2001,0,0,0,9.06
4/3/2001,0.2,0.1,0,12.2
4/4/2001,0,0,0,29.98
4/5/2001,0,0.1,0.2,41.49
4/6/2001,0,0,0,42.54
4/7/2001,0.06,0.1,0.06,51.95
4/8/2001,0.1,0.1,0.2,62.42
4/9/2001,1.1,1.8,1.4,63.46
4/10/2001,0,0,0,56.14
4/11/2001,0,0,0,51.69
4/12/2001,0,0,0,49.34
4/13/2001,0,0.06,0.06,49.34
4/14/2001,2.9,4.4,3.2,46.72
4/15/2001,6.9,9.2,8.7,41.75
4/16/2001,0,0,0,39.14
4/17/2001,0.5,1,1.3,29.2
4/18/2001,0.06,0.1,0.3,28.42
4/19/2001,0.06,5.7,1.9,28.42
4/20/2001,0.8,0.5,1,28.42
4/21/2001,0,7.4,0,28.42
4/22/2001,0.06,1,1.9,28.42
4/23/2001,4.7,0.9,0.3,28.42
4/24/2001,0,0,0,28.42
4/25/2001,0.2,0.3,1,27.37
4/26/2001,0.06,1.4,2.3,27.37
4/27/2001,2.3,5.7,5.8,27.37
4/28/2001,0.5,0.7,0.8,26.58
4/29/2001,0,0,0.06,23.45
4/30/2001,0,0,0,22.4
5/1/2001,2.6,0,0.1,22.14
5/2/2001,0,0,0,22.14
5/3/2001,0,0,0,19
5/4/2001,0.1,0,0,16.91
5/5/2001,3.1,1,0.4,16.12
5/6/2001,0,0,0,14.29
5/7/2001,0,0,0,14.03
5/8/2001,0,0,0,12.98
5/9/2001,0,0,0,11.68
5/10/2001,0,0,0,10.37
5/11/2001,0,0,0,9.06
5/12/2001,0,0,0,7.75
5/13/2001,4.8,0.06,1.4,7.49
5/14/2001,0,0,0,6.71
5/15/2001,0,0,0,6.45
5/16/2001,0.7,2.5,2.6,6.45
5/17/2001,2.2,2.4,2,6.45
5/18/2001,4.4,8,5.8,6.45
5/19/2001,2.2,2.3,2.5,6.45
5/20/2001,1.6,0.6,0.9,6.45
5/21/2001,0.9,0.8,0.8,6.45
5/22/2001,0.5,0.1,0,6.45
5/23/2001,2.8,2,6,6.45
5/24/2001,1.5,0.1,0.5,6.45
5/25/2001,2.2,0.2,1.2,6.45
5/26/2001,0,0,0,6.45
5/27/2001,0.2,0.7,0.2,6.18
5/28/2001,0,0,0.1,4.88
5/29/2001,1.6,1.6,0.2,4.88
5/30/2001,0.1,0.1,0,4.88
5/31/2001,0,0.3,0.5,4.88
6/1/2001,0,0,0,3.83
6/2/2001,0,0,0,3.83
6/3/2001,1.3,1.5,1.5,3.83
6/4/2001,3.8,3.8,8.7,3.83
6/5/2001,0,0,0,3.83
6/6/2001,0,0,0,3.83
6/7/2001,0.9,2.8,7.6,3.83
6/8/2001,0.5,0.2,0.3,3.83
6/9/2001,17.1,12.6,12.7,3.83
6/10/2001,3.3,9.6,3.2,3.83
6/11/2001,6.5,8,4.7,3.83
6/12/2001,19.5,17.6,16.3,4.35
6/13/2001,18.8,18.5,11,8.54
6/14/2001,9.1,17.3,34.8,28.42
6/15/2001,1.1,0,0,48.82
6/16/2001,0,0,0,48.55
6/17/2001,0.06,3,0.3,47.77
6/18/2001,0.06,0.5,0.4,43.06
6/19/2001,6.6,2.7,4.8,32.34
6/20/2001,3.3,8.3,2.9,22.4
6/21/2001,0.4,0.8,1,17.17
6/22/2001,0.9,0,0.06,16.12
6/23/2001,0,0,0,15.34
6/24/2001,0,0,0,15.34
6/25/2001,0,0,0,14.29
6/26/2001,0,0.4,0,11.94
6/27/2001,0,0,0,10.89
6/28/2001,0,0,0,8.28
6/29/2001,0,0,0,7.49
6/30/2001,0,0,0,6.45
7/1/2001,0.2,0.2,0.1,6.45
7/2/2001,0,0,0.1,5.14
7/3/2001,0.1,0,0,4.88
7/4/2001,0,0,0,4.88
7/5/2001,0,0,0,3.83
7/6/2001,0,0,0,3.57
7/7/2001,0,0,0,2.52
7/8/2001,0,0,0,2.26
7/9/2001,0,0,0.06,2.26
7/10/2001,1.4,0.06,0.9,2.26
7/11/2001,3.4,3,12.1,2.26
7/12/2001,1.8,0,0.06,2.26
7/13/2001,2.3,3,6,2.26
7/14/2001,1.6,0.1,0.4,2.26
7/15/2001,1.3,2.7,5.1,2.26
7/16/2001,1.6,4.9,2.1,2.26
7/17/2001,5.1,3.3,17.2,2.26
7/18/2001,17,28.3,29,2.78
7/19/2001,5.2,2.5,4.3,3.83
7/20/2001,0.1,0,0,7.49
7/21/2001,5.7,2.5,1.3,10.11
7/22/2001,0,0,0,9.32
7/23/2001,0,0,0,8.54
7/24/2001,0,0,0,5.14
7/25/2001,0.06,0,0,4.88
7/26/2001,0,0,1.2,4.88
7/27/2001,0,0,0,4.88
7/28/2001,0,0,0,4.88
7/29/2001,0,0,0,4.09
7/30/2001,8.7,7,2,3.83
7/31/2001,0.7,1,5.2,3.83
8/1/2001,0,0,0,3.83
8/2/2001,0,0,0,3.83
8/3/2001,0,0,0,3.83
8/4/2001,4.9,15.3,8.8,3.83
8/5/2001,1.4,7.5,3,3.83
8/6/2001,0.2,0.8,0.1,2.78
8/7/2001,5.1,3.8,4.2,3.31
8/8/2001,0,0.5,0.4,3.05
8/9/2001,0,0,0.1,2.26
8/10/2001,2.7,16.5,5.6,2.26
8/11/2001,1.4,1,1.6,3.31
8/12/2001,0.7,4.1,1.4,3.05
8/13/2001,5.7,0.2,3.3,2.26
8/14/2001,0,0,0,2.78
8/15/2001,0,0.1,0,3.83
8/16/2001,0,0,0,3.83
8/17/2001,0,0,0,3.83
8/18/2001,0,0,0,3.05
8/19/2001,0,0,0,2.26
8/20/2001,0,0,0,2.26
8/21/2001,0,0.06,0,2.26
8/22/2001,0.06,1.3,0,2.26
8/23/2001,0,0,0,2.26
8/24/2001,0,0,0,2.26
8/25/2001,0,0,0,2.26
8/26/2001,0,0,0,2.26
8/27/2001,0,0.6,0.06,2.26
8/28/2001,0,5.4,0.6,2.26
8/29/2001,0,0,0,2.26
8/30/2001,0,0,0,2.26
8/31/2001,0.06,5.4,3.7,1.22
9/1/2001,0.1,0,0.4,1.22
9/2/2001,0.06,0.6,0.06,1.22
9/3/2001,5.9,7.2,1.5,1.22
9/4/2001,6.5,4,5.5,1.22
9/5/2001,4.6,3.6,12.1,1.22
9/6/2001,0.9,0.2,0,2.26
9/7/2001,0.3,0.7,1.6,2.26
9/8/2001,8.3,15.7,16.6,2.26
9/9/2001,9.4,24,25.8,2.78
9/10/2001,27.2,9.6,14.3,6.45
9/11/2001,0.06,0.2,0.06,17.95
9/12/2001,1.3,2.4,2.1,17.95
9/13/2001,2.3,1,2.8,17.95
9/14/2001,5.2,3.6,21.2,14.82
9/15/2001,4.9,5.6,3.7,14.03
9/16/2001,0,0,0,11.68
9/17/2001,0,0,0,12.2
9/18/2001,0,0,0,12.72
9/19/2001,0,0,0,11.42
9/20/2001,0,0,0,10.37
9/21/2001,0,0,0,9.32
9/22/2001,0.3,0,0,9.06
9/23/2001,0.7,1.4,0.9,8.8
9/24/2001,0,0,0,7.75
9/25/2001,0,0,0,6.45
9/26/2001,1.1,0.6,0.9,6.45
9/27/2001,0.4,0.1,0,5.4
9/28/2001,3.5,1,6,4.88
9/29/2001,0.2,0,0,4.88
9/30/2001,0.06,0,0.2,4.62
10/1/2001,7.8,16.1,9.1,3.83
10/2/2001,0,2.7,0.2,5.14
10/3/2001,0.2,0.6,1.2,4.88
10/4/2001,0,0.1,0,4.88
10/5/2001,0.3,0,0,4.88
10/6/2001,0.2,0,0,4.88
10/7/2001,0.06,0.4,0.3,4.88
10/8/2001,0.9,1,1.2,4.88
10/9/2001,0.6,0.8,1.1,4.88
10/10/2001,5.1,9.3,16.5,4.88
10/11/2001,1.2,0.8,6.1,4.88
10/12/2001,2.4,2.5,2.1,7.49
10/13/2001,0.5,0.5,0.7,7.49
10/14/2001,0,0.3,0.1,7.49
10/15/2001,0,0.1,0.1,8.8
10/16/2001,2.5,0.2,1.9,7.75
10/17/2001,0.1,0.6,0.2,7.49
10/18/2001,0,0.2,0,7.49
10/19/2001,0,0,0,7.23
10/20/2001,0,0,0,6.45
10/21/2001,0.2,0.6,0.4,6.45
10/22/2001,0.06,0.3,0,5.66
10/23/2001,0,0,0,4.88
10/24/2001,0,0,0.1,4.88
10/25/2001,0.06,0,0,4.88
10/26/2001,0,0,0,3.83
10/27/2001,1,4.2,4.3,3.83
10/28/2001,2.2,0.8,0.2,3.83
10/29/2001,0.3,0.6,1.3,3.83
10/30/2001,9.4,13.8,8.8,3.83
10/31/2001,23.7,15.4,21.5,8.54
11/1/2001,6.5,2.6,2.1,26.32
11/2/2001,0.3,0,0.1,37.83
11/3/2001,0.06,0,0,37.31
11/4/2001,0,0.4,1,36.26
11/5/2001,0,0,0.06,26.32
11/6/2001,11.2,11.8,16.7,19
11/7/2001,1,2.8,2.7,16.91
11/8/2001,0,4.2,4.5,15.6
11/9/2001,0,3,0.1,16.65
11/10/2001,1.8,1.7,2.7,14.29
11/11/2001,2.4,0.2,1.9,24.23
11/12/2001,0,0,0.1,25.28
11/13/2001,0.2,0.5,0.5,27.11
11/14/2001,0,0,0.1,24.75
11/15/2001,7.1,8.8,7.4,19.26
11/16/2001,1.4,0.6,2.4,15.6
11/17/2001,1.1,0.06,0.2,17.56
11/18/2001,0,0,0,19.26
11/19/2001,0.06,0,0,16.91
11/20/2001,0.06,0,0,12.98
11/21/2001,0.4,2,3.9,9.06
11/22/2001,0.2,10.2,3.7,8.28
11/23/2001,0,1.7,0.7,7.49
11/24/2001,0.1,0.3,0.1,7.23
11/25/2001,0.06,0,0.2,6.45
11/26/2001,0.2,0,0.1,6.45
11/27/2001,1.2,0.6,1.6,6.45
11/28/2001,0.1,0.4,0.1,4.88
11/29/2001,0.7,3.1,1.4,4.96
11/30/2001,0.2,0.5,0.1,5.4
12/1/2001,0,0,0.1,5.4
12/2/2001,0.2,0,0.1,4.88
12/3/2001,0.1,0.4,1.2,4.88
12/4/2001,0,0,0.06,4.88
12/5/2001,0,0,0,4.88
12/6/2001,0.06,0,0,4.88
12/7/2001,0.2,0.5,0.4,4.88
12/8/2001,3.4,2.5,3.1,4.62
12/9/2001,0.4,1.4,0.2,3.83
12/10/2001,0,0,0,3.83
12/11/2001,0,0,0,3.83
12/12/2001,0,0,0.1,3.83
12/13/2001,0.4,0.3,0.3,3.83
12/14/2001,0,0,0,3.83
12/15/2001,0.06,0.1,0,3.83
12/16/2001,0.1,0.1,0.1,3.83
12/17/2001,0.9,0.5,0.5,3.83
12/18/2001,7.3,4.2,3.4,3.83
12/19/2001,3.3,3.6,3.5,3.83
12/20/2001,0,0,0.06,3.83
12/21/2001,0,3.5,0.9,3.83
12/22/2001,0.2,0,0,3.83
12/23/2001,0.06,0,0,3.05
12/24/2001,0.4,0.7,0.3,2.26
12/25/2001,1.7,5.3,1.9,2.26
12/26/2001,1.8,2.2,1.5,2.26
12/27/2001,0.1,0,0.06,2.26
12/28/2001,0.7,0.06,0.7,2.26
12/29/2001,0.3,1.1,0.5,2.26
12/30/2001,0.2,0.1,0.1,2.35
12/31/2001,3.2,3.3,3,2.35
1/1/2002,0.06,1.9,0.3,1.23
1/2/2002,0,0,0,1.23
1/3/2002,0,0,0.4,1.24
1/4/2002,0.2,0.1,0.1,1.24
1/5/2002,0.06,0.1,0,1.24
1/6/2002,0.2,0,0.4,1.24
1/7/2002,5.3,4.7,3.3,1.24
1/8/2002,0,0,0.2,2.28
1/9/2002,0,0,0.1,1.5
1/10/2002,0,0,0,2.29
1/11/2002,0,0,0,2.29
1/12/2002,0,0,0,2.29
1/13/2002,2.1,3,2.6,2.29
1/14/2002,0.2,0.1,0.1,2.29
1/15/2002,0.3,0.1,0.2,3.34
1/16/2002,1.4,0.3,1.2,4.38
1/17/2002,2.3,0.8,0.8,5.43
1/18/2002,0.6,0.8,1.2,6.48
1/19/2002,3.3,2,2,7.52
1/20/2002,0,0,0.06,7.52
1/21/2002,4.3,3.3,4.1,6.74
1/22/2002,6.7,7.2,5.7,5.69
1/23/2002,0.9,2.9,1.3,4.91
1/24/2002,15.7,15,17.3,4.91
1/25/2002,8.7,10.6,13.5,7.14
1/26/2002,0,0,0,9.1
1/27/2002,0.06,0.1,0,11.19
1/28/2002,4.9,6.3,5.2,10.93
1/29/2002,0.4,8.2,4.4,9.1
1/30/2002,0,0,0,8.84
1/31/2002,0.1,0.2,0,8.05
2/1/2002,0.8,0.8,1.5,6.49
2/2/2002,6,4.1,3.9,6.49
2/3/2002,0,0,0.06,8.58
2/4/2002,0.6,0.4,1.5,22.18
2/5/2002,7.5,6.5,7.2,29.5
2/6/2002,1.2,0.9,0.3,30.55
2/7/2002,0.4,0.8,1.3,37.87
2/8/2002,1.6,0.9,0.7,39.97
2/9/2002,4.2,8.5,5.7,40.49
2/10/2002,2.4,2.3,2,38.92
2/11/2002,0.2,1.2,0.6,44.15
2/12/2002,2,6.4,2,43.11
2/13/2002,0.1,0,0.1,42.58
2/14/2002,0,0,0,41.54
2/15/2002,0.2,0.1,0.06,36.31
2/16/2002,0,0,0,30.3
2/17/2002,0,0,0,24.02
2/18/2002,2.3,4.6,4,22.45
2/19/2002,1.9,1.5,1.4,21.67
2/20/2002,0,0,0.06,18.79
2/21/2002,0.1,0,0,18.01
2/22/2002,6.3,4,13,15.39
2/23/2002,9.9,3.1,10,12.78
2/24/2002,0.8,0.8,0.3,10.69
2/25/2002,0.5,1.7,1.1,9.38
2/26/2002,1,4.6,2.9,9.12
2/27/2002,6.8,9.2,7.9,8.86
2/28/2002,1.5,1.9,1.3,7.81
3/1/2002,0,0,0,7.55
3/2/2002,2.2,3,2.8,7.55
3/3/2002,2,2.1,1.3,5.99
3/4/2002,2,1.2,1.4,6.51
3/5/2002,3.1,2.8,5,6.51
3/6/2002,9.8,9.9,14.3,6.51
3/7/2002,0.3,0.2,0.3,6.25
3/8/2002,0.3,0.3,1.3,5.2
3/9/2002,8.8,10.5,8.5,4.94
3/10/2002,0.3,0.2,0.1,4.94
3/11/2002,1.4,2.5,2.1,4.95
3/12/2002,0.3,0.5,0,4.95
3/13/2002,0.2,0.6,0.5,4.95
3/14/2002,0,0,0,4.95
3/15/2002,0,0,0,4.95
3/16/2002,0,0,0,4.95
3/17/2002,0,0,0,4.95
3/18/2002,0.5,0.5,0.3,5.47
3/19/2002,0,0,0,6.52
3/20/2002,2.6,2.8,2.9,6.52
3/21/2002,0,0.06,0,11.75
3/22/2002,2.3,0.6,2,18.03
3/23/2002,0,0,0,19.08
3/24/2002,0,0,0,22.21
3/25/2002,0,0,0,25.88
3/26/2002,0.06,0,0,26.92
3/27/2002,0,0,0,24.83
3/28/2002,0,0,0,24.83
3/29/2002,0,0,0,34.77
3/30/2002,0,0,0,35.82
3/31/2002,0,0,0,48.37
4/1/2002,0,0,0,54.65
4/2/2002,0,0,0,55.69
4/3/2002,4.7,5.1,3.7,56.22
4/4/2002,0,0,0,51.77
4/5/2002,0,0,0,47.33
4/6/2002,0,0,0,38.18
4/7/2002,0,0,0,37.39
4/8/2002,0,0,0,32.69
4/9/2002,0,0,0,27.72
4/10/2002,0,0,0,23.8
4/11/2002,0,0,0,22.49
4/12/2002,0,0,0,22.23
4/13/2002,0,0,0,24.32
4/14/2002,0,0,0,27.46
4/15/2002,0,0,0,31.12
4/16/2002,0,0,0,32.17
4/17/2002,0,0,0,32.69
4/18/2002,0,0,0,32.69
4/19/2002,0,0,0,32.43
4/20/2002,0,0,0,30.08
4/21/2002,0,0,0,26.68
4/22/2002,0,0,0,24.85
4/23/2002,0,0,0,22.5
4/24/2002,0,0,0,21.45
4/25/2002,0,0,0,20.67
4/26/2002,0,0,0,20.67
4/27/2002,0.4,2.2,1.7,20.67
4/28/2002,0.6,0.06,0,20.67
4/29/2002,0,0,0,19.63
4/30/2002,0.1,0.4,0.1,19.36
5/1/2002,0.1,0,0,18.58
5/2/2002,0.06,0,0.06,16.75
5/3/2002,6.5,0.5,3.6,15.71
5/4/2002,13.7,3.4,10.2,14.4
5/5/2002,23,6.3,22.1,13.35
5/6/2002,0,0,0,32.18
5/7/2002,0,0,0,37.02
5/8/2002,0,0,0,44.21
5/9/2002,0,0,0,47.88
5/10/2002,0,0,0,43.43
5/11/2002,0,0,0,35.33
5/12/2002,0.1,0,0,27.74
5/13/2002,4,3.8,0.4,26.96
5/14/2002,0,0,0,21.34
5/15/2002,0.7,0.4,0.7,17.54
5/16/2002,2.6,0,0.7,15.45
5/17/2002,3.2,1.7,2.3,12.84
5/18/2002,0.7,0.4,0.8,11.79
5/19/2002,0,0,0,10.49
5/20/2002,0,0,0,10.23
5/21/2002,0,0,0,9.44
5/22/2002,0,0,0,8.14
5/23/2002,0.3,0,0,7.87
5/24/2002,0.06,0,0,6.83
5/25/2002,0,0,0,6.57
5/26/2002,0,0.06,0,6.31
5/27/2002,0,0,0,5
5/28/2002,0,0,0,5
5/29/2002,0,0,0,5
5/30/2002,0,0,0,4.74
5/31/2002,0,0,0,3.96
6/1/2002,0,0,0,3.96
6/2/2002,1.1,8.3,0.2,3.96
6/3/2002,0,0.3,0,3.18
6/4/2002,0.06,0,11.1,2.39
6/5/2002,0,0,0,2.39
6/6/2002,0,0,0,2.39
6/7/2002,0.06,0.1,0,2.39
6/8/2002,0,0,4.5,2.39
6/9/2002,5.8,0,0,2.4
6/10/2002,0,0,0,2.4
6/11/2002,0,0.5,0,2.4
6/12/2002,2,2.6,0.3,2.4
6/13/2002,9.7,26.6,17,2.4
6/14/2002,13.8,14.6,10.5,1.35
6/15/2002,0,0.2,0,3.45
6/16/2002,18.8,16.1,6,4.49
6/17/2002,5,0.7,2,5.02
6/18/2002,0,0,0,5.02
6/19/2002,0.06,0,0.06,6.06
6/20/2002,0,0.7,0.5,7.63
6/21/2002,9.9,9.5,7.2,6.85
6/22/2002,0,0,0,5.8
6/23/2002,2.3,8.2,4.7,4.76
6/24/2002,0,9.2,0,3.98
6/25/2002,4.9,0.5,3.9,3.98
6/26/2002,5.8,11.1,17.5,3.98
6/27/2002,14.5,8.6,7.2,3.98
6/28/2002,3,1.5,6.7,3.98
6/29/2002,0.2,0,0.2,5.02
6/30/2002,7.7,3,7.5,6.07
7/1/2002,0.9,0.3,3,8.16
7/2/2002,6.7,12.9,17.8,7.9
7/3/2002,1.2,0.5,1.8,7.64
7/4/2002,4.7,6,4,7.64
7/5/2002,19.9,19,10.9,8.17
7/6/2002,0.06,1.3,0.3,9.21
7/7/2002,0.4,1.2,1.5,11.31
7/8/2002,0.9,0,0,17.06
7/9/2002,0,0,0,20.72
7/10/2002,0,0,0,18.89
7/11/2002,0,0,0.06,18.11
7/12/2002,0,0,0,14.45
7/13/2002,0,0,0,8.7
7/14/2002,0,0,0,6.34
7/15/2002,9.5,0.1,1.6,5.04
7/16/2002,0,0,0,3.99
7/17/2002,0,0,0,3.99
7/18/2002,0,0,0,3.99
7/19/2002,6,0,0.9,3.99
7/20/2002,0.1,0.06,0.2,3.21
7/21/2002,4.3,4.6,2.8,2.43
7/22/2002,7,7.5,30.5,2.43
7/23/2002,10.1,1.3,6.1,6.09
7/24/2002,1.6,0.1,0.7,7.14
7/25/2002,2.1,27.4,0.2,9.23
7/26/2002,0.7,0.3,0,10.27
7/27/2002,1.1,0,2.7,10.28
7/28/2002,0,0,0,8.18
7/29/2002,0,0,0,6.88
7/30/2002,0,0,0,5.83
7/31/2002,0,0.3,0.2,5.05
8/1/2002,41.8,0.06,8.7,5.05
8/2/2002,0,0,0,4
8/3/2002,0.06,0,0,4
8/4/2002,0.06,0,0,5.05
8/5/2002,0,0,0,6.1
8/6/2002,0,0,0,5.84
8/7/2002,0,0,0,4.79
8/8/2002,0,0,0,4.01
8/9/2002,0,0,2.5,4.01
8/10/2002,0,0,0,3.75
8/11/2002,0,0,0,2.7
8/12/2002,0,0,0,2.44
8/13/2002,0,0,0,2.44
8/14/2002,0.1,0,0.2,2.44
8/15/2002,0,0,0,2.44
8/16/2002,0,0,0,2.44
8/17/2002,0,0,0,2.45
8/18/2002,0,0,0,2.45
8/19/2002,0,0,0,2.45
8/20/2002,0,0,0,2.45
8/21/2002,0,0,4.3,2.45
8/22/2002,0,0,0,2.45
8/23/2002,0,0,0,2.45
8/24/2002,0,0,0,2.45
8/25/2002,0,0,0,1.41
8/26/2002,0,0,0,1.41
8/27/2002,0,0,0,2.45
8/28/2002,0,3.2,2.2,2.45
8/29/2002,0,0,0,2.45
8/30/2002,14.1,3.7,7.3,1.41
8/31/2002,0.8,0.9,3.4,1.41
9/1/2002,2.7,2.1,1.5,2.98
9/2/2002,0,0,0,2.98
9/3/2002,0,0,0,2.46
9/4/2002,0,0,0,2.46
9/5/2002,0,0.2,0,2.46
9/6/2002,2.8,2.1,7.8,1.41
9/7/2002,1,0.1,0,1.41
9/8/2002,0,0.3,0,1.42
9/9/2002,0,0.1,0.06,2.46
9/10/2002,0,0,0,1.42
9/11/2002,0,0,0,2.46
9/12/2002,0,0,0,2.46
9/13/2002,0.06,0.06,0,2.46
9/14/2002,1.3,0.4,0.5,2.2
9/15/2002,0.4,0,0.06,1.42
9/16/2002,2.1,0.5,0.3,2.47
9/17/2002,5.9,5,1.4,2.47
9/18/2002,0.1,0.2,0.9,2.47
9/19/2002,0,0.1,0,2.21
9/20/2002,0,0,0,1.42
9/21/2002,0,0,0,1.95
9/22/2002,1.3,0,0,2.47
9/23/2002,1,0,0.7,2.21
9/24/2002,1.8,0.06,1.2,1.43
9/25/2002,0,0,0,2.47
9/26/2002,0,0.06,0,2.47
9/27/2002,0,0.06,0,2.48
9/28/2002,0.06,0,0,2.48
9/29/2002,0.1,1,0.5,2.48
9/30/2002,1.6,0.6,1,2.48
10/1/2002,0.06,0,0,1.69
10/2/2002,0,0,0,1.43
10/3/2002,0.1,0,0,1.43
10/4/2002,0,0,0.06,1.43
10/5/2002,0.2,0,0.06,1.43
10/6/2002,2,0,0.1,1.44
10/7/2002,0,0,0.06,1.44
10/8/2002,0,0,0,2.48
10/9/2002,0.06,0.6,0.1,1.44
10/10/2002,0,0.06,0,1.96
10/11/2002,0,0,0,2.49
10/12/2002,0.06,0,0,1.44
10/13/2002,0.06,0.4,0,1.44
10/14/2002,0,0,0,1.44
10/15/2002,2.9,6.5,3.5,1.97
10/16/2002,0.7,0.7,0.9,2.49
10/17/2002,0.5,0.1,0.3,2.49
10/18/2002,0.1,0.3,0.1,2.49
10/19/2002,0,0,0,2.49
10/20/2002,0,0,0,1.71
10/21/2002,0,0,0,2.49
10/22/2002,0,0,0,1.45
10/23/2002,0,0,0,1.45
10/24/2002,2.4,2.2,2.1,1.45
10/25/2002,1.3,0.2,0,2.5
10/26/2002,3.1,13.1,8,2.5
10/27/2002,1.1,3.5,4.4,2.5
10/28/2002,0.3,0,0,2.5
10/29/2002,0.06,0,0.1,2.5
10/30/2002,0.4,0.1,0.06,2.5
10/31/2002,0.06,3,5.5,1.45
11/1/2002,7,14.9,3.3,1.45
11/2/2002,0,0.1,0,2.76
11/3/2002,0,0.3,0,1.72
11/4/2002,0.1,0.2,0.2,2.5
11/5/2002,0,0.06,0,1.46
11/6/2002,1.7,0,0,1.46
11/7/2002,0,0,0.2,2.5
11/8/2002,0.5,4.1,2.8,1.72
11/9/2002,4,4,4.3,2.51
11/10/2002,0.2,1.2,0.4,2.51
11/11/2002,0.3,0.1,0.1,2.51
11/12/2002,0.06,0,0,2.25
11/13/2002,0.2,0,0.1,1.46
11/14/2002,0,0,0,1.46
11/15/2002,0,0,0,1.46
11/16/2002,0.06,0,0.1,1.47
11/17/2002,3.3,4.8,2,1.47
11/18/2002,8,10.1,9.3,1.47
11/19/2002,27.5,11.2,8,1.47
11/20/2002,15.9,19.5,10.4,2.51
11/21/2002,0.9,2.2,0.4,1.47
11/22/2002,0,0,0,1.99
11/23/2002,0,0.3,0,2.52
11/24/2002,0.7,0.06,0.2,2.26
11/25/2002,1.3,0.8,1.5,1.47
11/26/2002,13.4,8.2,9.5,1.47
11/27/2002,0,0.2,0.1,2
11/28/2002,0.06,0.1,0.06,3.04
11/29/2002,0,0.5,0.1,4.09
11/30/2002,0.3,0,0,4.09
12/1/2002,0.4,1.9,0.9,4.09
12/2/2002,0.9,2.9,1.3,3.31
12/3/2002,0,0,0,2.52
12/4/2002,0.2,0.2,0.1,2.52
12/5/2002,0.2,0,0.2,2.53
12/6/2002,0.1,0.2,0.1,1.48
12/7/2002,0.4,0.2,0.2,1.48
12/8/2002,1,0.6,0.7,2.53
12/9/2002,1.7,0,0.1,2.53
12/10/2002,0,0,0,1.48
12/11/2002,0,0,0.3,2.53
12/12/2002,0.3,0.3,1.5,2.53
12/13/2002,0.06,0,0,2.53
12/14/2002,0,0.2,0,2.53
12/15/2002,0.1,0,0.1,2.27
12/16/2002,0,0,0,1.49
12/17/2002,1.5,1.1,1.6,2.53
12/18/2002,0,0,0,2.53
12/19/2002,0.9,0.2,0.5,2.54
12/20/2002,2.3,0.3,1.5,2.54
12/21/2002,1.1,0.3,0.8,2.54
12/22/2002,0,0,0,2.54
12/23/2002,0,0,0,1.75
12/24/2002,0,0,0,1.49
12/25/2002,0.4,1.4,0.5,1.49
12/26/2002,0.3,0.9,1,1.49
12/27/2002,0,0.2,0.06,1.5
12/28/2002,0,1.1,0.1,1.5
12/29/2002,0.1,1,0.1,1.5
12/30/2002,0,0,0,1.5
12/31/2002,0,0,0,1.5
1/1/2003,0,0,0,0.59
1/2/2003,0,0,0,0.62
1/3/2003,0,0,0.1,0.62
1/4/2003,0,0.1,0,0.62
1/5/2003,0,0,0,0.62
1/6/2003,0,0,0,0.62
1/7/2003,2.2,2.4,2,0.62
1/8/2003,0.8,2,1.3,0.62
1/9/2003,0,0,0,0.62
1/10/2003,0,0,0,0.62
1/11/2003,6.7,4.9,6.1,0.65
1/12/2003,1.3,1.2,0.7,0.68
1/13/2003,0.9,0.5,1,0.71
1/14/2003,4.7,6,7.7,0.71
1/15/2003,3.3,2.6,2.5,0.71
1/16/2003,0.2,0.8,1.8,0.71
1/17/2003,0.2,0.2,0.2,0.73
1/18/2003,0.7,0.5,0.4,0.76
1/19/2003,0,0,0,0.78
1/20/2003,6.7,7,6.2,0.78
1/21/2003,0.1,0.1,0.5,0.78
1/22/2003,0.9,0.8,2,0.82
1/23/2003,4.6,6,3.8,0.82
1/24/2003,0.2,0.5,0.5,0.82
1/25/2003,2.6,2.7,2.6,0.82
1/26/2003,1.7,3.6,2.3,0.82
1/27/2003,0.5,0.6,1.4,0.85
1/28/2003,0.5,0.2,0.5,0.87
1/29/2003,0.06,0.9,0.06,0.87
1/30/2003,0,0.4,0,0.86
1/31/2003,0,0.3,0,0.82
2/1/2003,0.2,0,0.4,0.82
2/2/2003,0,0,0.1,0.85
2/3/2003,0.06,0.9,0.6,0.87
2/4/2003,0.7,4.3,1.5,0.87
2/5/2003,1.8,1.9,0.6,0.82
2/6/2003,2.5,2.9,2.3,0.82
2/7/2003,0,0,0.2,0.82
2/8/2003,0,0,0.1,0.82
2/9/2003,0,0,0,0.82
2/10/2003,0,0,0.2,0.82
2/11/2003,0,0.4,0.1,0.82
2/12/2003,0.06,0.1,0.1,0.82
2/13/2003,2.9,1,1.2,0.82
2/14/2003,0.5,0.6,0.5,0.82
2/15/2003,0,0,0,0.77
2/16/2003,0,0,0,0.77
2/17/2003,0,0,0,0.77
2/18/2003,0,0,0,0.77
2/19/2003,0,0,0,0.77
2/20/2003,0,0,0,0.77
2/21/2003,0,0,0,0.77
2/22/2003,0,0,0,0.77
2/23/2003,0,0,0.1,0.77
2/24/2003,0,0,0.1,0.77
2/25/2003,0,0.1,0,0.77
2/26/2003,0,0.3,0.1,0.77
2/27/2003,0.06,0.2,0.1,0.77
2/28/2003,0.06,0.1,0.1,0.77
3/1/2003,0,0.1,0.06,0.77
3/2/2003,0.06,0.2,0.1,0.75
3/3/2003,0.1,0.2,0.2,0.77
3/4/2003,0.06,0,0.06,0.77
3/5/2003,0,0,0,0.77
3/6/2003,0,0,0,0.77
3/7/2003,0,0,0,0.77
3/8/2003,0,0,0,0.82
3/9/2003,0.7,2.6,1.2,0.82
3/10/2003,3.2,3,3.7,0.82
3/11/2003,0,4.2,0.7,0.82
3/12/2003,0.2,0.1,0.1,0.82
3/13/2003,0,0,0,0.82
3/14/2003,0,0,0,0.86
3/15/2003,0,0,0,0.86
3/16/2003,0.4,0,0,0.86
3/17/2003,0,0,0,0.86
3/18/2003,0,0,0,0.86
3/19/2003,0.2,0,0.1,0.86
3/20/2003,0,0,0,0.9
3/21/2003,0,0,0,0.9
3/22/2003,0,0,0,1
3/23/2003,0,0,0,1.6
3/24/2003,0,0,0,1.98
3/25/2003,0,0,0,3.88
3/26/2003,0,0,0,7.74
3/27/2003,0,0,0,10.49
3/28/2003,0,0,0,12.16
3/29/2003,0,0,0,17.41
3/30/2003,0.2,0.2,0.1,19.45
3/31/2003,0.06,0.1,0.06,19.81
4/1/2003,0,0,0,20.36
4/2/2003,0,0.1,0,19.81
4/3/2003,2,4.3,5,16.17
4/4/2003,4.8,3.3,4.5,16.17
4/5/2003,6.6,12.4,10.9,16.17
4/6/2003,0,0,0,14.09
4/7/2003,0,0,0,11.82
4/8/2003,0,0,0,9.83
4/9/2003,0.3,2.5,1.2,8.64
4/10/2003,0.7,0.4,0.2,7.12
4/11/2003,0,0,0,5.87
4/12/2003,0,0,0,7.74
4/13/2003,0.3,0,0.1,10.02
4/14/2003,0.06,0,0,16.78
4/15/2003,0,0,0,19.44
4/16/2003,0,0.2,0,19.8
4/17/2003,0,0,0,20.54
4/18/2003,0,0.06,0,23.37
4/19/2003,0,0,0,24.25
4/20/2003,0,0,0,24.7
4/21/2003,0,0,0,24.7
4/22/2003,0,0,0,24.47
4/23/2003,0,0.3,0.06,22.73
4/24/2003,0,0,0,21.91
4/25/2003,0,0,0,21.11
4/26/2003,0,0,0,20.35
4/27/2003,0,0,0,18.22
4/28/2003,1.9,2.5,2.9,17.72
4/29/2003,6.1,4.3,6.1,15.58
4/30/2003,0.8,0.5,1,13.57
5/1/2003,10,8.2,10.2,11.82
5/2/2003,0,0,0,13.44
5/3/2003,6.5,5.5,7.5,13.95
5/4/2003,2.3,0.06,0,16.77
5/5/2003,0,0,0,17.08
5/6/2003,5.1,4.5,5.9,17.72
5/7/2003,6.1,0,0,17.72
5/8/2003,0.7,0.2,0.9,17.72
5/9/2003,0.2,0,0,17.08
5/10/2003,0,0,0,17.08
5/11/2003,0,0,0,16.92
5/12/2003,0,0,0,15.57
5/13/2003,1.4,1.5,2.7,14.47
5/14/2003,3.6,3.7,3.7,13.94
5/15/2003,4,5.7,5.2,11.6
5/16/2003,18.6,19.8,18.3,13.44
5/17/2003,13.4,9,14.1,24.45
5/18/2003,2.7,0.2,0.2,37.01
5/19/2003,0.3,0.06,0.2,38.4
5/20/2003,0,0,0,39.11
5/21/2003,0.06,0,0,38.75
5/22/2003,0,0,0,34.06
5/23/2003,2.5,4.9,3.5,29.94
5/24/2003,0.5,2.3,0.6,29.13
5/25/2003,0.5,0.2,0.3,22.09
5/26/2003,0,0,0.8,18.89
5/27/2003,0,0,0,16.76
5/28/2003,2,0,0.06,16.15
5/29/2003,0,0.1,0.3,14.07
5/30/2003,1.2,1.9,0,12.95
5/31/2003,0,0,0,10.57
6/1/2003,0.06,0.2,0.6,9.47
6/2/2003,0,0.06,0,8.88
6/3/2003,0,0,0,5.92
6/4/2003,13.5,0.5,0.2,5.7
6/5/2003,5,3.5,1.3,5.5
6/6/2003,0.6,0.7,0.3,5.11
6/7/2003,0.6,0.2,0.1,4.88
6/8/2003,0,0,0,4.88
6/9/2003,5.7,11.8,9.9,4.74
6/10/2003,0.9,0.06,0.3,4.49
6/11/2003,0,0,0,4.29
6/12/2003,0,0.3,0,4.29
6/13/2003,0.4,0.4,0,4.29
6/14/2003,8.2,1.1,2.7,4.25
6/15/2003,0,0.2,0,4.06
6/16/2003,1.6,1.3,0.06,3.91
6/17/2003,0.06,0,0,3.6
6/18/2003,0,0,0,3.4
6/19/2003,10.2,10.2,9.6,3.25
6/20/2003,4.6,8.2,3.5,3.16
6/21/2003,0.2,1.2,0,3.08
6/22/2003,0,0.9,0.5,3.37
6/23/2003,0,0.2,2.6,3.5
6/24/2003,2.9,0,0,3.73
6/25/2003,0,0,0.06,3.56
6/26/2003,3.1,0.1,0.06,3.4
6/27/2003,0,0,0,3.13
6/28/2003,0.06,2.2,0.1,3.08
6/29/2003,2.9,0.5,3.9,3.19
6/30/2003,0,0.5,0.4,3.25
7/1/2003,0,0,0,3.13
7/2/2003,0,0,0,2.8
7/3/2003,0.8,0.5,0.1,2.7
7/4/2003,0,1.1,1.2,2.58
7/5/2003,3.6,0.5,1.3,2.46
7/6/2003,0,0,0,2.4
7/7/2003,0,0,0,2.33
7/8/2003,4.8,4.1,0.5,2.21
7/9/2003,12.2,16.8,17.3,2.05
7/10/2003,0.3,0.5,0,3.25
7/11/2003,9.9,2.6,7.9,3.37
7/12/2003,9.2,1.2,4.2,4.87
7/13/2003,0,0.1,0,6.79
7/14/2003,5.6,0,0.5,6.91
7/15/2003,0,0,0,7.44
7/16/2003,0,0,0,7.11
7/17/2003,0,0,0,7.04
7/18/2003,0,0,0,6.85
7/19/2003,0,0,0,6.19
7/20/2003,0,0,0,5.39
7/21/2003,0.06,0,0,4.01
7/22/2003,0.06,0,0,3.91
7/23/2003,6.1,27.6,4,3.37
7/24/2003,12.4,4.6,0.06,3.1
7/25/2003,0,0,0,2.7
7/26/2003,1,0.1,0.5,2.46
7/27/2003,1.4,0,3,2.46
7/28/2003,0,0,0,2.4
7/29/2003,0,0,0,2.25
7/30/2003,0,0,1.3,2.46
7/31/2003,0,0,0,2.56
8/1/2003,0,0.06,0,2.49
8/2/2003,0,0,0,2.33
8/3/2003,0.4,0,0,1.96
8/4/2003,0,0.1,0,1.77
8/5/2003,1.3,4.5,4.2,1.63
8/6/2003,0,0,0.2,1.5
8/7/2003,0,0,0,1.54
8/8/2003,2.5,0.2,2.8,1.48
8/9/2003,0.06,3.7,5.7,1.43
8/10/2003,0,0,0.06,1.4
8/11/2003,0,0,0,1.37
8/12/2003,0,0,0,1.39
8/13/2003,0,0,0,1.42
8/14/2003,1.5,3.2,0.8,1.34
8/15/2003,3.9,14.1,4.3,1.34
8/16/2003,7.3,0.5,1.4,1.34
8/17/2003,0,0,0,1.42
8/18/2003,0.8,4.5,1.2,1.61
8/19/2003,3.6,22.1,6.5,1.77
8/20/2003,1.6,1,2,1.94
8/21/2003,9.6,15.7,1.7,1.97
8/22/2003,0.9,0.4,9.3,2.05
8/23/2003,17.3,11,5.9,2.33
8/24/2003,9.9,11.2,9.1,2.42
8/25/2003,0,0,0,2.96
8/26/2003,0,0.1,0,3.19
8/27/2003,0.5,0,0,3.37
8/28/2003,1.4,1.9,2.9,3.22
8/29/2003,0.3,0,0.6,3.1
8/30/2003,0.3,0,0,2.58
8/31/2003,0.06,0,0,2.05
9/1/2003,0.3,0,0,1.8
9/2/2003,0,0,0,1.63
9/3/2003,3.3,2.5,2.7,1.42
9/4/2003,0.06,0.5,0.4,1.22
9/5/2003,0,0,0,1.32
9/6/2003,0,0,0,1.34
9/7/2003,0,0,0,1.34
9/8/2003,0,0,0,1.34
9/9/2003,0,0,0,1.29
9/10/2003,0,0,0.1,1.22
9/11/2003,0.2,0,1.8,1.07
9/12/2003,0,0.1,1.3,1.11
9/13/2003,0,0,0,1.07
9/14/2003,0.06,0,0,1.04
9/15/2003,0.5,0.06,0.1,1.07
9/16/2003,0,0.3,0,1.11
9/17/2003,0,0,0.06,1.09
9/18/2003,0,0.06,0.06,1.14
9/19/2003,0,0,0,1.18
9/20/2003,0,0,0,1.22
9/21/2003,1.6,0,0.06,1.22
9/22/2003,0,0,0,1.22
9/23/2003,4.4,3.4,1,1.18
9/24/2003,0,0,0,1.17
9/25/2003,1.9,0.5,0.2,1.09
9/26/2003,0,0,0,1.28
9/27/2003,3.3,6.5,5.5,1.39
9/28/2003,5.5,4.7,2.2,1.38
9/29/2003,0.06,1.5,0.06,1.34
9/30/2003,8.2,14.2,8.1,1.36
10/1/2003,5.3,3.6,3.6,1.39
10/2/2003,0.1,0,0.06,1.54
10/3/2003,0.06,0,0,1.67
10/4/2003,1,0.6,2,1.77
10/5/2003,0.7,0.1,0.7,1.7
10/6/2003,5.3,11,8,1.87
10/7/2003,19.6,16.8,19.4,3.97
10/8/2003,27.2,9.3,13.8,10.07
10/9/2003,0.3,1,0.6,10.54
10/10/2003,0,0.3,0.4,14.68
10/11/2003,11.2,3,4,14.28
10/12/2003,26.4,7.9,23,21.03
10/13/2003,0,0.3,0,22.84
10/14/2003,0,0,0,25.51
10/15/2003,0,0,0,26.47
10/16/2003,0,0,0,25.51
10/17/2003,0.2,0,0,22.84
10/18/2003,0,0,0.06,19.35
10/19/2003,0.06,0,0.1,16.1
10/20/2003,0.06,0,0.06,14.82
10/21/2003,0.06,0,0,13.51
10/22/2003,0.06,0,0,10.44
10/23/2003,0,0,0,10.06
10/24/2003,3.2,2.5,5.3,8.93
10/25/2003,1.2,9.5,6.1,7.7
10/26/2003,0.2,0,0,6.77
10/27/2003,0.5,0.9,0.5,5.63
10/28/2003,0,0,0,4.9
10/29/2003,3.8,2.9,2.7,5.95
10/30/2003,0.4,0,0,6.41
10/31/2003,2,2,1.2,6.9
11/1/2003,0,0,1.1,7.15
11/2/2003,2.5,2.8,2.9,7.02
11/3/2003,1.6,3.4,1.9,7.99
11/4/2003,1.2,2.8,0.3,8.76
11/5/2003,0.2,0.1,0.2,9.26
11/6/2003,0.2,0.2,0.2,9.61
11/7/2003,0,0,0,9.78
11/8/2003,0,0,0.2,9.26
11/9/2003,0,0.9,0.5,8.44
11/10/2003,0.9,0.3,0.4,6.89
11/11/2003,0,0,0,6.52
11/12/2003,0,0,0,5.95
11/13/2003,0.1,0.2,0.3,5.18
11/14/2003,1.6,0.6,1.9,5.09
11/15/2003,0.8,0.7,0.5,4.86
11/16/2003,7.5,5.5,10.7,8.6
11/17/2003,10.2,7.7,5.2,16.69
11/18/2003,0.3,0,0.1,20.44
11/19/2003,0,0.8,0.1,21.2
11/20/2003,1.4,0.9,0.8,20.62
11/21/2003,0,0,0,19.7
11/22/2003,0,1.4,0.4,14.27
11/23/2003,2.3,8.7,5.4,13.88
11/24/2003,1,1,0.5,11.54
11/25/2003,0,0.2,0.6,11.13
11/26/2003,2,0.7,1.5,9.43
11/27/2003,3.3,8,5,13.88
11/28/2003,0.9,1.8,2.6,19.33
11/29/2003,0.7,1.4,0.4,19.69
11/30/2003,1.1,0.4,0.8,21.39
12/1/2003,0.9,2.5,1.7,20.43
12/2/2003,0.4,1,0.5,19.87
12/3/2003,0,1,0.2,19.33
12/4/2003,3,1.7,1.3,13.37
12/5/2003,0,0,0,13.01
12/6/2003,0,0,0,11.86
12/7/2003,0.06,0,0,11.54
12/8/2003,0,0,0,10.72
12/9/2003,0,0.2,0.5,10.43
12/10/2003,0.3,0.9,0.5,10.05
12/11/2003,1.3,0.3,1,7.77
12/12/2003,0,0,0,7.69
12/13/2003,1.7,2.8,2.5,7.42
12/14/2003,5.9,6.4,6.5,6.7
12/15/2003,1.6,0.6,1.3,5.89
12/16/2003,0.06,0.1,0.1,5.84
12/17/2003,6.8,4.5,6,5.13
12/18/2003,1.6,1,1,4.68
12/19/2003,0,0.1,0,5.32
12/20/2003,0.3,0,0.1,5.84
12/21/2003,22.6,16.2,15.9,6.11
12/22/2003,3.7,1.3,0.9,5.89
12/23/2003,0.4,0.9,1.7,5.68
12/24/2003,4.2,4.9,8.5,7.69
12/25/2003,0.5,9.7,6,15.21
12/26/2003,0.06,0.9,1.7,24.55
12/27/2003,6.2,12.3,8.6,33.57
12/28/2003,7.5,4.8,6.3,37.5
12/29/2003,3.7,2.2,3.5,38.9
12/30/2003,0,0,0,37.84
12/31/2003,0.1,0,0.1,35.48
1/1/2004,0,0,0,24.45
1/2/2004,0,0,0,25.6
1/3/2004,0,0,0,24.45
1/4/2004,1.9,1.4,1.7,21.29
1/5/2004,0.3,0.2,0.1,17.55
1/6/2004,0.4,0.5,0.4,15.28
1/7/2004,0,0,0.1,14.07
1/8/2004,1.5,0.3,2.7,12.25
1/9/2004,0,0,0,11.07
1/10/2004,0.1,0.2,0.1,10.19
1/11/2004,0.8,0.8,0.8,8.88
1/12/2004,0.9,1,1.2,8.02
1/13/2004,1.5,0.5,1,7.45
1/14/2004,2.5,3.4,2.6,6.67
1/15/2004,0.9,2.3,1.3,5.81
1/16/2004,1.2,1,1.6,5.35
1/17/2004,0.1,1.3,2.1,4.88
1/18/2004,1.4,0.8,1.5,4.45
1/19/2004,0.1,0.2,0.2,4.21
1/20/2004,0,0.1,0,4.06
1/21/2004,0.1,0.06,0,3.87
1/22/2004,0,0.1,0,3.77
1/23/2004,0,0.2,0.2,3.53
1/24/2004,0,0,0.1,3.53
1/25/2004,0.4,0.1,0.2,3.28
1/26/2004,0.3,0.8,0.4,3.34
1/27/2004,2.4,1.5,2,3.22
1/28/2004,1.2,1.7,1.9,3.22
1/29/2004,1.3,1.7,1.2,3.22
1/30/2004,0.9,0.2,0.2,3.22
1/31/2004,17.6,18.5,25.7,3.22
2/1/2004,8,8.5,6.2,3.22
2/2/2004,0,0,0,3.22
2/3/2004,5.8,5.2,7.8,3.41
2/4/2004,5.5,4.9,1.6,3.53
2/5/2004,0.4,0.2,0.5,4.17
2/6/2004,0.8,0.3,0.8,5.2
2/7/2004,0,0.1,0.1,5.81
2/8/2004,1.1,1.5,0.6,6.03
2/9/2004,1.4,2.1,2.3,6.14
2/10/2004,0,0,0,6.08
2/11/2004,0,0,0,5.86
2/12/2004,1,0.2,0.8,5.65
2/13/2004,0.7,0.06,0.5,5.01
2/14/2004,0.5,0.7,0.3,4.83
2/15/2004,0.06,1.2,1.2,4.83
2/16/2004,3,1.6,2.3,4.7
2/17/2004,4.6,9,5.3,4.53
2/18/2004,0,0,0,4.25
2/19/2004,1,1.4,0.8,4.25
2/20/2004,0,0,0,4.25
2/21/2004,0,0,0,4.25
2/22/2004,0,0.4,0.1,4.25
2/23/2004,0.6,2.3,1.2,4.25
2/24/2004,1.1,2.6,2.1,4.25
2/25/2004,1.6,5,1.5,4.13
2/26/2004,3.7,4.9,7,3.87
2/27/2004,0.3,0.6,0.2,3.77
2/28/2004,0,0,0,3.7
2/29/2004,0.5,0,0.5,3.67
3/1/2004,1.1,0.8,1.3,3.67
3/2/2004,8.6,9.6,8.5,3.53
3/3/2004,0,0.1,0.06,3.53
3/4/2004,0,0,0,3.44
3/5/2004,0.06,0,0,3.34
3/6/2004,0.06,0,0.06,3.34
3/7/2004,0,0,0,3.34
3/8/2004,0,0.1,0,3.34
3/9/2004,0,0,0,3.22
3/10/2004,0,0,0,3.22
3/11/2004,0,0,0,3.22
3/12/2004,0,0,0,3.05
3/13/2004,0,0,0,2.94
3/14/2004,1.1,4.2,1.8,2.94
3/15/2004,3.1,7.9,4.4,3.05
3/16/2004,0,0,0,3.22
3/17/2004,2.8,0.5,1.5,3.95
3/18/2004,0.06,0,0.06,4.25
3/19/2004,0.2,1,0.8,5.81
3/20/2004,4.7,9.4,8,6.03
3/21/2004,4.1,9.3,8.3,9.47
3/22/2004,2.8,0.8,0.6,11.7
3/23/2004,0,0,0,13.81
3/24/2004,0,1,0.2,14.87
3/25/2004,4.4,7.8,4,15.28
3/26/2004,0,0,0.06,14.73
3/27/2004,0.7,1.7,0.5,14.07
3/28/2004,0,0.1,0.1,13.31
3/29/2004,0,0,0,12.83
3/30/2004,0,0,0,14.07
3/31/2004,0,0,0,20.71
4/1/2004,0,0,0,25.83
4/2/2004,0,0,0,27.3
4/3/2004,0,0,0,28.07
4/4/2004,0,0,0,26.8
4/5/2004,0,0,0,24.22
4/6/2004,0,0,0,23.35
4/7/2004,0,0,0,27.81
4/8/2004,0,0,0,37.69
4/9/2004,0.4,0.1,0.3,40.95
4/10/2004,0.5,2.4,1,42.48
4/11/2004,1.3,2.9,3.3,44.08
4/12/2004,0.06,0,0.06,42.48
4/13/2004,0,0,0,40.2
4/14/2004,0.4,0.1,0.1,40.2
4/15/2004,0,0,0,40.2
4/16/2004,0,0,0,40.95
4/17/2004,0,0,0,42.48
4/18/2004,0,0,0,44.9
4/19/2004,0,0,0,46.58
4/20/2004,0.9,3.7,0.4,46.58
4/21/2004,0,0.9,0.6,44.9
4/22/2004,0,0,0,44.48
4/23/2004,0,0,0,42.87
4/24/2004,0,0,0,41.32
4/25/2004,0,0,0,40.2
4/26/2004,0,0,0,36.66
4/27/2004,0,0,0,31.93
4/28/2004,0,0.1,0,28.33
4/29/2004,0,0,0,25.6
4/30/2004,0,0,0,22.29
5/1/2004,0.06,0,0,20.33
5/2/2004,0,0,0,18.72
5/3/2004,0,0,0,17.55
5/4/2004,0.4,1.4,1.3,15.42
5/5/2004,0,0,0,13.94
5/6/2004,0,0,0,13.43
5/7/2004,1.1,0,0,12.25
5/8/2004,0.06,0,0.2,11.07
5/9/2004,0.4,0,0.1,10.19
5/10/2004,1.3,2,0.06,9.73
5/11/2004,0,0,0,8.88
5/12/2004,0,0,0,8.55
5/13/2004,0,0,0.06,7.73
5/14/2004,1.5,2.1,3.1,6.92
5/15/2004,0,0,0.06,6.73
5/16/2004,0.1,0.1,0.1,6.08
5/17/2004,0.2,1.8,4.4,5.86
5/18/2004,4.6,6.8,5.9,5.65
5/19/2004,16,2.3,4.2,5.11
5/20/2004,0.5,0.1,0.06,6.86
5/21/2004,7.4,3.2,1.5,7.12
5/22/2004,0.06,1.3,2.7,7.66
5/23/2004,0.1,0.1,0.3,7.66
5/24/2004,0,0,0,7.66
5/25/2004,0.3,0,0.7,7.38
5/26/2004,0,0.1,0,6.92
5/27/2004,0,3.6,1.6,6.37
5/28/2004,7.4,3.4,6.7,5.65
5/29/2004,7.2,12.9,5.7,5.11
5/30/2004,14.9,7,3.4,5.92
5/31/2004,0,0,0,6.49
6/1/2004,0.1,0,0.06,7.52
6/2/2004,0,0.1,0.06,8.09
6/3/2004,0.06,0,0,8.09
6/4/2004,0,0.7,0.1,7.52
6/5/2004,0,0,0,7.45
6/6/2004,0.1,0.3,0.1,6.73
6/7/2004,5.2,4.2,13.1,5.81
6/8/2004,0,0,0,4.79
6/9/2004,0,0,0,3.98
6/10/2004,0,0.1,0.4,3.7
6/11/2004,11,1,2.7,3.53
6/12/2004,18,19.3,16.2,3.41
6/13/2004,0,0,0.06,7.66
6/14/2004,5.8,3,2.4,7.8
6/15/2004,0.5,0.2,0.06,8.02
6/16/2004,2.7,4.6,16,7.73
6/17/2004,0.5,0,0.3,7.45
6/18/2004,0.6,0.8,1.5,7.05
6/19/2004,0,0,0,6.43
6/20/2004,2.7,2.8,4,5.55
6/21/2004,0.06,1.5,0,4.83
6/22/2004,0.06,0.7,1.4,4.21
6/23/2004,4,1,2.8,3.73
6/24/2004,15.6,27.6,10.6,3.53
6/25/2004,0,1.4,0.3,6.86
6/26/2004,6.7,0.8,0.7,7.12
6/27/2004,2.5,8,12.6,7.66
6/28/2004,1.8,2.7,2.2,7.59
6/29/2004,5.7,2.4,0.9,9.91
6/30/2004,28.2,32.1,28.5,12.83
7/1/2004,0,0.3,0,26.31
7/2/2004,2.8,2,2.3,30.49
7/3/2004,7.1,12.9,43.8,31.64
7/4/2004,0.8,2,2.8,30.49
7/5/2004,2,3.2,1.4,26.8
7/6/2004,5,2,4.9,21.89
7/7/2004,2,0.4,8.4,20.33
7/8/2004,0,0,0.3,20.15
7/9/2004,0,0.1,0.06,19.42
7/10/2004,8.3,3.7,5.4,18.54
7/11/2004,3.3,0.7,0.4,17.71
7/12/2004,0,0.6,0.1,16.15
7/13/2004,0.4,0.6,1.5,14.59
7/14/2004,7.6,0.8,1.5,13.43
7/15/2004,0,0.1,0,12.83
7/16/2004,0,0,0,12.14
7/17/2004,0.8,2.6,0.3,11.07
7/18/2004,0,0.1,0,10.19
7/19/2004,8.2,3.5,17.6,8.88
7/20/2004,0.1,0.06,0,8.02
7/21/2004,0,0,0,7.45
7/22/2004,0,0,0,6.43
7/23/2004,0,12.6,2.5,5.86
7/24/2004,0,0,0,5.55
7/25/2004,0.5,1.3,0,5.01
7/26/2004,0,0.1,0,4.66
7/27/2004,34.7,21.7,39.4,9.91
7/28/2004,23.6,8.6,18.5,14.07
7/29/2004,29.7,28.5,28.8,67.33
7/30/2004,10.6,12.4,8.9,69.86
7/31/2004,14,37.3,33.8,95.54
8/1/2004,0.7,0.1,1.2,97.32
8/2/2004,18.3,13.8,6.5,100.97
8/3/2004,0,0,0,97.32
8/4/2004,0,0,0,87.94
8/5/2004,0,0,0,76.6
8/6/2004,0,0,0,64.89
8/7/2004,0,0,0,58.1
8/8/2004,17.4,1.5,2.5,56
8/9/2004,0,0,0,50.61
8/10/2004,0.06,0.3,1.1,44.08
8/11/2004,8.7,6.7,1.1,38.39
8/12/2004,0.3,0.1,0,32.23
8/13/2004,0.3,0.1,0.06,28.07
8/14/2004,0.3,0.1,0.06,23.13
8/15/2004,0.9,0.7,1.4,20.15
8/16/2004,0.06,0,0,17.55
8/17/2004,10,9.9,15.4,15.28
8/18/2004,1.1,2.6,4.3,16.6
8/19/2004,4.7,3.1,5.2,18.54
8/20/2004,0,0.1,0,18.04
8/21/2004,7.7,1.5,21,17.55
8/22/2004,0.7,3,1.2,14.33
8/23/2004,0.4,0.3,2.4,13.43
8/24/2004,0.06,0.2,0.06,12.48
8/25/2004,0.2,3,0.4,12.14
8/26/2004,9,13.2,33,11.92
8/27/2004,9.3,0.5,0.1,19.06
8/28/2004,5.5,2.5,8.9,20.71
8/29/2004,0.3,2.7,7.1,21.1
8/30/2004,3.2,9.3,2,20.9
8/31/2004,3.3,11.7,6.9,20.33
9/1/2004,1.6,4.2,1.3,20.71
9/2/2004,14.6,17.1,10.7,25.13
9/3/2004,0,0.3,4.8,28.85
9/4/2004,0,0,0,30.49
9/5/2004,0,0,0,29.39
9/6/2004,0.06,0,0,29.12
9/7/2004,3.6,0,2.6,21.29
9/8/2004,0,0,0.06,21.1
9/9/2004,0,0,0,16.91
9/10/2004,0,0,0,13.94
9/11/2004,0.9,0.4,0.3,12.83
9/12/2004,0.2,9.3,0.2,11.49
9/13/2004,0.2,0.6,0.6,10.67
9/14/2004,3,1.4,5.1,9.73
9/15/2004,1.5,7.3,2,8.55
9/16/2004,7.1,1.7,5.1,10.97
9/17/2004,0.9,0.3,0.4,11.92
9/18/2004,0.1,1.5,1,14.59
9/19/2004,3.1,1.5,2.2,14.2
9/20/2004,0.06,1.7,0.4,13.81
9/21/2004,7.9,10,11,12.83
9/22/2004,0.8,26.6,8.2,24
9/23/2004,0.7,0.5,5.1,24.9
9/24/2004,7.2,11.8,9,27.81
9/25/2004,5.7,7.1,5.1,29.94
9/26/2004,2.5,4.6,5.4,34.69
9/27/2004,9.6,9,11.7,38.04
9/28/2004,2.7,5,0.5,40.2
9/29/2004,0.2,0,0.06,40.2
9/30/2004,0,0,0,40.2
10/1/2004,0,0,0,38.04
10/2/2004,0,0,0,33.43
10/3/2004,0,0,0.2,26.8
10/4/2004,0.06,0,0,22.09
10/5/2004,6.3,6,8,18.54
10/6/2004,0.9,5.7,3.4,16.15
10/7/2004,1.3,2.4,2.3,16.6
10/8/2004,2.5,3.1,0.1,17.55
10/9/2004,3.1,2.6,2.2,17.55
10/10/2004,0,0,0,17.55
10/11/2004,0,0,0,15.57
10/12/2004,0,0,0,14.87
10/13/2004,0,0.4,0,13.68
10/14/2004,0,0,0,13.31
10/15/2004,0,0,0,12.14
10/16/2004,0,0.3,0.06,11.07
10/17/2004,1,1.6,0.7,10.67
10/18/2004,1.1,3.9,1.8,9.73
10/19/2004,0.5,0.6,0.2,8.55
10/20/2004,0,0,0,8.55
10/21/2004,2.2,2,1.3,8.71
10/22/2004,6.1,22.6,7,13.81
10/23/2004,10.3,2.3,4.9,19.6
10/24/2004,0.2,2.2,0.7,21.1
10/25/2004,6,5.3,5.1,21.1
10/26/2004,2.9,2.4,0.7,21.1
10/27/2004,0,0,0,21.49
10/28/2004,0,0,0,22.09
10/29/2004,0,0,0,20.52
10/30/2004,0,0,0,19.6
10/31/2004,0,0.4,0,17.23
11/1/2004,0,0,0,16.15
11/2/2004,0,0,0.06,14.59
11/3/2004,0,0,0.06,13.07
11/4/2004,1.2,0.2,0.4,12.14
11/5/2004,2.5,3.5,3.1,11.17
11/6/2004,1.6,1.3,0.5,10.28
11/7/2004,0,0,0,11.07
11/8/2004,0,0,0,11.07
11/9/2004,0,0,0,11.07
11/10/2004,0,0,0.1,10.57
11/11/2004,0.2,0.9,0.1,12.59
11/12/2004,12.2,14.4,16.3,19.6
11/13/2004,0,0,0,26.31
11/14/2004,1.5,2.4,0.5,27.3
11/15/2004,12.9,6.2,3.3,28.07
11/16/2004,0,0.4,0,26.8
11/17/2004,0,0.1,0,28.33
11/18/2004,0.2,1.4,0.1,27.05
11/19/2004,0,0.2,0.3,26.31
11/20/2004,0.7,1.6,0.9,23.13
11/21/2004,0.06,0,0.1,17.71
11/22/2004,0.4,5.4,0.7,14.07
11/23/2004,0,1.5,0.1,11.59
11/24/2004,2.1,2,1.6,10.28
11/25/2004,0.06,0.7,0,10.19
11/26/2004,0,0,0,9.21
11/27/2004,0,0,0,8.02
11/28/2004,4.7,5.1,7.7,7.12
11/29/2004,3.1,5.8,2.7,7.05
11/30/2004,5.2,6.6,6.3,6.55
12/1/2004,0,0.3,0.1,6.73
12/2/2004,0.6,2.6,0.6,6.86
12/3/2004,0,0.3,0,6.99
12/4/2004,7,5.3,5.5,6.92
12/5/2004,3.2,3.5,2,7.66
12/6/2004,0.6,0.3,0.3,9.91
12/7/2004,2.5,1.5,1.6,11.49
12/8/2004,0.06,0.1,0.1,11.92
12/9/2004,0,0,0,12.83
12/10/2004,0,0.5,0.3,12.48
12/11/2004,0.4,0.3,0.06,11.92
12/12/2004,0,0.1,0,10.77
12/13/2004,0.2,0,0.3,10.38
12/14/2004,0.5,0.9,0.6,10.28
12/15/2004,8.4,4.5,4.9,27.81
12/16/2004,0.06,0.1,0.1,29.94
12/17/2004,2.5,7.6,6,33.43
12/18/2004,1.9,4.3,1.9,34.69
12/19/2004,9.7,9.4,7.5,37.34
12/20/2004,0.06,0.8,0.5,35.66
12/21/2004,0,0.1,0,34.06
12/22/2004,7.5,4.3,15.3,29.94
12/23/2004,7,11.3,7.6,25.6
12/24/2004,0,0,0,17.87
12/25/2004,3.2,5.9,3.4,16.76
12/26/2004,0,0,0,15.28
12/27/2004,0,0,0.8,14.73
12/28/2004,0.8,1.1,0.3,13.19
12/29/2004,0.3,0.9,0,13.81
12/30/2004,9.5,10.1,8.4,15.42
12/31/2004,0,0,0,16
1/1/2005,0.3,0.7,0.8,21
1/2/2005,4.2,6.8,6.7,20.16
1/3/2005,0.8,0.5,1,19.25
1/4/2005,1.8,2.8,4.3,17.75
1/5/2005,6.2,4.1,3.6,15.82
1/6/2005,5,2.6,3,14.76
1/7/2005,7.4,5.4,3.5,13.61
1/8/2005,8.1,10.1,10,23.16
1/9/2005,7.4,0.8,0.8,43.2
1/10/2005,4.2,4.3,3.4,55.69
1/11/2005,0,0,0.06,56.99
1/12/2005,1,1.6,2.2,57
1/13/2005,2.5,3.3,2.9,57
1/14/2005,0.6,0.3,0.2,61.09
1/15/2005,1.8,0.7,1.9,61.8
1/16/2005,3.3,3.4,2.7,54.43
1/17/2005,0.2,0.2,0.4,42.22
1/18/2005,0.2,0.6,0.2,36.76
1/19/2005,1.4,2.8,2.8,32.37
1/20/2005,5.2,16.4,10.6,31.27
1/21/2005,4,7.8,5,27.54
1/22/2005,1.5,1.2,1.9,24.26
1/23/2005,0.9,0.6,0.5,22.12
1/24/2005,0.7,1.2,0.8,20.17
1/25/2005,0.06,0.2,0.4,18.82
1/26/2005,1.3,4.2,1.1,16.57
1/27/2005,0.1,0.6,0.3,15.64
1/28/2005,1.5,3.7,1.7,14.43
1/29/2005,0.7,1.4,2.6,13
1/30/2005,12,9.3,10.3,10.81
1/31/2005,1.2,2.5,0.7,10.81
2/1/2005,1.1,1.4,3.5,10.56
2/2/2005,0.1,0.1,0.6,10.09
2/3/2005,0.3,0,0.1,9.3
2/4/2005,0.3,0.4,1,8.48
2/5/2005,1.9,1.5,2,8.2
2/6/2005,0.3,0.3,0.1,8.01
2/7/2005,0,0,0,7.56
2/8/2005,0,0,0,7.39
2/9/2005,0,0,0,7.22
2/10/2005,6.4,8.4,12.9,6.89
2/11/2005,0.2,0.8,0.06,6.66
2/12/2005,0,0.1,0,6.58
2/13/2005,0.5,4.8,4.2,6.07
2/14/2005,0.7,3.1,0.7,5.73
2/15/2005,0,0.5,0.06,5.35
2/16/2005,0,0.2,0,5.11
2/17/2005,0.06,0.2,0.06,4.88
2/18/2005,0.1,0.5,1.3,4.66
2/19/2005,0.4,1.6,0.7,4.24
2/20/2005,0.1,0.3,0.2,4.05
2/21/2005,0.2,0.7,0.2,3.87
2/22/2005,0,0,0.06,3.74
2/23/2005,0,0,0,3.61
2/24/2005,0,0,0.06,3.45
2/25/2005,0.06,0.1,0.06,3.33
2/26/2005,0.2,0,0.06,3.22
2/27/2005,0,0,0.3,3.18
2/28/2005,0,0.1,0,3.11
3/1/2005,0,0,0,2.97
3/2/2005,0,0.1,0.06,2.93
3/3/2005,0,0.1,0.06,2.8
3/4/2005,0.06,0.1,0.06,2.77
3/5/2005,0,0,0,2.74
3/6/2005,0,0,0.06,2.61
3/7/2005,0.8,0.8,0.5,2.5
3/8/2005,0.06,0.1,0.06,2.47
3/9/2005,0,0,0,2.44
3/10/2005,0,0,0,2.33
3/11/2005,0.06,0.6,0.3,2.22
3/12/2005,0.2,0.1,0.1,2.15
3/13/2005,0,0.1,0.06,2.12
3/14/2005,0,0,0,2.05
3/15/2005,0,0,0,2.03
3/16/2005,0,0.5,0.6,1.96
3/17/2005,3.6,6.2,3.9,1.94
3/18/2005,0.1,0.06,0.06,1.87
3/19/2005,0,0,0.06,1.87
3/20/2005,0,0,0,1.87
3/21/2005,0,0,0,1.87
3/22/2005,0,0,0.06,1.87
3/23/2005,0,0,0.06,1.91
3/24/2005,0,0,0,1.96
3/25/2005,0.06,0,0,2.01
3/26/2005,0,0,0,2.3
3/27/2005,0,0,0,2.84
3/28/2005,0.06,0.1,0,4.1
3/29/2005,0.06,0.06,0.06,5.29
3/30/2005,0,0,0,5.35
3/31/2005,0,0,0,4.71
4/1/2005,0,0,0,4.5
4/2/2005,0,0,0,6.82
4/3/2005,0,0,0,12.72
4/4/2005,0,0,0,23.19
4/5/2005,0.06,0.1,0,33.56
4/6/2005,0,0,0,39.45
4/7/2005,5.2,3.4,6.5,41.32
4/8/2005,0,0,0.06,43.27
4/9/2005,0.5,0.2,0.2,43.27
4/10/2005,0,0.1,0,45.32
4/11/2005,1.5,3.3,1.2,45.84
4/12/2005,0,0,0,42.78
4/13/2005,0,0,0,37.24
4/14/2005,2.6,0,1,32.8
4/15/2005,1.4,0.1,0.1,31.68
4/16/2005,0,0,0,30.25
4/17/2005,0,0,0,29.56
4/18/2005,0.06,0.1,0,26.04
4/19/2005,0.3,0,0.06,26.34
4/20/2005,0.5,0.8,1.6,23.2
4/21/2005,0.06,0.2,0.2,20.43
4/22/2005,0.06,0.2,0.1,18
4/23/2005,0,0,0,16.03
4/24/2005,0,0,0,14.62
4/25/2005,0,0,0,13.33
4/26/2005,0,0,0,11.88
4/27/2005,0,0,0,10.83
4/28/2005,0,0,0,9.87
4/29/2005,0.06,0.06,0,9.11
4/30/2005,0.8,0.5,1.5,9
5/1/2005,0.1,0.1,0,8.7
5/2/2005,0,0,0,8.4
5/3/2005,6.4,8,6.6,8.11
5/4/2005,0,0,0,7.84
5/5/2005,0,0,0,8.02
5/6/2005,0,0,0,8.8
5/7/2005,0.06,0,0,9.43
5/8/2005,0.06,0,0,9.54
5/9/2005,0,0.06,0,8.9
5/10/2005,11.3,15,8.8,8.4
5/11/2005,2.5,0.3,1.6,7.84
5/12/2005,0,0,0,9.43
5/13/2005,0,0,0,12.44
5/14/2005,0,0,0,13.03
5/15/2005,0.6,0.2,0.06,12.73
5/16/2005,9.6,11.5,11.9,10.96
5/17/2005,4.6,9.7,5.1,9.54
5/18/2005,1.2,0.1,0.1,10.83
5/19/2005,1.6,0.06,0.06,13.34
5/20/2005,0,0,0,14.29
5/21/2005,0,0,0,14.46
5/22/2005,0.1,0,0.1,13.49
5/23/2005,0,0,0,11.75
5/24/2005,3.2,0.9,0.5,9.99
5/25/2005,0.7,0,0.1,8.5
5/26/2005,2.8,0.7,0.8,7.66
5/27/2005,0,0,0,6.83
5/28/2005,0.2,0.2,0,6.22
5/29/2005,0.1,0,0,5.68
5/30/2005,0,4.2,3.9,5.17
5/31/2005,11.8,21.6,18.4,5.06
6/1/2005,1.9,2.6,2.1,5.17
6/2/2005,0,0.3,1.4,8.6
6/3/2005,0,0,0.3,12.45
6/4/2005,9.3,18.2,17.3,12.59
6/5/2005,1.1,1.3,1.8,10.35
6/6/2005,0.06,0,0.1,11.35
6/7/2005,0,0,0,12.45
6/8/2005,0,0,0,12.59
6/9/2005,0,0,0,10.35
6/10/2005,0,0,0,8.41
6/11/2005,2.2,9.1,9.6,7.4
6/12/2005,19.4,32.2,18.2,6.3
6/13/2005,0.5,0.4,0.9,8.8
6/14/2005,0.06,0,0,19.76
6/15/2005,0.06,0.1,0,24.89
6/16/2005,0,0.06,0,25.18
6/17/2005,0.6,0,5.9,17.6
6/18/2005,5.3,0,0.1,13.04
6/19/2005,0,0,0,10.59
6/20/2005,0,0,0,8.7
6/21/2005,0,0,0,7.58
6/22/2005,0,0,0,6.6
6/23/2005,0,0,0,6.23
6/24/2005,0,0,0,5.55
6/25/2005,4.8,3.5,3.5,4.83
6/26/2005,0.1,0.06,0.1,4.35
6/27/2005,5.2,4.5,2,3.83
6/28/2005,16.3,19.2,1.5,3.83
6/29/2005,9.3,5.4,4.3,3.75
6/30/2005,4.9,3.4,18.4,5.06
7/1/2005,0,0,0,6.52
7/2/2005,0,0,0,6.83
7/3/2005,0,0,0,7.15
7/4/2005,0,0,0,6.99
7/5/2005,0,0,13.5,5.81
7/6/2005,4.8,2.4,2,4.56
7/7/2005,7.7,0.06,0.1,4.3
7/8/2005,0,0,0,3.58
7/9/2005,0,0,0,3.42
7/10/2005,0,0,0,3.42
7/11/2005,0,0.1,0,3.38
7/12/2005,0,0,0,3.04
7/13/2005,0.1,0,0,2.74
7/14/2005,0.3,0,0,2.53
7/15/2005,5.3,0,0.7,2.42
7/16/2005,0,0,0.2,2.31
7/17/2005,4.1,8.1,4.4,2.33
7/18/2005,0.06,0.7,0.1,2.15
7/19/2005,0.4,6.9,0.06,2.06
7/20/2005,0.2,1.6,1.5,2.31
7/21/2005,0.5,0.1,0,2.34
7/22/2005,2.2,2.3,1.4,2.1
7/23/2005,8.1,6.5,10.9,1.92
7/24/2005,3.4,3.3,0.1,2.01
7/25/2005,0,0.1,0,2.42
7/26/2005,13.5,4.4,9.6,2.71
7/27/2005,2.6,0.5,3.5,2.75
7/28/2005,0,10.5,0.1,2.47
7/29/2005,0.5,0.1,0,3.19
7/30/2005,0,0.4,0.2,3.23
7/31/2005,0.5,0.6,0.4,2.98
8/1/2005,9.8,7.4,7.8,2.65
8/2/2005,5.2,6.7,4.7,2.2
8/3/2005,0,0,0,1.88
8/4/2005,30.6,21,24.1,3.19
8/5/2005,0,1,0,4.21
8/6/2005,3.2,5.5,8.8,11.9
8/7/2005,4.3,0.3,3.3,12.04
8/8/2005,0.06,1.5,2.1,10.36
8/9/2005,2,7.3,8.7,7.85
8/10/2005,14.5,16.3,19.9,6.53
8/11/2005,6.3,10.6,11.4,14.31
8/12/2005,4.3,4.3,14.1,21.2
8/13/2005,4.2,8.8,5.2,24.35
8/14/2005,0,0.7,7.5,27.97
8/15/2005,0.7,0.2,0.8,28.29
8/16/2005,16.9,0.6,1.4,26.1
8/17/2005,0.06,1.7,0.1,23.25
8/18/2005,0,0,0,18.46
8/19/2005,0,0,0,18.67
8/20/2005,0,0,0,16.44
8/21/2005,4.9,0.4,2.9,14.99
8/22/2005,0,0,0,12.18
8/23/2005,0,0,0,10.36
8/24/2005,0,0,0,10.24
8/25/2005,0,0,2.9,9.56
8/26/2005,8.5,11.1,12.6,8.32
8/27/2005,0.9,3.2,2,9.9
8/28/2005,2,24.2,7.7,11.11
8/29/2005,1.5,0.9,1.6,13.67
8/30/2005,0,0.1,0.06,13.83
8/31/2005,0,0,0,12.76
9/1/2005,0,0,0,12.18
9/2/2005,0,0,0,9.23
9/3/2005,0,0,0,7.5
9/4/2005,0,0,0,6.61
9/5/2005,0,0.1,0.06,5.82
9/6/2005,0,0,0,5.31
9/7/2005,1.7,1.5,6.5,4.78
9/8/2005,0,0,0,4.73
9/9/2005,0,0,0,4.62
9/10/2005,0,0,0,4.12
9/11/2005,0,0,0,3.8
9/12/2005,0.6,0.7,0.5,3.71
9/13/2005,2.4,1.4,0.9,3.5
9/14/2005,4.4,8.3,4.8,3.58
9/15/2005,5.3,1.4,2.1,3.58
9/16/2005,0.5,0,0,3.67
9/17/2005,0.8,1.4,0.2,4.02
9/18/2005,0.9,0.2,0.8,4.12
9/19/2005,0,0,0,4.07
9/20/2005,0,0.06,0,3.84
9/21/2005,0,0,0,3.54
9/22/2005,0,0,0,3.38
9/23/2005,0,0,0,3.16
9/24/2005,0,0,0,3.19
9/25/2005,0,0,0,3.01
9/26/2005,0,0,0,2.85
9/27/2005,0,0.6,0,2.78
9/28/2005,11.2,10.7,15.4,2.78
9/29/2005,0.2,0,0.4,2.78
9/30/2005,0,0,0,3.93
10/1/2005,0,0,0,4.62
10/2/2005,0.3,3.2,1.3,4.67
10/3/2005,0,0,0,4.21
10/4/2005,0,0,0,3.84
10/5/2005,0,0,0,3.46
10/6/2005,0,0,0,3.16
10/7/2005,0,0,0,3.01
10/8/2005,0,0,0,2.85
10/9/2005,0.06,0,0.06,2.78
10/10/2005,0.1,0.06,0.06,2.59
10/11/2005,0,0,0.1,2.45
10/12/2005,0,0,0,2.31
10/13/2005,0,0,0.2,2.48
10/14/2005,3.1,3,2.6,2.54
10/15/2005,3.1,0.5,0.06,2.54
10/16/2005,0,0,0,2.54
10/17/2005,0,0,0,2.51
10/18/2005,0,0,0,2.78
10/19/2005,0,0,0,2.85
10/20/2005,0.9,1.5,1.5,2.81
10/21/2005,3.4,2.2,0.6,2.54
10/22/2005,14.6,8.8,14.5,2.78
10/23/2005,1.2,0,0.6,4.02
10/24/2005,0,0,0,7.01
10/25/2005,2.1,14.2,8.5,7.09
10/26/2005,2.6,7.6,3.6,6.77
10/27/2005,0,0,0,5.82
10/28/2005,0,0.2,0.3,5.13
10/29/2005,0,0,0,4.62
10/30/2005,0.06,0,0.06,5.96
10/31/2005,0.1,0.1,0.2,8.05
11/1/2005,0,0,0,8.14
11/2/2005,0,0,0,7.51
11/3/2005,0,0.1,0,6.61
11/4/2005,0.6,1.8,0.9,5.76
11/5/2005,4.5,4,4.2,5.01
11/6/2005,0.9,1.5,1.5,5.07
11/7/2005,2.7,2.1,0.06,5.96
11/8/2005,0.3,0.2,0,7.69
11/9/2005,0,0.1,0.06,8.05
11/10/2005,0.6,0.5,0.1,8.14
11/11/2005,0,0,0,7.69
11/12/2005,0.9,4.5,5.3,6.93
11/13/2005,5.7,0.3,1.5,6.24
11/14/2005,12.1,6.9,9,7.01
11/15/2005,2.6,3.8,4.5,13.38
11/16/2005,0,0,0,22.24
11/17/2005,0.4,0,0,22.5
11/18/2005,0.4,0,0.2,19.81
11/19/2005,0,0,0,15.73
11/20/2005,0,0,0,12.49
11/21/2005,0,0,0,10.62
11/22/2005,0,0,0.06,9.04
11/23/2005,1.5,2.1,1.8,7.43
11/24/2005,2.4,0.9,1,6.54
11/25/2005,3.8,6.9,4.3,7.17
11/26/2005,5.5,5.7,3.8,7.87
11/27/2005,2.9,6,3.4,8.24
11/28/2005,6,13.9,7,12.78
11/29/2005,1.8,12.9,7.7,21.99
11/30/2005,23,6.4,18.2,26.15
12/1/2005,4.2,4.7,2.5,26.45
12/2/2005,0,0.3,0.1,24.68
12/3/2005,0,0,0,22.77
12/4/2005,0.6,0,0.2,20.28
12/5/2005,5.1,3.3,2.6,17.06
12/6/2005,0.5,0.4,0,15.37
12/7/2005,0,0,0,12.35
12/8/2005,0,0,0,11.93
12/9/2005,0.2,0,0.06,11.39
12/10/2005,0.7,0.8,0.7,9.04
12/11/2005,2.4,0.6,1,8.44
12/12/2005,0,0,0,8.53
12/13/2005,0,0,0,8.34
12/14/2005,2.9,1.8,1.8,7.96
12/15/2005,4.8,1.5,5.2,7.6
12/16/2005,0.1,0.1,0,7.01
12/17/2005,0.06,0,0.1,6.85
12/18/2005,0,0.1,0.06,6.7
12/19/2005,0.9,0.1,0.1,6.39
12/20/2005,0.3,0.1,0,5.38
12/21/2005,0,0,0,5.19
12/22/2005,0,0,0,5.14
12/23/2005,2.5,1.5,2.5,4.9
12/24/2005,9.2,10.2,5.5,4.27
12/25/2005,2.3,6.4,2.7,4.32
12/26/2005,0.3,0.9,0.4,4.37
12/27/2005,0.2,0.6,0.4,4.32
12/28/2005,0,0.5,0.2,4.27
12/29/2005,0.6,0,0.2,4.22
12/30/2005,1.9,0,1.6,4.63
12/31/2005,6.2,2.5,6.3,4.85
1/1/2006,1.1,2.4,4.3,4.47
1/2/2006,2,0.06,0.8,4.47
1/3/2006,0,0,0,4.58
1/4/2006,0,0,0,4.53
1/5/2006,0,0,0,4.47
1/6/2006,0,0,0,4.47
1/7/2006,0,0,0,4.47
1/8/2006,0,0,0,4.42
1/9/2006,0,0.06,0,4.27
1/10/2006,0.1,0.06,0.8,4.22
1/11/2006,2.7,1.6,1.8,4.18
1/12/2006,0,0,0,4.18
1/13/2006,0,0,0,5.02
1/14/2006,0,0,0,9.57
1/15/2006,0,0,0.1,15.17
1/16/2006,0.4,0.06,1,15.34
1/17/2006,0.1,0.06,0.3,12.62
1/18/2006,0,3.2,0,10.86
1/19/2006,0,2,0,10.14
1/20/2006,0.1,0,0,9.14
1/21/2006,0,2.4,0,7.35
1/22/2006,0,0,0,7.02
1/23/2006,0.8,0,1.3,6.47
1/24/2006,1.5,0,1.2,5.26
1/25/2006,2.2,0,0.5,4.8
1/26/2006,0,0,0.1,3.9
1/27/2006,0.1,0,0,3.28
1/28/2006,0.1,0,0.1,3.21
1/29/2006,0,0,0,2.99
1/30/2006,0.3,0,0.06,2.93
1/31/2006,1,0,0.7,2.76
2/1/2006,5.2,4.3,5.9,2.64
2/2/2006,4,6,4.2,2.61
2/3/2006,0,0,0,2.49
2/4/2006,0,0,0,2.43
2/5/2006,0,0,0,2.35
2/6/2006,0,0,0,2.33
2/7/2006,0,0,0.5,2.22
2/8/2006,0.4,0,0.06,2.12
2/9/2006,0.06,2.6,0.6,2.03
2/10/2006,0.2,0,0.2,1.93
2/11/2006,0,0,0,1.87
2/12/2006,1.9,1.4,1.9,1.87
2/13/2006,2.5,5.3,2.5,1.85
2/14/2006,0.06,0,0,1.79
2/15/2006,0.1,0,0.1,1.76
2/16/2006,0.4,0,0.3,1.67
2/17/2006,0.1,0,0.1,1.65
2/18/2006,1.3,0,0.9,1.56
2/19/2006,1.1,1.1,0.8,1.54
2/20/2006,0,0,0.06,1.47
2/21/2006,0,0,0.06,1.39
2/22/2006,0.5,0.06,0.1,1.39
2/23/2006,0,0,0,1.39
2/24/2006,0,0,0,1.39
2/25/2006,0,0,0,1.39
2/26/2006,0,0,0,1.39
2/27/2006,0,0,0,1.36
2/28/2006,0.7,2.2,1.7,1.26
3/1/2006,0,0,0,1.26
3/2/2006,0.06,0,0.3,1.26
3/3/2006,1,0,0.9,1.26
3/4/2006,1,1.4,0.6,1.26
3/5/2006,0.1,2.5,0,1.27
3/6/2006,0.9,0,1,1.27
3/7/2006,0.2,3.4,0.1,1.25
3/8/2006,0.2,0,0.7,1.18
3/9/2006,0,1.2,0,1.18
3/10/2006,0,0,0,1.18
3/11/2006,0,0,0,1.18
3/12/2006,0,0,0,1.18
3/13/2006,0,0,0,1.18
3/14/2006,0,0,0.06,1.18
3/15/2006,0.06,0,0.06,1.18
3/16/2006,0,0,0,1.18
3/17/2006,0,0,0,1.17
3/18/2006,6.3,1,1.3,1.09
3/19/2006,2.3,1.9,3.6,1.08
3/20/2006,0.06,0,0.06,1.08
3/21/2006,0.06,0,0.06,1.08
3/22/2006,0,0,0,1.08
3/23/2006,0,0,0,1.08
3/24/2006,0.06,0,0.06,1.08
3/25/2006,0.1,0,0,1.08
3/26/2006,0,0,0,1.08
3/27/2006,0.06,0,0.1,1.08
3/28/2006,4.6,0,6.3,1.08
3/29/2006,7.3,0,5.4,1.16
3/30/2006,1.9,8.4,1.2,1.18
3/31/2006,5.1,0.06,6,1.24
4/1/2006,5.6,1.2,3,1.45
4/2/2006,2.6,1.2,1.7,1.49
4/3/2006,3.2,1.1,4.2,1.52
4/4/2006,0,0.06,1.7,1.75
4/5/2006,12.2,0.06,3.4,1.83
4/6/2006,0.06,0,0.06,2.01
4/7/2006,0.7,0,1.3,4.01
4/8/2006,0,2.5,0.06,4.71
4/9/2006,1.8,0,1.5,6.21
4/10/2006,0.8,0,1.4,6.97
4/11/2006,2.1,0,0.8,12.68
4/12/2006,0,0,0,18.32
4/13/2006,0,0,0,20.09
4/14/2006,0,0,0,23.07
4/15/2006,0,0,0,27.74
4/16/2006,0,0,0,34.92
4/17/2006,0.9,0,3.4,40.1
4/18/2006,1.6,0.06,0.06,47.12
4/19/2006,1.6,0,0.1,60.7
4/20/2006,6.7,0,8,62.12
4/21/2006,0.06,0,0,61.41
4/22/2006,0,0,0,62.13
4/23/2006,0,0,0,65.06
4/24/2006,0,0,0,68.13
4/25/2006,0,0,0,62.86
4/26/2006,0,0,0,60.03
4/27/2006,0,0,0,56.67
4/28/2006,0,0,0,52.89
4/29/2006,0,0,0,48.24
4/30/2006,0,0,0,43.5
5/1/2006,0,0,0,39.22
5/2/2006,0,0,0,35.36
5/3/2006,0,0,0,30.8
5/4/2006,0,0,0,26.52
5/5/2006,0,0,0,22.06
5/6/2006,0,0,0,20.12
5/7/2006,0,0,0,19.44
5/8/2006,0,0,0.06,18.35
5/9/2006,0,0,0,15.98
5/10/2006,0,0,0,14.92
5/11/2006,0,0,0,14.25
5/12/2006,0,0,0.1,11.99
5/13/2006,0,0,0.06,11.32
5/14/2006,0,0,0.1,10.09
5/15/2006,0.9,10,1,9.63
5/16/2006,0.06,4.6,0,8.2
5/17/2006,0,0,0,7.65
5/18/2006,0,0,0.4,6.82
5/19/2006,1.8,0,0.5,6.59
5/20/2006,1.1,0,2.1,6.22
5/21/2006,0,0,0,5.24
5/22/2006,0,0,0.7,5.06
5/23/2006,9.4,0,18.1,5.18
5/24/2006,2.4,1.5,1,5.3
5/25/2006,3.3,5.2,4.4,6.37
5/26/2006,6.4,0,1.7,7.66
5/27/2006,0.06,10.2,0.06,9
5/28/2006,0,0,0,10.1
5/29/2006,0,0,0,10.21
5/30/2006,9.6,0,0.06,9.75
5/31/2006,0.06,0,0,9.21
6/1/2006,0.4,0,0,7.57
6/2/2006,0,0,0.06,6.67
6/3/2006,11.7,0,5.9,6.23
6/4/2006,0,12.7,0,5.55
6/5/2006,0,0,0,5.81
6/6/2006,0,0,0,6.67
6/7/2006,0,0,0.06,6.83
6/8/2006,0,0,0,6.75
6/9/2006,0,0,0,6.09
6/10/2006,0,0,0,5.06
6/11/2006,0,0,0,4.51
6/12/2006,0,0,0,3.98
6/13/2006,0,0,0,3.59
6/14/2006,3.1,0,0.5,3.23
6/15/2006,0,0,0,3.16
6/16/2006,0,0,0,3.02
6/17/2006,0,0,0,2.85
6/18/2006,0,0,0,2.34
6/19/2006,0,0,0,2.26
6/20/2006,0,0,0,2.16
6/21/2006,0,0,0.06,2.02
6/22/2006,6.3,0,7.1,2.02
6/23/2006,0.1,19.8,0.06,2.04
6/24/2006,0,5.4,0,2.02
6/25/2006,0,0,0.1,2.21
6/26/2006,0.9,0,5.7,2.26
6/27/2006,14.9,3.2,6.8,2.24
6/28/2006,0.06,0,0.06,1.9
6/29/2006,0.06,5.6,0.06,2.07
6/30/2006,0,0,0,2.43
7/1/2006,0,0,0,2.54
7/2/2006,0,0,0,2.48
7/3/2006,0,0,0,2.21
7/4/2006,0.2,0,0.1,2.02
7/5/2006,0,0,0,1.84
7/6/2006,0,0,0,1.78
7/7/2006,0,0,0,1.59
7/8/2006,0,0,0,1.55
7/9/2006,0,0,0,1.41
7/10/2006,4.5,0,0,1.38
7/11/2006,0,0,0,1.18
7/12/2006,0.06,0,0,1.3
7/13/2006,0.6,0,0.1,1.37
7/14/2006,2.5,0,0.3,1.38
7/15/2006,0,0,0,1.19
7/16/2006,0,0,0,1.18
7/17/2006,0.2,0,0.1,1.1
7/18/2006,0,4.2,0,1.07
7/19/2006,0,0,0,1.11
7/20/2006,0,0,0,1.25
7/21/2006,2.6,4.1,3.5,1.26
7/22/2006,3,9.2,7,1.14
7/23/2006,0,0,0,1.43
7/24/2006,9.5,0,0.9,1.5
7/25/2006,0,0,0,1.64
7/26/2006,0,0,0,1.76
7/27/2006,0,0,0,1.78
7/28/2006,0,0,0,1.53
7/29/2006,0,0,0,1.5
7/30/2006,0,0,0,1.5
7/31/2006,0,0,0,1.19
8/1/2006,0,0,0,1.18
8/2/2006,0,0,0,1.22
8/3/2006,0,0,0,1.37
8/4/2006,0,0,0,1.38
8/5/2006,0,0,0,1.37
8/6/2006,0,0,0,1.38
8/7/2006,0,0,0,1.19
8/8/2006,0,0,0,1.16
8/9/2006,0,0,0,1.19
8/10/2006,0,0,0,1.19
8/11/2006,0,0,0,1.16
8/12/2006,0,0,0,1.19
8/13/2006,0,0,0,1.19
8/14/2006,0,0,0,1.19
8/15/2006,3.1,0,12,1.16
8/16/2006,10,2,0.2,1.28
8/17/2006,2.1,0,0.2,1.38
8/18/2006,3.4,3.5,0.06,1.54
8/19/2006,0,15,0,1.61
8/20/2006,0,0,0,1.68
8/21/2006,2.5,0,9.6,1.65
8/22/2006,0,0,1.7,1.57
8/23/2006,0,3.4,0.06,1.57
8/24/2006,0,0,0.06,1.38
8/25/2006,0,0,0.3,1.4
8/26/2006,0.06,0,0,1.37
8/27/2006,1,9.5,16.8,1.4
8/28/2006,11,0,48.7,1.65
8/29/2006,5.4,43,5.8,2.22
8/30/2006,0,0,0,2.27
8/31/2006,1.2,0,0,2.27
9/1/2006,0,0,0,2.25
9/2/2006,0,0,2.5,2.07
9/3/2006,1.8,8,12.5,1.85
9/4/2006,33,21,9,1.68
9/5/2006,1.5,0.06,0.2,3.36
9/6/2006,0.7,0,0.06,5.58
9/7/2006,5.8,0,3.4,5.84
9/8/2006,2.8,0,1.7,5.78
9/9/2006,0.3,5.9,0.06,5.09
9/10/2006,0,0,0,4.59
9/11/2006,0,0,0,4.64
9/12/2006,0,0,0,4.54
9/13/2006,0,0,0,4.04
9/14/2006,0,0,0,3.21
9/15/2006,0,0,0,3.14
9/16/2006,0,0,0,2.61
9/17/2006,0,0,0,2.22
9/18/2006,0,0,0,1.98
9/19/2006,0.6,0,1,1.96
9/20/2006,0,0,0.8,1.85
9/21/2006,0,0,0,1.69
9/22/2006,0,0,0,1.5
9/23/2006,0,0,0,1.5
9/24/2006,0,0,0.4,1.65
9/25/2006,0,0,0,1.67
9/26/2006,0,0,0.06,1.31
9/27/2006,0,0,0,1.17
9/28/2006,2.5,0,0.9,1.37
9/29/2006,8,0,0.9,1.39
9/30/2006,0.4,0.5,0.2,1.31
10/1/2006,5.9,0.4,8.7,1.37
10/2/2006,0,0,0,1.54
10/3/2006,1.9,0,10.5,1.61
10/4/2006,2.1,0,23.7,1.94
10/5/2006,3.2,0,0.5,3
10/6/2006,1.1,0,0.06,4.24
10/7/2006,10,0,8.9,4.44
10/8/2006,0.7,0,0.7,4.87
10/9/2006,0.7,0,0.2,6.57
10/10/2006,0.06,0,0.1,6.88
10/11/2006,1,0,0.06,6.96
10/12/2006,0,0,0,6.42
10/13/2006,0,0,0.06,5.59
10/14/2006,2.1,0,4,4.87
10/15/2006,0,0,0,4.44
10/16/2006,0.3,0,0.3,4.05
10/17/2006,0.06,0,0,3.91
10/18/2006,0,0,0,3.78
10/19/2006,0,0,0,3.65
10/20/2006,0,0,0,3.49
10/21/2006,2.1,0,7.2,3.45
10/22/2006,10.5,0,5.4,3.18
10/23/2006,18.5,5.2,22.1,3.22
10/24/2006,12.8,7.4,7.7,17.69
10/25/2006,1.6,0,0.3,30.05
10/26/2006,20.4,0,27.9,30.4
10/27/2006,4.1,14.7,5.7,31.47
10/28/2006,5.3,1.2,0.2,48.74
10/29/2006,1.1,0,0,49.3
10/30/2006,5.4,0,3.2,44.45
10/31/2006,27,0,12.4,37.4
11/1/2006,4.6,0,1.8,30.06
11/2/2006,1,0,0.3,25
11/3/2006,0,0,0,22.03
11/4/2006,0,0,0,18.32
11/5/2006,0.5,0,0.7,15.42
11/6/2006,9.3,0,6.8,14.9
11/7/2006,0.4,8.2,0.1,13.59
11/8/2006,0,0,0,12.68
11/9/2006,0.3,0,0,11.97
11/10/2006,0,0,0,11.17
11/11/2006,0.6,0,3.8,10.55
11/12/2006,2.5,0,3.7,9.85
11/13/2006,0.7,0.06,0.3,9.62
11/14/2006,5.5,0,6.3,9.3
11/15/2006,2.9,0,1.7,13.59
11/16/2006,0.2,0,0,22.3
11/17/2006,1.4,0,1.7,26.51
11/18/2006,7.3,3.4,3.3,38.76
11/19/2006,2.2,0,1.9,52.29
11/20/2006,1.2,5.2,0.8,57.33
11/21/2006,0.4,0,1.3,58
11/22/2006,0.4,5.6,0.7,56.68
11/23/2006,4,0,4.6,53.52
11/24/2006,6,5.4,5.8,47.7
11/25/2006,5.3,6.1,4.2,48.81
11/26/2006,0.1,4.2,0.06,47.16
11/27/2006,0.1,0,0,45.56
11/28/2006,0.06,1.2,0.1,42.52
11/29/2006,0,0,0.1,37.9
11/30/2006,0,4.2,0,33.39
12/1/2006,0,3.4,0,29.42
12/2/2006,7.1,2.2,4.8,25.33
12/3/2006,2.2,3.5,0.06,25.05
12/4/2006,5.7,2.5,5.4,30.11
12/5/2006,11,3.5,11.4,36.21
12/6/2006,1.5,2.4,0.2,42.54
12/7/2006,0.2,3.1,0.3,44.55
12/8/2006,3.2,4.4,3.8,43.54
12/9/2006,0.06,1.2,0.06,39.71
12/10/2006,0,3.2,0,32.65
12/11/2006,2.9,0,1.6,30.83
12/12/2006,0.06,4.7,0.06,25.35
12/13/2006,1.5,2.2,1.1,22.42
12/14/2006,3.1,3.4,0.9,23.39
12/15/2006,0,0,0,23.93
12/16/2006,0,0,0,23.94
12/17/2006,0.2,0,0.6,23.66
12/18/2006,0,0,0,21.83
12/19/2006,2,0,2.3,18.58
12/20/2006,3,0,0.8,15.82
12/21/2006,0,0,0,13.46
12/22/2006,0,0,0,12.28
12/23/2006,1,0.06,0.1,12.14
12/24/2006,0,2,0.1,11.33
12/25/2006,0,1.2,0,10.82
12/26/2006,0.06,0,0,9.76
12/27/2006,1.3,0,0.2,9.98
12/28/2006,0.1,0,0.1,10.1
12/29/2006,0,0.06,0.06,9.11
12/30/2006,1.1,0,0.5,8.31
12/31/2006,1.2,4.2,3.1,7.66
1/1/2007,3.7,11.5,6.8,8.86
1/2/2007,1,0.4,0.2,10.66
1/3/2007,0.5,0,0.06,14.08
1/4/2007,1.7,3.5,3.7,15.45
1/5/2007,0.5,0.9,0.06,15.63
1/6/2007,0,0,0.7,17.75
1/7/2007,1.6,2,1.3,19.93
1/8/2007,1.7,4.1,2.3,20.16
1/9/2007,10,10,7.8,17.35
1/10/2007,0,4,2.5,23.44
1/11/2007,1,3.4,1,33.18
1/12/2007,0.7,1,1.1,35.57
1/13/2007,0.4,2.8,1.3,35.98
1/14/2007,4,9.7,7.8,29.55
1/15/2007,1.6,2.4,3.2,21.87
1/16/2007,1,0.5,0,18.81
1/17/2007,4.5,11.7,9,17.55
1/18/2007,4.5,4.4,4,19.04
1/19/2007,0.4,0,0.8,24.56
1/20/2007,0.06,1.4,0.3,29.56
1/21/2007,0.06,2.1,0.06,29.91
1/22/2007,0,0,0,24.56
1/23/2007,1,4.6,2.5,18.6
1/24/2007,2.4,1.3,0.4,14.59
1/25/2007,0.06,0.6,0.5,10.67
1/26/2007,4,6.9,5.4,10.55
1/27/2007,1,0.4,1,8.97
1/28/2007,0.06,0,0,7.72
1/29/2007,0.2,0,0,7.54
1/30/2007,0,0,0.1,6.34
1/31/2007,1.8,3.3,3.4,6.05
2/1/2007,0.4,0.5,1.2,5.71
2/2/2007,12.5,10.4,7.5,5.21
2/3/2007,0,0,0.06,4.75
2/4/2007,0.9,0,0.3,4.58
2/5/2007,0.3,0,0.1,4.28
2/6/2007,0,0,0,4.18
2/7/2007,0,0,0.06,4.04
2/8/2007,0.06,0,0.06,3.99
2/9/2007,0,0,0,3.72
2/10/2007,0,0,0,3.47
2/11/2007,0,0,0.1,3.28
2/12/2007,0,0,0,3.24
2/13/2007,0,0,0,3.13
2/14/2007,0,0,0,3.09
2/15/2007,0.8,0,0.5,2.89
2/16/2007,0.6,0.2,0.06,2.79
2/17/2007,0,0,0,2.75
2/18/2007,0,0,0.1,2.69
2/19/2007,0,0,0,2.57
2/20/2007,0,0,0,2.43
2/21/2007,0,0,0,2.34
2/22/2007,0,0,0,2.24
2/23/2007,0.4,0,0,2.14
2/24/2007,0.06,0,0,2.11
2/25/2007,0,0,0,2.11
2/26/2007,0,0,0,2.11
2/27/2007,2,2.7,2.5,2.11
2/28/2007,1.1,1.5,1.2,2.04
3/1/2007,1.1,0,1.4,2.02
3/2/2007,2.6,3.3,1.6,2.02
3/3/2007,0,1.9,0.06,2.02
3/4/2007,0.6,0,0,2.02
3/5/2007,0,0.5,0,2.02
3/6/2007,1.6,0,0.6,2.02
3/7/2007,2.4,0.9,1.7,2.02
3/8/2007,0,1,0.1,2.02
3/9/2007,0.5,0,0.3,2.11
3/10/2007,0,0.9,1.3,2.21
3/11/2007,0.7,2.6,0,2.37
3/12/2007,0.3,0,0.1,3.21
3/13/2007,0,0,0,3.36
3/14/2007,0,0,0,4.33
3/15/2007,0,0,0.06,5.59
3/16/2007,0,0,0.2,19.98
3/17/2007,2.7,0,5,20.21
3/18/2007,2.8,4.8,6.2,19.98
3/19/2007,7.2,6.3,5,20.22
3/20/2007,0,2.6,0.06,19.53
3/21/2007,1.7,0,0.8,27.64
3/22/2007,0,2.9,0.06,28.95
3/23/2007,0,0,0,30.32
3/24/2007,0,0,0,29.63
3/25/2007,0,0,0,31.04
3/26/2007,0,0,0,34.85
3/27/2007,0,0,0,35.26
3/28/2007,0,0,0,33.27
3/29/2007,0,0,0,30.33
3/30/2007,0,0,0,27.65
3/31/2007,0,0,0,26.7
4/1/2007,0,0,0,24.63
4/2/2007,0.2,0,0,22.97
4/3/2007,0,0,0.06,20.94
4/4/2007,0.06,0,0.06,19.09
4/5/2007,0.4,0,0.2,17.4
4/6/2007,0,0,0.06,16.05
4/7/2007,0.06,0,0.06,14.97
4/8/2007,0,0,0,13.97
4/9/2007,0,0,0,12.44
4/10/2007,0.2,0,0.2,10.83
4/11/2007,0.06,0,0.06,9.53
4/12/2007,0,0,0,8.69
4/13/2007,0,0,0,8.01
4/14/2007,0,0,0,7.56
4/15/2007,0,0,0,7.74
4/16/2007,0,0,0,7.22
4/17/2007,0.6,0,0.7,7.56
4/18/2007,0,0,0.06,7.74
4/19/2007,7.1,0.2,10.7,8.11
4/20/2007,8.7,12.4,11.9,9.76
4/21/2007,3.3,9,1.3,15.33
4/22/2007,0,0.6,0,25.81
4/23/2007,0.8,0,3.6,27.04
4/24/2007,0,3.8,0,27.36
4/25/2007,4.6,0,4.6,25.23
4/26/2007,1,5.2,0.6,20.96
4/27/2007,0,0.4,0,19.33
4/28/2007,0,0,0,19.11
4/29/2007,0,0,1.7,18.89
4/30/2007,0,3,0.06,17.83
5/1/2007,1,0,0,15.16
5/2/2007,7.1,0.3,2.9,13.5
5/3/2007,2.7,5.2,1.7,12.03
5/4/2007,1.8,1.5,2,10.96
5/5/2007,0.06,0.8,0,10.71
5/6/2007,0.06,0,0,10.96
5/7/2007,0.5,0,0.4,10.96
5/8/2007,0,1.5,0,10.84
5/9/2007,0,0,0.06,10.23
5/10/2007,0,0,0,8.9
5/11/2007,0,0,0,8.3
5/12/2007,0,0,0,7.93
5/13/2007,0,0,0,7.31
5/14/2007,0.7,0,1.5,6.9
5/15/2007,4.9,0.6,6.4,6
5/16/2007,0,5.4,0,5.29
5/17/2007,0,0,0,5.73
5/18/2007,0,0,0,6.01
5/19/2007,0,0,0,6.08
5/20/2007,0,0,0,5.94
5/21/2007,4.4,0,3.9,5.35
5/22/2007,0.4,4.1,0.5,4.76
5/23/2007,0.8,1.3,0,4.5
5/24/2007,5.7,0,0.3,4.2
5/25/2007,0.6,0.6,3.3,4.24
5/26/2007,5.5,2.8,4.9,4.1
5/27/2007,0.7,3.1,15.7,4.24
5/28/2007,6.2,12.6,4.3,5.23
5/29/2007,0.06,0,0,6.75
5/30/2007,0.06,0.6,2.7,7.4
5/31/2007,1.2,5.6,0,7.75
6/1/2007,0,2,0,7.66
6/2/2007,0,0,0,6.9
6/3/2007,0,0,0,6.83
6/4/2007,0,0,0,6.67
6/5/2007,0,0,0,5.67
6/6/2007,0,0,0,4.82
6/7/2007,0,0,0,4.5
6/8/2007,0,0,0,3.7
6/9/2007,0,0,0,3.25
6/10/2007,3.3,0,1.7,3.14
6/11/2007,0,2.5,0,2.93
6/12/2007,0.8,0,0.06,2.77
6/13/2007,0,0,1.7,2.74
6/14/2007,4.3,1.2,5.5,2.74
6/15/2007,1.2,9.8,0.06,2.7
6/16/2007,0,0.6,0,2.67
6/17/2007,0,0,1.3,2.74
6/18/2007,3.5,2.9,8.9,2.7
6/19/2007,0,6,0,2.44
6/20/2007,0.06,0,0.06,2.44
6/21/2007,0,1.6,0,2.41
6/22/2007,0,0,0,2.38
6/23/2007,0,0,0,2.41
6/24/2007,0,0,0,2.05
6/25/2007,2.7,0,1,2
6/26/2007,5.9,1.6,2,1.61
6/27/2007,23.8,8.6,14.8,1.68
6/28/2007,4.5,16.1,3.7,2.49
6/29/2007,0.06,0.7,9.8,4.06
6/30/2007,0,1,0.06,5.36
7/1/2007,1.8,0,0.06,5.61
7/2/2007,0.06,0,2.9,5.68
7/3/2007,5,0.6,0,5
7/4/2007,0,0,0,4.15
7/5/2007,0,0,0,3.66
7/6/2007,0.5,0,6.8,3.49
7/7/2007,19.3,1.7,5.5,3.07
7/8/2007,4.4,10.9,2.9,2.55
7/9/2007,0,3.2,0.06,2.9
7/10/2007,0,0,0.06,3.92
7/11/2007,4.1,0,2,4.2
7/12/2007,0,2.4,0,3.92
7/13/2007,15.4,0,4.4,3.45
7/14/2007,12.7,0,8.3,3.15
7/15/2007,2.2,8.6,1.4,4.15
7/16/2007,0,2.6,0.4,5.68
7/17/2007,0,0,0.4,6.16
7/18/2007,8.8,0.6,0.1,6.09
7/19/2007,0.2,0,0,5.49
7/20/2007,1.6,0,1.6,4.72
7/21/2007,0,2.1,0,4.4
7/22/2007,0,0,0,4.35
7/23/2007,0.3,0,0.7,4.25
7/24/2007,2.1,2.7,1.8,3.79
7/25/2007,0.06,5.9,0.1,3.41
7/26/2007,0.4,0,0,3.11
7/27/2007,14,1.3,7.4,2.97
7/28/2007,1.4,6.1,0.06,2.8
7/29/2007,1.9,0,1.6,3.08
7/30/2007,25,2.8,25.9,3.45
7/31/2007,10.4,27.5,3.8,3.97
8/1/2007,0,7.1,0,13.24
8/2/2007,0,0,0,16.31
8/3/2007,0,0,0,16.5
8/4/2007,0,0,0,14.52
8/5/2007,0,0,0,13.24
8/6/2007,0,0,0,9.8
8/7/2007,0,0,0,7.95
8/8/2007,0,0,0,6.92
8/9/2007,0,0,0,6.31
8/10/2007,0,0,0,6.17
8/11/2007,0,0,0.3,5.01
8/12/2007,11.3,2,16.6,4.21
8/13/2007,0.8,0.6,0.1,3.97
8/14/2007,11,0,7.2,3.62
8/15/2007,0,6.8,0,3.79
8/16/2007,10,0,7.4,5.01
8/17/2007,0,35.9,0,5.12
8/18/2007,0,2.9,0,5.49
8/19/2007,0,1.5,0.1,5.75
8/20/2007,0,0,0,5.69
8/21/2007,0,0,0,5.31
8/22/2007,5.7,0,12.2,5.07
8/23/2007,15,7.5,2.2,4.56
8/24/2007,1.8,13.2,0.06,5.01
8/25/2007,0,0.9,0.06,5.49
8/26/2007,4.4,0,0.5,5.56
8/27/2007,1,1.1,5.3,5.62
8/28/2007,17.4,1.5,3.8,5.89
8/29/2007,5,4.7,1.5,6.61
8/30/2007,2.9,2.2,2.5,6.69
8/31/2007,0,0,0.06,6.32
9/1/2007,3.1,3.8,4.5,6.03
9/2/2007,16.3,4,7.5,10.76
9/3/2007,4.8,7.6,3.3,15.59
9/4/2007,0,1.2,0,21.06
9/5/2007,0.3,2.6,0,21.31
9/6/2007,1,0,0.5,20.35
9/7/2007,0,0.3,0,17.91
9/8/2007,0,0,0,14.71
9/9/2007,0,0,0.1,12.08
9/10/2007,0,0.7,0.9,10.64
9/11/2007,0,0,0,9.26
9/12/2007,6.2,0,1.3,8.25
9/13/2007,0.7,4,0.7,7.34
9/14/2007,0.1,0,1,6.77
9/15/2007,2.8,0,7.9,6.77
9/16/2007,1.3,4.4,2.1,6.93
9/17/2007,2.1,3,0.9,7.1
9/18/2007,17.8,2.6,20.2,7.26
9/19/2007,3.7,20.9,0.9,15.96
9/20/2007,15,2.1,12,31.25
9/21/2007,2.4,7.1,2.5,32.73
9/22/2007,1.3,6.1,0.9,32.73
9/23/2007,0,14.8,0,32.35
9/24/2007,0,0,0,30.53
9/25/2007,0,0,0,26.57
9/26/2007,1.1,0,2.1,21.08
9/27/2007,3.3,0.2,1.2,17.72
9/28/2007,0,1.1,0,15.6
9/29/2007,0,0,0.2,14.22
9/30/2007,0,0,12,13.11
10/1/2007,1,8.2,1.1,13.42
10/2/2007,2,1.8,0.06,16.73
10/3/2007,0.06,2,0.4,17.12
10/4/2007,0.9,1.9,0.5,16.92
10/5/2007,0.6,0,1,15.6
10/6/2007,1.1,0.4,1.4,13.27
10/7/2007,3.8,1.7,6.7,12.52
10/8/2007,6.7,2,2.7,20.14
10/9/2007,0.06,12.1,0.06,27.85
10/10/2007,0.06,0,0.06,28.17
10/11/2007,4.6,0,5.4,27.53
10/12/2007,1.5,4.7,1.3,23.68
10/13/2007,0,2.7,0,19.23
10/14/2007,6.8,0,4.2,17.32
10/15/2007,0.1,6.3,0.06,17.13
10/16/2007,0.5,0,0.1,18.36
10/17/2007,0,0,0,18.57
10/18/2007,1.3,0,1.2,17.73
10/19/2007,0,0.7,0,16.74
10/20/2007,0,0,0,14.57
10/21/2007,0,0,0,13.28
10/22/2007,0,0,0,12.1
10/23/2007,0,0,0,11.29
10/24/2007,0,0,0,10.78
10/25/2007,0,0,0,9.17
10/26/2007,0.3,0,0.2,8.96
10/27/2007,1.8,0,1,8.75
10/28/2007,3.2,0,1.4,8.26
10/29/2007,0.2,0,0.3,8.17
10/30/2007,7.7,0.2,5.8,8.96
10/31/2007,1.3,8.6,0.8,12.11
11/1/2007,1.3,2.6,0.3,16.36
11/2/2007,0,0.5,0.06,17.54
11/3/2007,0.3,0,1,17.74
11/4/2007,0.3,1,0,16.36
11/5/2007,0.2,0,0.4,13.91
11/6/2007,1.7,0.7,1.5,12.39
11/7/2007,2.4,2,6.4,11.3
11/8/2007,1.5,9.3,0.4,12.11
11/9/2007,4.8,0,13.7,18.81
11/10/2007,6,30,6.5,31.31
11/11/2007,2,4.3,1.1,37.68
11/12/2007,0.3,3.7,0.06,38.12
11/13/2007,0,1.1,0.2,36.4
11/14/2007,0.1,0.9,0,29.89
11/15/2007,0.5,0,0.1,24.27
11/16/2007,0.5,0.4,0.1,19.48
11/17/2007,0.7,0,1,17.55
11/18/2007,0.5,1.1,0.5,15.63
11/19/2007,0,0,0,14.58
11/20/2007,0,0,0,13.29
11/21/2007,0.1,0,0,12.84
11/22/2007,0.7,0,0.5,12.26
11/23/2007,3.3,0.3,2.3,11.84
11/24/2007,0.06,1.8,0,13.61
11/25/2007,4.8,0,3.8,14.25
11/26/2007,1.1,5.9,1.2,13.77
11/27/2007,1.2,0.4,0,13.61
11/28/2007,0,0,0,13.3
11/29/2007,0,0,0,12.99
11/30/2007,0,0,0,10.19
12/1/2007,0.9,2.7,2.1,9.18
12/2/2007,2.8,8.3,3.8,9.4
12/3/2007,2.9,8.9,6.5,9.62
12/4/2007,1.9,2.6,3.2,9.84
12/5/2007,2,2.2,4,11.57
12/6/2007,3.2,3.2,5.1,24.29
12/7/2007,12,11.6,15.3,47.55
12/8/2007,4.7,5.6,3.1,62.78
12/9/2007,0,5.4,0.2,68.88
12/10/2007,1.4,0.3,0.9,69.69
12/11/2007,0.5,0,0.1,62.79
12/12/2007,0,0,0,52.17
12/13/2007,0,0,0,42.36
12/14/2007,0,0,0.06,35.19
12/15/2007,0,0,0,27.92
12/16/2007,0,0,0,22.93
12/17/2007,0,0,0,20.19
12/18/2007,0,0,0.06,18.19
12/19/2007,0,0,0,16.02
12/20/2007,0,0,0,15.65
12/21/2007,0,0,0,13.94
12/22/2007,0,0,0,12.71
12/23/2007,1.6,0,0.8,12.42
12/24/2007,0,0,0,10.8
12/25/2007,2,1,1.4,10.08
12/26/2007,1.7,0.7,0.7,11.06
12/27/2007,1.7,2,2,13.78
12/28/2007,1.5,4.1,3.4,20.2
12/29/2007,2.1,1.6,0.7,24.88
12/30/2007,3.1,3.6,1,25.17
12/31/2007,1.1,1.6,1.9,23.75
1/1/2008,0,0.9,1,20.21
1/2/2008,0,0,0,20.21
1/3/2008,0.4,0,0,20.44
1/4/2008,0,0,0,18.43
1/5/2008,0,0,0,15.17
1/6/2008,1.6,1.4,2.1,11.92
1/7/2008,4.1,4.4,3.4,9.69
1/8/2008,1.8,1,1.2,8.44
1/9/2008,1.7,2.1,1.8,7.79
1/10/2008,3,4.3,3.3,7.53
1/11/2008,4.7,3.8,1,7.7
1/12/2008,2.5,2.1,1.7,9.47
1/13/2008,0.3,0.3,0.3,14.31
1/14/2008,0.5,0.3,0.3,19.07
1/15/2008,1.2,1.9,0.4,20.2
1/16/2008,0.5,2,1.3,20.43
1/17/2008,0.4,1.3,0.06,18.85
1/18/2008,2.5,4,4.4,20.66
1/19/2008,11.3,12.9,9.7,24.26
1/20/2008,1.6,0.7,0.6,35.84
1/21/2008,10.2,5.6,7.7,49.43
1/22/2008,1.5,0,2,49.99
1/23/2008,0,0,0.1,48.86
1/24/2008,5.3,3.1,4.2,42.08
1/25/2008,1.5,1.5,1.4,34.22
1/26/2008,1.1,0.6,0.1,27.2
1/27/2008,0,0,0,24.25
1/28/2008,0,0,0.06,23.16
1/29/2008,0,0,0.06,20.18
1/30/2008,12.1,9.5,11.2,19.05
1/31/2008,0.2,0,0,19.72
2/1/2008,7.5,6.4,9.6,20.64
2/2/2008,4.8,3.5,1.8,19.94
2/3/2008,1.7,6.1,4.2,22.63
2/4/2008,0.5,0.8,0.8,27.19
2/5/2008,3.2,1.8,1.8,27.5
2/6/2008,0.2,0.4,1.6,25.97
2/7/2008,0.7,0.5,0.5,23.15
2/8/2008,0.7,0.5,0,20.88
2/9/2008,0.1,0,0.4,19.04
2/10/2008,1.7,0.7,1.7,19.04
2/11/2008,0.7,0.5,1,23.68
2/12/2008,0.5,1.1,0.5,29.11
2/13/2008,0.2,0,0.06,31.19
2/14/2008,0,0,0.06,31.55
2/15/2008,0,0,0.06,30.13
2/16/2008,0.1,0,0.2,26.25
2/17/2008,1,0.4,0.1,23.94
2/18/2008,0.06,0,0,23.4
2/19/2008,0.2,0,0.7,22.35
2/20/2008,2,2.4,1.6,18.39
2/21/2008,1.8,1.8,1.5,15.66
2/22/2008,2.7,2.2,0.5,13.8
2/23/2008,0,0,0.06,14.28
2/24/2008,9.5,5.5,7.1,14.44
2/25/2008,0,0,0,13.95
2/26/2008,8.8,8.9,8.8,17.55
2/27/2008,4.6,3.8,3.9,17.96
2/28/2008,1.7,1,0.8,27.78
2/29/2008,0,0.4,0.1,29.09
3/1/2008,0.1,1.3,0.3,29.42
3/2/2008,0,0,0,26.53
3/3/2008,3.5,4.4,4,23.12
3/4/2008,0.5,0.5,0.9,19.02
3/5/2008,0,0,0.3,17.96
3/6/2008,6.3,4,3.6,16.01
3/7/2008,0.1,0.2,0.3,13.02
3/8/2008,1.2,0.3,1,11.47
3/9/2008,0.4,0,0,10.11
3/10/2008,0,0,0,14.27
3/11/2008,0,0,0,29.74
3/12/2008,0,2,0.7,32.6
3/13/2008,3.5,4.3,4,32.98
3/14/2008,4.2,1.5,2.1,32.6
3/15/2008,2.1,1.5,1.7,32.6
3/16/2008,1.1,0.7,0.7,32.22
3/17/2008,1,0,0.3,30.42
3/18/2008,0.6,0.5,0.4,27.75
3/19/2008,0,0,0.1,22.83
3/20/2008,0.2,0,0,21.31
3/21/2008,0,0,0,18.36
3/22/2008,1.7,3,2,16.74
3/23/2008,1.9,0.4,1,14.26
3/24/2008,0,0,0,12.86
3/25/2008,11.8,8.5,7.8,11.46
3/26/2008,12.3,7.2,5.3,10.82
3/27/2008,1.3,0,0.1,9.43
3/28/2008,0.06,0,0,8.8
3/29/2008,0.06,1.3,2.1,7.76
3/30/2008,0.06,0,0.06,6.99
3/31/2008,0,0,0,7.16
4/1/2008,0,0,0,8.4
4/2/2008,0,0,0,31.82
4/3/2008,0,1,0.1,34.88
4/4/2008,0,0,0,36.52
4/5/2008,0.2,0,0.1,37.37
4/6/2008,2.7,3.4,5.2,37.36
4/7/2008,4.4,3,2.7,38.23
4/8/2008,13.3,21.4,12.4,43.87
4/9/2008,1.2,2.2,0.7,57.79
4/10/2008,0,0,0,63.34
4/11/2008,0,0,0,64.07
4/12/2008,5,13.9,6.7,61.19
4/13/2008,8.7,11.4,5,57.78
4/14/2008,0.1,0,0.1,52.7
4/15/2008,0,0.8,0,55.18
4/16/2008,0,3.8,0,53.92
4/17/2008,0,0,0,47.52
4/18/2008,0,0,0,41.88
4/19/2008,0,0,0,35.26
4/20/2008,0,0,0,30.72
4/21/2008,0,0,0,29
4/22/2008,0,0,0,22.79
4/23/2008,0,0,0,20.08
4/24/2008,0,0,0,18.11
4/25/2008,0,0,0,15.96
4/26/2008,0,0,0,14.39
4/27/2008,0,0,0,13.59
4/28/2008,0,0,0,11.84
4/29/2008,0,0,0,10.8
4/30/2008,0,0,0,9.85
5/1/2008,0,0,0,9.04
5/2/2008,0,0,0,9.09
5/3/2008,0,0,0,8.29
5/4/2008,0,0,0,8.01
5/5/2008,0.06,0,0.2,7.48
5/6/2008,0.06,0,0,6.63
5/7/2008,0.7,0.6,1.8,6.15
5/8/2008,0.06,0.3,0.3,5.88
5/9/2008,10.6,0.2,2.7,5.55
5/10/2008,0,0,0,5.3
5/11/2008,0.1,1.2,0.4,5.3
5/12/2008,0.1,0,0,5.48
5/13/2008,0.1,0,0,5.12
5/14/2008,0.4,0,0,4.8
5/15/2008,4.2,1.8,6.6,4.51
5/16/2008,0,0.2,0,4.46
5/17/2008,2.6,3.8,1.8,4.51
5/18/2008,0.06,0,0.06,4.61
5/19/2008,0,0,0,4.56
5/20/2008,0,0,0,4.51
5/21/2008,0,0,0,4.46
5/22/2008,0,0,0,4.26
5/23/2008,0,0,0,4.16
5/24/2008,0,0,0,3.97
5/25/2008,0,0,0,3.8
5/26/2008,0,0,0,3.58
5/27/2008,0,0,0,3.42
5/28/2008,0,0,0,3.16
5/29/2008,0,0,0,2.86
5/30/2008,0,0,0,2.88
5/31/2008,0,0,0,2.78
6/1/2008,0.06,0,0,2.69
6/2/2008,0.2,0,0,2.57
6/3/2008,0,0,0,2.48
6/4/2008,0,0,0,2.4
6/5/2008,0,0,0,2.29
6/6/2008,0.8,0,0.3,2.26
6/7/2008,0,0,0,2.26
6/8/2008,1.4,2.8,0.9,2.11
6/9/2008,1.8,0.5,0.1,1.95
6/10/2008,10.1,2.6,1.4,1.93
6/11/2008,6.2,8.4,16.2,2.21
6/12/2008,3.8,1.9,3.9,2.48
6/13/2008,0,0.7,0.7,2.78
6/14/2008,0.6,5.9,5.5,3.12
6/15/2008,0,1.8,0.06,3.27
6/16/2008,0,0,0.1,3.5
6/17/2008,10.1,20.8,17.7,3.58
6/18/2008,20.1,28.6,5.1,3.75
6/19/2008,0,0,0,7.29
6/20/2008,6.5,12.2,2.4,11.54
6/21/2008,3.9,1.8,0,11.67
6/22/2008,0.2,2.1,11.1,10.05
6/23/2008,7.9,17.3,6.7,8.46
6/24/2008,17.4,7.3,8.7,7.99
6/25/2008,0.06,0,0,15.19
6/26/2008,0.4,7.2,0.5,17.44
6/27/2008,0.4,1.7,0.1,17.64
6/28/2008,0.8,7.8,7.4,15.54
6/29/2008,8.4,0.1,1.2,12.64
6/30/2008,0,0,0,10.76
7/1/2008,2.6,6.2,1.6,11.27
7/2/2008,2.5,0.6,1,11.8
7/3/2008,1.7,1.6,16.1,11.01
7/4/2008,0,0,0,9.27
7/5/2008,0,0,0,9.82
7/6/2008,0.06,3,0,9.93
7/7/2008,0,0,0,8.55
7/8/2008,0,0,0,6.8
7/9/2008,0.3,0.2,1,5.16
7/10/2008,1.2,0,0,4.39
7/11/2008,1.4,4,2.3,3.96
7/12/2008,2.2,1,0,3.78
7/13/2008,0,0,0,3.53
7/14/2008,15,16.8,9.6,3.3
7/15/2008,0.06,0,0,3.34
7/16/2008,0,1.1,0,4.6
7/17/2008,2.6,0,0.06,4.93
7/18/2008,1.7,0,0.06,4.98
7/19/2008,0,0,0,4.49
7/20/2008,11.8,0.6,0.3,3.92
7/21/2008,5.8,0,0.1,3.33
7/22/2008,1.2,1.2,0.8,3.04
7/23/2008,0,0,0,3.92
7/24/2008,0,0,0,4.01
7/25/2008,0,0,0,3.96
7/26/2008,0,0,0,3.57
7/27/2008,0,0,0,3.18
7/28/2008,0,0,0,2.65
7/29/2008,0,0,0,2.42
7/30/2008,0,0,0,2.42
7/31/2008,0,0,0,2.42
8/1/2008,1,16.6,0,2.23
8/2/2008,0,2.6,1.2,2.18
8/3/2008,0.3,4.1,2.1,2.11
8/4/2008,1.2,0.7,1.3,2.13
8/5/2008,0,0,0,1.96
8/6/2008,0,0,0,1.88
8/7/2008,16.6,7.1,8.4,1.96
8/8/2008,16.4,10.9,5.4,1.93
8/9/2008,0.06,1.3,0.9,2.8
8/10/2008,15.6,0.2,1,4.39
8/11/2008,5,7.4,2.1,4.49
8/12/2008,1.5,16.7,3.8,4.49
8/13/2008,0.06,2.8,0.06,5.39
8/14/2008,0.1,2.3,0.5,5.45
8/15/2008,0.5,0,0,5.03
8/16/2008,2.1,3.4,4.3,4.54
8/17/2008,0.3,0,0.3,3.95
8/18/2008,1,0.4,0.5,3.57
8/19/2008,2,0.4,0.1,3.04
8/20/2008,0.06,2.2,0.06,3.04
8/21/2008,10.4,0,0.9,3.04
8/22/2008,1,0.2,0,3.04
8/23/2008,0,0,0,3.65
8/24/2008,1.9,4.6,2,3.82
8/25/2008,0,0,0,3.86
8/26/2008,0,0,0,3.56
8/27/2008,1.1,4,1,3.14
8/28/2008,21.6,11.3,15.5,2.97
8/29/2008,0.06,0,0,2.93
8/30/2008,0.2,0,0,6.18
8/31/2008,0,0,0,7.1
9/1/2008,0.06,0.2,0,7.18
9/2/2008,4.3,4.2,3.9,6.18
9/3/2008,7.2,5.3,6.3,5.26
9/4/2008,0.06,0,0,4.33
9/5/2008,4.3,0,0.06,4.38
9/6/2008,4,10.4,8.5,5.03
9/7/2008,0,0,0,5.14
9/8/2008,0.1,1.4,1.2,5.51
9/9/2008,1.4,6.5,5.3,5.57
9/10/2008,0,0,0,5.32
9/11/2008,0.06,0,0,5.14
9/12/2008,0.06,0,0,5.08
9/13/2008,0,0,0,4.69
9/14/2008,0,0,0,4.48
9/15/2008,0,0,0,4.18
9/16/2008,0,0,0,3.69
9/17/2008,0.06,0.2,0,3.52
9/18/2008,0.06,0,0,3.36
9/19/2008,0.3,0,0.8,3.21
9/20/2008,0,0,0.4,3.21
9/21/2008,0,0,0,2.96
9/22/2008,0,0,0,2.64
9/23/2008,0,0,0,2.77
9/24/2008,0,0,0,2.7
9/25/2008,0,0,0,2.46
9/26/2008,0,0,0,2.44
9/27/2008,2.5,2.3,0.5,2.41
9/28/2008,0,0,0,2.44
9/29/2008,0,0,0,2.35
9/30/2008,1.4,0.2,0.1,2.41
10/1/2008,2,8.2,7.1,2.52
10/2/2008,11.7,5.9,8.4,2.76
10/3/2008,3.5,6,5.7,4.69
10/4/2008,15.2,0,0.4,7.25
10/5/2008,7.9,7,6.9,9.12
10/6/2008,0.06,0.3,0,11.74
10/7/2008,0,0,0,14.43
10/8/2008,0,0,0,14.6
10/9/2008,1.8,1.2,0.8,13.94
10/10/2008,0.2,0,0,12.43
10/11/2008,1.3,0.2,0.3,9.99
10/12/2008,0,0,0,8.81
10/13/2008,0.4,0.8,0.2,8.22
10/14/2008,0,5.8,1.4,7.67
10/15/2008,0.1,1.2,1.6,7.5
10/16/2008,11.2,15.2,13,8.7
10/17/2008,0.3,0.4,0.1,13.77
10/18/2008,0,0.3,0,16.55
10/19/2008,0.2,2.8,0.06,16.74
10/20/2008,0,0.3,0,15.1
10/21/2008,2.3,3.9,3.8,12.85
10/22/2008,0,0,0,11.33
10/23/2008,1.3,1,0.5,9.87
10/24/2008,12.3,6,7.7,8.95
10/25/2008,2.4,0,3.8,12
10/26/2008,3.2,24.6,13.8,22.3
10/27/2008,0.1,12.1,0.1,30.75
10/28/2008,2.7,10.2,2.5,32.19
10/29/2008,1.8,4.3,2.8,32.56
10/30/2008,14.1,16.1,15.8,29.36
10/31/2008,14,11.9,11.7,36.94
11/1/2008,0.8,0,0.06,43.37
11/2/2008,0,0,0,43.87
11/3/2008,0,0,0.06,42.87
11/4/2008,0,0,0,38.66
11/5/2008,0,0,0,32.55
11/6/2008,0,0,0,27.71
11/7/2008,0,0,0,24.15
11/8/2008,0.2,0,0.9,20.8
11/9/2008,1.3,3.7,1.7,19.64
11/10/2008,6,4.6,6.3,16.91
11/11/2008,11.9,14.7,12.9,23.32
11/12/2008,0.5,12.5,0.8,33.67
11/13/2008,9,2.3,3.4,36.07
11/14/2008,3,3.7,2.8,36.49
11/15/2008,3,2.4,2.4,34.85
11/16/2008,2.2,0.4,0.8,31.42
11/17/2008,0.06,0,0,30.36
11/18/2008,5.7,4.9,11,29.33
11/19/2008,1.4,1,2,28.01
11/20/2008,0.9,0.9,0.1,26.75
11/21/2008,0.06,0,0.06,27.06
11/22/2008,0.4,0.2,0.1,24.97
11/23/2008,15,35.6,9.1,22.52
11/24/2008,8.8,18.4,5,20.08
11/25/2008,0,4.9,0.1,16.33
11/26/2008,3.8,3,2.9,15.24
11/27/2008,0.8,0.4,0.3,15.06
11/28/2008,0.2,1.4,2.5,21.26
11/29/2008,1,0.4,1.4,32.88
11/30/2008,1.4,4.7,4.7,39.5
12/1/2008,9.1,10.8,8.3,47.47
12/2/2008,4.1,4,6.3,54.47
12/3/2008,3.5,2.4,3.9,57.03
12/4/2008,2.7,6,3.5,57.03
12/5/2008,0.06,0,0,55.73
12/6/2008,0,0,0,52.62
12/7/2008,0.1,0,0,47.45
12/8/2008,1.6,0,2.5,37.72
12/9/2008,4.2,4.4,5,31.03
12/10/2008,8.7,7,5.7,27.03
12/11/2008,2,0.2,1.4,23.82
12/12/2008,0,0,0,21.73
12/13/2008,0.1,0,0.1,19.83
12/14/2008,0,0,0,19.82
12/15/2008,0,0,0,19.37
12/16/2008,0.2,0,0,18.72
12/17/2008,0.3,0.7,1.7,18.08
12/18/2008,0.3,0.3,0.06,16.12
12/19/2008,3.3,4,2.5,15.4
12/20/2008,1.7,2.4,1.4,18.08
12/21/2008,4.8,5.5,7,21.23
12/22/2008,2,0.8,4.1,23.27
12/23/2008,2.6,0.3,0.3,24.36
12/24/2008,0.3,0,0,24.64
12/25/2008,0,0,0,23.54
12/26/2008,0,0,0,21.22
12/27/2008,0,0,0,17.46
12/28/2008,0,0,0,16.11
12/29/2008,0,0,0,15.39
12/30/2008,0,0,0.1,12.51
12/31/2008,0,0,0,10.66
1/1/2009,0,0,0,9.92
1/2/2009,0,0,0,10.03
1/3/2009,0.2,0,0.06,9.05
1/4/2009,0.06,0,0.06,8.16
1/5/2009,0,0.5,0.2,7.7
1/6/2009,0,0,0.1,7.1
1/7/2009,0.9,0,0,6.63
1/8/2009,6.3,6.8,6.4,5.98
1/9/2009,1.5,1.1,0.1,5.78
1/10/2009,0,0,0,5.27
1/11/2009,1.9,1,0.8,4.75
1/12/2009,0.2,0,0,4.86
1/13/2009,0.5,0,0,8.25
1/14/2009,0.06,0,0.06,9.92
1/15/2009,0.8,0,0.2,15.37
1/16/2009,0,0,0,15.55
1/17/2009,0.06,0,0,14.35
1/18/2009,5.2,2,2.5,11.14
1/19/2009,1,1.3,0,9.3
1/20/2009,4.8,6.7,5.9,9.37
1/21/2009,0,0.1,0,8.95
1/22/2009,10,10.9,9.6,7.79
1/23/2009,0,0,0.1,7.62
1/24/2009,0,0.3,0,7.11
1/25/2009,1.2,1,0.7,6.71
1/26/2009,2,2.3,1.5,6.34
1/27/2009,0,2,0,5.91
1/28/2009,0.06,0,0.2,5.78
1/29/2009,0,0,0,5.52
1/30/2009,0.06,0,0.06,5.21
1/31/2009,0,0,0,4.64
2/1/2009,0,0,0.06,4.49
2/2/2009,0,0,0,4.34
2/3/2009,0,0,0,4.24
2/4/2009,0,0,0,4.09
2/5/2009,1.4,0.2,0.9,3.95
2/6/2009,4.5,3.2,4.8,3.82
2/7/2009,1.4,1.2,1.5,3.69
2/8/2009,5,2.8,3.9,3.69
2/9/2009,0,0,0,3.69
2/10/2009,0,0,0,3.69
2/11/2009,0,0,0,3.69
2/12/2009,1.5,0.8,0.7,3.61
2/13/2009,0.2,0.2,0,3.53
2/14/2009,0,0,0,3.44
2/15/2009,0,0,0,3.25
2/16/2009,0,0,0,3.04
2/17/2009,0,0,0,2.9
2/18/2009,0.8,0.9,0.2,2.67
2/19/2009,1,0.5,0.6,2.61
2/20/2009,0.2,0.7,0.1,2.55
2/21/2009,0,0,0.06,2.5
2/22/2009,0,0,0.1,2.44
2/23/2009,0.2,0.2,0.06,2.44
2/24/2009,0.7,2.1,1.4,2.38
2/25/2009,0,0,0,2.33
2/26/2009,2.4,2.2,2.7,2.33
2/27/2009,2.8,2.7,2,2.28
2/28/2009,1,0.3,0.6,2.23
3/1/2009,0,0,0,2.23
3/2/2009,0,0,0.9,2.23
3/3/2009,3,2.4,2.4,2.18
3/4/2009,0.06,0,0,2.18
3/5/2009,0.06,0,0.06,2.13
3/6/2009,0,0,0,2.08
3/7/2009,0.06,0,0,2.08
3/8/2009,0,0.3,0.4,2.03
3/9/2009,7.5,5.9,7.4,2.03
3/10/2009,1,1.6,1.2,2.03
3/11/2009,0.9,0.4,1,2.03
3/12/2009,0,0,0,1.98
3/13/2009,0,0,0,1.98
3/14/2009,1,1.5,0.7,1.94
3/15/2009,0.3,0,0,1.98
3/16/2009,3.7,2.6,4.3,1.98
3/17/2009,0.06,0,0,1.98
3/18/2009,0,0,0,1.98
3/19/2009,0,0,0,2.13
3/20/2009,0.06,0.7,0,2.28
3/21/2009,0,0,0,2.39
3/22/2009,0,0,0,2.5
3/23/2009,3.6,1.1,4.3,2.56
3/24/2009,0.9,0,0.06,2.62
3/25/2009,0,0,0.06,2.68
3/26/2009,0,0,0.06,2.65
3/27/2009,0,0,0,2.59
3/28/2009,1.4,4.5,3.7,2.53
3/29/2009,0,0,0,2.5
3/30/2009,3.3,1.7,2,2.56
3/31/2009,0,0,0,2.56
4/1/2009,0.06,0,0.06,3.22
4/2/2009,0,0,0,6.14
4/3/2009,0.4,0,0.8,10.19
4/4/2009,6.9,4.7,5,16.14
4/5/2009,4.8,3.4,1.5,26.79
4/6/2009,1.3,0,0.6,34.52
4/7/2009,0.9,0,0.4,42.46
4/8/2009,0,0,0,45.5
4/9/2009,0.3,0,0.06,46.03
4/10/2009,0,0,0,44.99
4/11/2009,0,0,0,42.96
4/12/2009,0,0,0,41.99
4/13/2009,0,0,0.4,39.18
4/14/2009,0,0,0,38.74
4/15/2009,0,0,0,38.3
4/16/2009,0,0,0.06,37.43
4/17/2009,0.06,0.6,1.1,35.74
4/18/2009,0,0,0,34.13
4/19/2009,0,0,0,32.6
4/20/2009,0,0,0,29.39
4/21/2009,0,0,0,25.9
4/22/2009,0,0,0,23.35
4/23/2009,0,0,0,20.57
4/24/2009,0,0,0,18.98
4/25/2009,0,0,0,17.31
4/26/2009,0.3,0,0,16.92
4/27/2009,0,0,0,18.55
4/28/2009,0,0,0,19.43
4/29/2009,0,0,0,19.43
4/30/2009,0,0,0,18.98
5/1/2009,0,0,0,18.55
5/2/2009,0,0,0,16.54
5/3/2009,0,0,0,15.08
5/4/2009,0.06,0,0.1,13.76
5/5/2009,2.6,3.6,4,12.55
5/6/2009,0,0,0,11.44
5/7/2009,0.06,0.2,0,11.18
5/8/2009,0,0,0,10.56
5/9/2009,6.1,6,10,10.08
5/10/2009,2,0,0.2,9.41
5/11/2009,0.06,0,2.9,9.09
5/12/2009,0,0,0,9.63
5/13/2009,0.8,0.9,0,9.41
5/14/2009,0,0,0,8.99
5/15/2009,0,0,0,8.39
5/16/2009,0,0,0,7.92
5/17/2009,0,0,0,6.59
5/18/2009,0,0.7,0.8,6.01
5/19/2009,0.06,0,0,5.42
5/20/2009,0,0,0,5.05
5/21/2009,35.5,0,0,4.83
5/22/2009,5.5,2,1.6,4.66
5/23/2009,1.5,1.4,0.5,7.39
5/24/2009,1,0.8,0.4,7.74
5/25/2009,0,0,0,7.65
5/26/2009,0,0,0,7.48
5/27/2009,1.4,1.4,2.8,7.06
5/28/2009,0,0,0.7,6.44
5/29/2009,0,0,0,5.87
5/30/2009,0,0,0,5
5/31/2009,0,0,0,4.51
6/1/2009,0,0,0,4.26
6/2/2009,0,0,0.06,3.97
6/3/2009,6.6,2.6,4.8,3.42
6/4/2009,19.3,22.3,21.7,3.23
6/5/2009,2.7,1.1,0.5,4.35
6/6/2009,0.4,0,0.3,8.11
6/7/2009,0,0,0,8.2
6/8/2009,0,0,0,7.83
6/9/2009,0.1,0,0.4,7.06
6/10/2009,0,0,0,6.3
6/11/2009,0,0,0,5.36
6/12/2009,1,0.8,0.5,4.41
6/13/2009,4.2,6.2,6.6,4.02
6/14/2009,2.3,3.9,6.3,3.75
6/15/2009,2,3.1,0.4,3.71
6/16/2009,0.1,0.7,0.06,3.88
6/17/2009,0.06,0,0,3.84
6/18/2009,0,0.2,0.1,3.58
6/19/2009,0,1.8,3.1,3.38
6/20/2009,0.5,0,0.5,3.08
6/21/2009,0,0.9,0,2.95
6/22/2009,0,0,0,2.91
6/23/2009,0,0,0,2.78
6/24/2009,0,0,0,2.6
6/25/2009,0,0,0,2.54
6/26/2009,0,0,0,2.34
6/27/2009,3.7,0.8,1,2.4
6/28/2009,0,0,0,2.42
6/29/2009,0,0.2,0,2.34
6/30/2009,0,0,0,2.31
7/1/2009,0,0,0,2.34
7/2/2009,0,1.9,0,2.37
7/3/2009,0,0,0.3,2.26
7/4/2009,0.9,1.3,0.6,2.11
7/5/2009,0.8,1.4,0.3,1.82
7/6/2009,0,0,0,1.86
7/7/2009,4.3,11.4,7.8,1.95
7/8/2009,0.06,7.6,8.8,2.14
7/9/2009,29.3,5.2,7.2,2.19
7/10/2009,0,0,0,3.63
7/11/2009,24.6,12.9,9.4,5.12
7/12/2009,2.9,5.3,2,5.18
7/13/2009,17.4,26.4,32.5,5.62
7/14/2009,0,0,0,15.12
7/15/2009,0,0,0,15.84
7/16/2009,0,0,0,16.58
7/17/2009,0,0,0,14.11
7/18/2009,0,0,0,10.46
7/19/2009,0,1.2,1.6,8.12
7/20/2009,3.1,7.6,4.5,7.07
7/21/2009,2.1,0,0.1,6.53
7/22/2009,0.1,0,0.1,6.09
7/23/2009,0,0,0,5.49
7/24/2009,11,18.6,18.9,5.13
7/25/2009,0,0,0,4.62
7/26/2009,0,0,0,4.31
7/27/2009,0,0,0,4.36
7/28/2009,0.1,0.4,0.3,4.26
7/29/2009,0.2,0,0.06,3.76
7/30/2009,0,0,0,3.23
7/31/2009,15.5,10.3,11.6,2.95
8/1/2009,0.1,0,0.06,2.69
8/2/2009,3.1,15.1,1.5,3.31
8/3/2009,0.06,0.2,0,3.8
8/4/2009,0,0,0,3.85
8/5/2009,0.4,0,0,3.55
8/6/2009,0,0,0,3.13
8/7/2009,0,3.4,0.6,2.82
8/8/2009,0,0,0,2.6
8/9/2009,0,2.4,0,2.51
8/10/2009,0,0,0,2.48
8/11/2009,0.7,2.4,0.9,2.34
8/12/2009,5,9.5,7.5,2.29
8/13/2009,0,0,0,2.69
8/14/2009,0,0.2,0,2.82
8/15/2009,0,0.8,0.4,2.79
8/16/2009,3.1,5.1,6,2.76
8/17/2009,4.8,0.3,0.8,2.72
8/18/2009,3.3,1.5,0.5,2.63
8/19/2009,0,0,0,2.76
8/20/2009,0,0,0,2.79
8/21/2009,0,0,0,2.6
8/22/2009,0,0,0,2.54
8/23/2009,0,0.2,0.1,2.48
8/24/2009,0,0,0,2.09
8/25/2009,0,0,0,1.91
8/26/2009,9.4,9.7,8.2,2.19
8/27/2009,0,7.5,0,2.24
8/28/2009,0.06,0,0,2.54
8/29/2009,16.5,10.8,10.5,2.89
8/30/2009,1.2,0.6,1.2,3.02
8/31/2009,0,0,0,3.72
9/1/2009,0,0,0,3.98
9/2/2009,0.5,0.4,1.2,4.03
9/3/2009,1.2,5.7,7.8,3.63
9/4/2009,7.5,1.1,0.9,3.09
9/5/2009,0,7,0.2,3.63
9/6/2009,4.6,9.6,0.8,7.59
9/7/2009,0.2,0,0,13.82
9/8/2009,0.06,0.2,0,13.98
9/9/2009,0,0,0,12.6
9/10/2009,0,0,0,9.13
9/11/2009,0,0,0,5.76
9/12/2009,0.2,0,4.2,4.68
9/13/2009,0,0,0,4.17
9/14/2009,0,0,0,3.55
9/15/2009,0,0,0,3.17
9/16/2009,0.4,3,0.2,2.92
9/17/2009,0,0,0.1,2.82
9/18/2009,0.8,0.3,0,2.76
9/19/2009,0.8,0,0,2.6
9/20/2009,0,0.4,0.06,2.49
9/21/2009,0,0,0.06,2.46
9/22/2009,1.2,0.8,3,2.52
9/23/2009,0.06,4.1,2.7,2.52
9/24/2009,0,0.2,0.06,2.49
9/25/2009,0,0,0,2.43
9/26/2009,0,0,0.06,2.3
9/27/2009,6,1.3,3.3,2.27
9/28/2009,0.1,0.6,0.06,2.17
9/29/2009,3.1,2.7,1.7,2.24
9/30/2009,0.7,3.4,1,2.64
10/1/2009,0,0.2,0.5,2.76
10/2/2009,0,0.2,0.06,2.79
10/3/2009,14.5,23.1,16.4,3.1
10/4/2009,1.8,17.6,7.1,8.93
10/5/2009,0.1,0,0.06,20
10/6/2009,2.1,1.2,1.9,20.23
10/7/2009,8.1,13.2,11.1,16.07
10/8/2009,0,0,0,16.63
10/9/2009,0,0.8,0,16.83
10/10/2009,0,0,0.06,14.32
10/11/2009,0,0,0,11.38
10/12/2009,1.3,2.9,4.1,8.53
10/13/2009,0,0,0,7.52
10/14/2009,0,0,0,6.62
10/15/2009,0.4,0.8,0.4,6.04
10/16/2009,0.1,0,0,5.2
10/17/2009,3.5,8.8,6.5,4.91
10/18/2009,7,10.3,1.9,6.78
10/19/2009,0,4.1,0,9.58
10/20/2009,0,0,0,10.5
10/21/2009,0,0,0.5,10.62
10/22/2009,0.1,6.8,3.4,9.91
10/23/2009,0,0,0,7.87
10/24/2009,0.8,0,0.7,7.79
10/25/2009,2.8,4.7,3.4,7.52
10/26/2009,0.5,2.5,0.8,8.54
10/27/2009,4.5,2.7,2.9,11
10/28/2009,0.06,0,0,12.34
10/29/2009,0,0,0,12.92
10/30/2009,0.06,0,0,12.77
10/31/2009,0,0,0,10.87
11/1/2009,0,0,0,8.64
11/2/2009,0,0,0,7.61
11/3/2009,0,0,0,6.71
11/4/2009,0.9,1.2,1.4,6.05
11/5/2009,0.1,3.1,1.4,5.39
11/6/2009,7.1,10.4,4.9,4.91
11/7/2009,0.2,0,0.2,4.8
11/8/2009,0,0,0.1,5.15
11/9/2009,0.06,1.2,0.9,5.39
11/10/2009,2.1,4.3,0.8,5.51
11/11/2009,0,0,0.06,5.45
11/12/2009,0,0,0,5.09
11/13/2009,0,0.2,0,4.97
11/14/2009,0.1,0,0,4.75
11/15/2009,0,0,0,5.03
11/16/2009,0,0,0.1,6.19
11/17/2009,4.5,2.5,0.7,7.97
11/18/2009,16.1,9.3,12.6,19.57
11/19/2009,3.5,0,0.1,31.38
11/20/2009,6,8.2,7.3,34.02
11/21/2009,1.2,1.8,1.2,33.63
11/22/2009,5.3,6.9,7.9,31.75
11/23/2009,1,0.6,1.6,28.62
11/24/2009,1.5,5.8,1,28.3
11/25/2009,4.9,5.2,4.1,27.65
11/26/2009,0.5,1.5,2.7,24.09
11/27/2009,0.06,13.7,1.4,25.81
11/28/2009,1.4,4,1,27.03
11/29/2009,0,3.4,0.1,26.41
11/30/2009,0,0.4,0.2,24.65
12/1/2009,1,0.4,0.4,19.58
12/2/2009,0,0,0,17.66
12/3/2009,0.06,0.2,0.4,15.38
12/4/2009,0.3,2.1,0.5,14.52
12/5/2009,0.5,2,0.5,12.94
12/6/2009,0.7,0.2,0.2,11.53
12/7/2009,0.06,0,0,10.76
12/8/2009,0,0.7,0,9.59
12/9/2009,0.3,0,0.3,7.98
12/10/2009,0.6,1,1.3,7.36
12/11/2009,0.5,0,0,7.2
12/12/2009,0.5,0,0.2,6.87
12/13/2009,1.3,1,0.7,6.41
12/14/2009,0,0,0,5.72
12/15/2009,0,0,0,5.4
12/16/2009,0,0,0.1,5.21
12/17/2009,0,0,0.06,5.04
12/18/2009,0,0,0,4.44
12/19/2009,0.5,0,0.2,4.14
12/20/2009,2.5,9.9,2.9,4.05
12/21/2009,4.5,3.9,4.1,3.87
12/22/2009,3.2,6.7,6.4,3.78
12/23/2009,2.9,7.6,2.9,3.69
12/24/2009,0,0,0.06,3.61
12/25/2009,6.8,10.1,2.8,3.53
12/26/2009,4.6,7,2.4,3.37
12/27/2009,2.5,1.7,1.8,3.18
12/28/2009,0.1,0.6,0.4,3.07
12/29/2009,1,0.9,3.1,2.93
12/30/2009,4.1,3.4,4.8,2.83
12/31/2009,1.5,0,0.9,2.74
1/1/2010,0.5,0,0.1,2.47
1/2/2010,0,0,0.06,2.5
1/3/2010,3,2.2,2.8,2.44
1/4/2010,1.9,2.4,1.2,2.38
1/5/2010,0,0,0.06,2.33
1/6/2010,0.2,0.8,1.3,2.25
1/7/2010,4.1,4.7,2.8,2.23
1/8/2010,0,0,0,2.18
1/9/2010,0,0,0,2.13
1/10/2010,0,0,0,2.08
1/11/2010,0,0,0.3,2.03
1/12/2010,0,0,0,1.98
1/13/2010,0,0,0.1,1.96
1/14/2010,0,0,0,1.94
1/15/2010,0,0,0,1.92
1/16/2010,1.2,0,0.7,1.9
1/17/2010,0.1,0,0,1.85
1/18/2010,0,0,0.4,1.81
1/19/2010,0,0,0,1.77
1/20/2010,0,0,0,1.75
1/21/2010,0,0,0,1.73
1/22/2010,0.2,0,0.1,1.71
1/23/2010,0,0,0,1.69
1/24/2010,0.3,0,0.1,1.65
1/25/2010,0.06,0,0.1,1.61
1/26/2010,0,0,0,1.58
1/27/2010,0.5,0,0.9,1.54
1/28/2010,1.5,2.5,0.9,1.51
1/29/2010,1.9,2.6,1.5,1.49
1/30/2010,2.9,5.2,5.2,1.47
1/31/2010,3.2,2.2,3.6,1.46
2/1/2010,11.4,13.4,12,1.44
2/2/2010,0.7,0.7,1.1,1.42
2/3/2010,0.06,0,0,1.41
2/4/2010,0.06,0.3,0.2,1.39
2/5/2010,0.2,0,0,1.39
2/6/2010,0.1,0,0.3,1.37
2/7/2010,3.3,4.1,2.5,1.36
2/8/2010,3,3.3,2.3,1.36
2/9/2010,2,1.1,2.3,1.36
2/10/2010,0.1,0,0.1,1.34
2/11/2010,0.3,0,0.2,1.33
2/12/2010,0.06,0.4,0.06,1.31
2/13/2010,0,0,0,1.3
2/14/2010,0,0,0,1.3
2/15/2010,0.06,0,0,1.28
2/16/2010,0.06,0,0.2,1.25
2/17/2010,1.3,0.8,1.6,1.23
2/18/2010,0,0,0,1.21
2/19/2010,0,1.1,0.4,1.21
2/20/2010,2.6,4.4,2.4,1.21
2/21/2010,2,1.2,0.8,1.2
2/22/2010,1.4,0,0.9,1.21
2/23/2010,10.8,8.3,10,1.21
2/24/2010,0.06,0,0,1.2
2/25/2010,0,0,0,1.18
2/26/2010,4,0.9,3.4,1.18
2/27/2010,1.5,1.3,0.8,1.18
2/28/2010,1.7,2.7,2.9,1.18
3/1/2010,7.1,8,8,1.18
3/2/2010,2.1,1.4,1.5,1.18
3/3/2010,1.5,1.4,1.5,1.18
3/4/2010,1,0.2,0.9,1.18
3/5/2010,0,0,0,1.18
3/6/2010,0.5,0.6,0.3,1.18
3/7/2010,0,0,0.3,1.18
3/8/2010,0.3,0.2,0.06,1.18
3/9/2010,0.3,0,0,1.18
3/10/2010,0,0,0,1.18
3/11/2010,2.5,2.9,1.6,1.18
3/12/2010,0,0.4,0,1.17
3/13/2010,0.06,0.5,0.1,1.18
3/14/2010,0.06,0.2,0.2,1.18
3/15/2010,0,0,0,1.18
3/16/2010,0,0,0.1,1.21
3/17/2010,0.1,0,0.2,1.21
3/18/2010,9,11.1,10.5,1.21
3/19/2010,2.8,2.1,3,1.21
3/20/2010,1.8,0,0.1,1.24
3/21/2010,4.5,7.4,0,1.27
3/22/2010,0,0,0,1.3
3/23/2010,0,0,0,1.33
3/24/2010,0,0,0,1.36
3/25/2010,0,0,0,1.42
3/26/2010,3,2.2,1.1,1.49
3/27/2010,5,9.7,5.7,1.67
3/28/2010,4.8,4.5,4,2.53
3/29/2010,0.5,1.3,2.3,2.64
3/30/2010,0,0,0.1,3.48
3/31/2010,1.1,1.8,0.3,5.03
4/1/2010,0.1,0.6,0,10.01
4/2/2010,2.7,6.1,3,12.89
4/3/2010,6.2,5.6,7.6,16.59
4/4/2010,2,3.3,1.7,33.81
4/5/2010,0.06,0,0.4,39.7
4/6/2010,1,2.2,2.3,45.57
4/7/2010,0,0,0,65.79
4/8/2010,0.4,0,0.06,68.88
4/9/2010,0,0,0,86.66
4/10/2010,0,0,0,90.73
4/11/2010,0,0,0,89.7
4/12/2010,0,0,0,85.67
4/13/2010,0,0,0,83.73
4/14/2010,0,0,0,79.97
4/15/2010,1.6,0.6,1.5,78.16
4/16/2010,0.06,6.8,2.4,72.95
4/17/2010,8.6,14.4,11.8,68.1
4/18/2010,0,0,0,64.3
4/19/2010,0,1.9,0.2,59.34
4/20/2010,0,0,0,58.66
4/21/2010,0,0,0,57.99
4/22/2010,2.6,6.8,7.1,53.51
4/23/2010,1.9,2.7,1.8,45.57
4/24/2010,0,0,0,38.8
4/25/2010,0,0,0,34.59
4/26/2010,0,0,0,34.2
4/27/2010,0,0,0,32.29
4/28/2010,1.2,1.8,3.2,27.18
4/29/2010,1.5,2.8,2.3,23.69
4/30/2010,4,0.6,1.4,20.88
5/1/2010,1.2,0.3,0.9,19.49
5/2/2010,0,0.3,0,19.49
5/3/2010,0,1.9,0.5,19.49
5/4/2010,3.5,4.7,8.5,18.83
5/5/2010,0,0,0,18.61
5/6/2010,0,0,0,19.94
5/7/2010,16,21.2,16.7,20.17
5/8/2010,4.6,0.2,0.1,19.94
5/9/2010,0.2,0,0.06,27.5
5/10/2010,0.2,0.9,0.06,31.56
5/11/2010,0,0,0,31.92
5/12/2010,0,0.2,0,29.8
5/13/2010,1.2,0.3,0,26.87
5/14/2010,0,0,0,21.12
5/15/2010,1,1.9,1.7,18.61
5/16/2010,1,0,0,17.37
5/17/2010,0.06,1.5,5,16.59
5/18/2010,0,0,0,13.97
5/19/2010,0,0,0,13.19
5/20/2010,0,0,0,12.17
5/21/2010,0,0,0,11.23
5/22/2010,0,11.7,3.1,9.9
5/23/2010,12,17.4,13.9,8.63
5/24/2010,5.5,1.3,3.6,8.93
5/25/2010,2,0,0,13.81
5/26/2010,3.5,6.3,3.6,18.19
5/27/2010,0.1,0.3,0.1,18.4
5/28/2010,5,0.3,6.9,17.57
5/29/2010,0.5,0.2,0.7,16.03
5/30/2010,1,0,0.6,18.19
5/31/2010,0,0,0,19.04
6/1/2010,0,0,0,19.26
6/2/2010,0,0,0,17.78
6/3/2010,0,0,0,14.46
6/4/2010,0.06,0,0,12.03
6/5/2010,0,0,0,9.9
6/6/2010,0,0,0,8.14
6/7/2010,0,0,0,7.18
6/8/2010,0,0,0,6.25
6/9/2010,0,0,0,5.45
6/10/2010,1,0,0,4.75
6/11/2010,11.2,6,8.6,4.54
6/12/2010,4.4,10.8,4.6,4.33
6/13/2010,4,1.8,0.8,4.09
6/14/2010,1.5,0,0.1,4.59
6/15/2010,3.5,0.4,0,4.8
6/16/2010,0,0,0,5.03
6/17/2010,0,0,0,4.97
6/18/2010,0,0.8,0.7,4.38
6/19/2010,3.2,6.2,6.7,4.23
6/20/2010,0,2.4,0.3,4.04
6/21/2010,0.06,0.8,0.06,3.69
6/22/2010,0,0,0,3.56
6/23/2010,0,0,0,3.33
6/24/2010,0,0,0,3.25
6/25/2010,1.4,2.3,2,2.71
6/26/2010,0.5,0,0,2.67
6/27/2010,0,0,0,2.58
6/28/2010,0,0,0,2.61
6/29/2010,0,0,0,2.15
6/30/2010,0,0,0,2.41
7/1/2010,0,0,0,2.44
7/2/2010,0,0,0,2.2
7/3/2010,0,0,0,1.92
7/4/2010,0,0,0,1.94
7/5/2010,0,0,0,1.83
7/6/2010,0.6,0,1.6,1.85
7/7/2010,0.06,0,0.2,1.67
7/8/2010,0,1,0.06,1.75
7/9/2010,0,0,0,1.77
7/10/2010,0,0,0,1.79
7/11/2010,0,0,0,1.81
7/12/2010,0,0,0,1.56
7/13/2010,0,0,0,1.4
7/14/2010,0,0.9,0.1,1.41
7/15/2010,1.6,1.5,16.6,1.34
7/16/2010,0.06,0,0,1.3
7/17/2010,0,0,0,1.42
7/18/2010,6.5,11.9,6.5,1.44
7/19/2010,0,0,0,1.23
7/20/2010,0,0,0,1.33
7/21/2010,0,0,0,1.42
7/22/2010,0,0,1,1.46
7/23/2010,2,5.8,1.8,1.41
7/24/2010,0.5,0,1.3,1.33
7/25/2010,0,0,0.3,1.09
7/26/2010,0,0,0.06,1.11
7/27/2010,0,0,0,1.18
7/28/2010,0,0,0,1.24
7/29/2010,0.06,0,0,1.21
7/30/2010,0.2,0.3,2,1.18
7/31/2010,0,0,0,1.18
8/1/2010,0,0,0,1.18
8/2/2010,0,0,0,1.16
8/3/2010,0.3,0.5,0.3,1.21
8/4/2010,0.06,0,0,1.31
8/5/2010,0.4,1.6,0.4,1.23
8/6/2010,0,0,0,1.16
8/7/2010,0,0,0,1.17
8/8/2010,8.6,6,15.7,1.39
8/9/2010,4.7,1.1,2.5,1.46
8/10/2010,0.5,2.3,0.8,1.52
8/11/2010,0,0,0,1.92
8/12/2010,0,0,0,2.01
8/13/2010,0,0,0,1.98
8/14/2010,13,4.6,13,1.9
8/15/2010,0,0,0,1.87
8/16/2010,0,0,0,2.25
8/17/2010,0,1.1,0.5,2.3
8/18/2010,0,0,0,2.28
8/19/2010,0,0,0,2.05
8/20/2010,0,0,0,1.81
8/21/2010,2.8,7.5,0.7,1.61
8/22/2010,0.5,0,0.1,1.67
8/23/2010,0.5,0,0.06,1.69
8/24/2010,9.2,16.2,8.3,1.56
8/25/2010,1.5,2.1,2.8,1.75
8/26/2010,0,0.3,0.4,2.05
8/27/2010,0.06,0.6,0,2.25
8/28/2010,0.9,4.6,6.4,2.28
8/29/2010,0,0,0.1,2.1
8/30/2010,0,0,0,2.01
8/31/2010,0,0,3.5,1.79
9/1/2010,3.8,11.9,0.5,1.46
9/2/2010,4.1,4.6,4.8,1.39
9/3/2010,2.2,0.1,3,1.52
9/4/2010,0,0,0,1.6
9/5/2010,0.06,0,0.06,1.67
9/6/2010,0,0,0,1.71
9/7/2010,0,0,0,1.67
9/8/2010,0,0,0,1.47
9/9/2010,0.06,0,0,1.39
9/10/2010,0.9,1.6,0.9,1.3
9/11/2010,1.5,1.9,1.7,1.33
9/12/2010,0.06,0,0.3,1.71
9/13/2010,0.06,0,0,1.73
9/14/2010,6.5,0.9,4.4,1.56
9/15/2010,6.2,10.1,9.5,1.46
9/16/2010,4.5,1.1,3.1,1.56
9/17/2010,5,2.9,5.9,1.87
9/18/2010,2.9,7.6,5,2.3
9/19/2010,0,0.4,2.5,2.83
9/20/2010,3,0.6,0.2,2.87
9/21/2010,10.3,14.9,11.9,2.71
9/22/2010,0.8,0.6,0.4,2.71
9/23/2010,0.2,0,0,3.25
9/24/2010,0.06,0,0,3.29
9/25/2010,0,0,0,3.11
9/26/2010,0,0,0,2.71
9/27/2010,0,0,0,2.36
9/28/2010,0,0,0,1.87
9/29/2010,0,0,0,1.61
9/30/2010,0,0,0,1.52
10/1/2010,0,0,0,1.46
10/2/2010,0,0,0,1.49
10/3/2010,0,0,0,1.47
10/4/2010,0,0,0,1.41
10/5/2010,0,0,0,1.37
10/6/2010,0,0,0,1.39
10/7/2010,0,0,0,1.42
10/8/2010,0,0,0,1.46
10/9/2010,0,0,0,1.49
10/10/2010,0.6,0.2,0.06,1.52
10/11/2010,1.1,0.6,0.1,1.56
10/12/2010,0.06,0,0.06,1.63
10/13/2010,0,0,0.2,1.67
10/14/2010,6,5.6,18.5,1.71
10/15/2010,1.8,0,0.1,1.83
10/16/2010,0,0,0,1.87
10/17/2010,0,0,0.06,1.87
10/18/2010,0.2,0.2,0.4,1.85
10/19/2010,0.2,1.5,0.1,1.83
10/20/2010,13,12.7,10.7,1.87
10/21/2010,0.7,2,0.8,1.96
10/22/2010,0,0,0,2.36
10/23/2010,0,0.3,0,2.71
10/24/2010,4,5.1,5.8,2.74
10/25/2010,0.5,0,0.1,2.64
10/26/2010,0,0,0,2.64
10/27/2010,0.5,1.5,0.6,2.64
10/28/2010,0.3,2.1,0.5,2.71
10/29/2010,0.8,1,3,2.77
10/30/2010,0.8,0.5,0.06,2.74
10/31/2010,0.06,0,0,2.71
11/1/2010,0,0,0,2.77
11/2/2010,3.5,5.1,5,2.8
11/3/2010,8.5,5.3,6.6,2.83
11/4/2010,0,0,0,3.11
11/5/2010,0,0.9,0.4,3.48
11/6/2010,0.9,0,0.2,3.56
11/7/2010,0.06,0,0,3.52
11/8/2010,0,0,0,3.48
11/9/2010,6,14.7,6.6,3.48
11/10/2010,0.1,0,0,3.56
11/11/2010,1.2,0.9,1.2,3.73
11/12/2010,2.5,6.6,2,3.69
11/13/2010,7,3.8,4.3,3.56
11/14/2010,1.2,1.3,0.3,5.64
11/15/2010,13.7,5.5,8.5,6.94
11/16/2010,1.2,0.2,0.3,7.78
11/17/2010,1.2,5.9,1,11.49
11/18/2010,8.8,9.5,2.6,11.76
11/19/2010,0,0,0,11.63
11/20/2010,0,0.9,0.1,10.85
11/21/2010,0,0.1,0,9.56
11/22/2010,0,0,0,8.72
11/23/2010,1.7,9.4,2.4,7.43
11/24/2010,7,5.7,3.4,6.78
11/25/2010,0.3,0,0,5.97
11/26/2010,1,0.2,0.5,5.21
11/27/2010,0.3,0,0,5.15
11/28/2010,0.06,0,0,5.15
11/29/2010,0.06,0,0,5.27
11/30/2010,0.9,0,0.3,5.21
12/1/2010,0,0,0.06,5.09
12/2/2010,0.3,0.7,0.5,4.09
12/3/2010,0.4,0.9,0.9,2.53
12/4/2010,0.2,0.2,0.5,1.96
12/5/2010,2.3,7.8,6,1.98
12/6/2010,5.5,8.1,3.9,2.15
12/7/2010,0,5.9,1.3,2.25
12/8/2010,0,0,0,2.3
12/9/2010,0.7,8,1,2.41
12/10/2010,0,0.4,0,2.53
12/11/2010,1.5,4.9,1.8,2.71
12/12/2010,0,0,0,2.83
12/13/2010,0,0,0,2.8
12/14/2010,0,0,0,2.47
12/15/2010,0,0,0,2.25
12/16/2010,2,2.7,2.3,2.36
12/17/2010,0.4,0.2,0.6,2.3
12/18/2010,0.3,1.2,0.6,2.2
12/19/2010,3.6,3.9,1.4,2.3
12/20/2010,0.5,0,0.5,2.41
12/21/2010,0.4,1.3,0.2,2.44
12/22/2010,0.06,1.2,0.6,2.33
12/23/2010,0,0,0,2.06
12/24/2010,0,0,0,2.15
12/25/2010,4.9,7.1,2.6,2.25
12/26/2010,5.1,4.2,3.5,2.36
12/27/2010,0.1,0.2,0.06,2.47
12/28/2010,0.06,0,0,2.53
12/29/2010,0,0,0,2.5
12/30/2010,5.5,8.5,4.7,2.15
12/31/2010,0.4,0.2,0.8,2.05
1/1/2011,0.1,1.2,0.06,1.45
1/2/2011,0.8,0,0.06,1.48
1/3/2011,0.5,0,0,1.48
1/4/2011,0.5,0,0.4,1.46
1/5/2011,0.06,0,0.06,1.45
1/6/2011,1.9,3.4,3.8,1.45
1/7/2011,5.5,4.6,5.5,1.43
1/8/2011,2.6,4,5,1.41
1/9/2011,6.1,8.6,6.2,1.41
1/10/2011,0.7,0,0.3,1.41
1/11/2011,0,0,0.06,1.41
1/12/2011,4.4,5,4.8,1.4
1/13/2011,3,1.6,2.3,1.38
1/14/2011,0.3,0,0,1.37
1/15/2011,0,0,0,1.31
1/16/2011,3.5,5.4,6.4,1.28
1/17/2011,1.6,1.5,1.1,1.26
1/18/2011,2.9,3,2.8,1.25
1/19/2011,2.6,4,3.8,1.23
1/20/2011,1.3,1.6,2.2,1.23
1/21/2011,1.6,0.7,1.8,1.23
1/22/2011,1.3,2,1.2,1.23
1/23/2011,0.2,0,0.4,1.22
1/24/2011,4.1,2.7,2.7,1.19
1/25/2011,4.8,5.9,4.3,1.16
1/26/2011,0,0,0,1.15
1/27/2011,0.06,0,0,1.14
1/28/2011,0,0,0,1.12
1/29/2011,1.5,2.5,1.1,1.12
1/30/2011,0,1.4,0,1.11
1/31/2011,0.6,0.3,0.2,1.1
2/1/2011,2.2,1.6,1.5,1.1
2/2/2011,1.6,1.6,1.1,1.1
2/3/2011,4.6,2.8,4.1,1.12
2/4/2011,3,3.4,4.2,1.18
2/5/2011,0.3,1.4,0.5,1.23
2/6/2011,0.06,0,0,1.26
2/7/2011,2.2,4.7,5.2,1.26
2/8/2011,5.5,9.5,6.7,1.26
2/9/2011,0.06,0.1,0.1,1.25
2/10/2011,0,0,0,1.23
2/11/2011,1.4,0.8,1,1.22
2/12/2011,0,0,0,1.16
2/13/2011,0,0,0,1.15
2/14/2011,0,0,0,1.14
2/15/2011,0,0,0,1.12
2/16/2011,0,0,0,1.12
2/17/2011,0,0,0,1.12
2/18/2011,0,0,0,1.11
2/19/2011,0,0,0,1.1
2/20/2011,0,0,0,1.1
2/21/2011,0,0,0.06,1.09
2/22/2011,0.1,0,0.1,1.07
2/23/2011,0,0,0,1.06
2/24/2011,0.1,0,0,1.04
2/25/2011,0.6,0.5,0.3,1.03
2/26/2011,0,0,0,1.01
2/27/2011,0,0,0,1
2/28/2011,0,0,0.1,1
3/1/2011,0,0,0,1
3/2/2011,0,0,0.06,0.99
3/3/2011,0,0,0.1,0.98
3/4/2011,0.6,0.6,0.4,0.97
3/5/2011,0,0,0,0.96
3/6/2011,0,0,0,0.95
3/7/2011,0,0,0.06,0.92
3/8/2011,0,0,0,0.91
3/9/2011,0,0,0,0.9
3/10/2011,5.5,3.4,9.5,0.89
3/11/2011,3.6,4.2,3.3,0.89
3/12/2011,0,0,0,0.89
3/13/2011,0.06,0.2,0,0.88
3/14/2011,0.8,0.2,0.2,0.86
3/15/2011,0,0,0,0.85
3/16/2011,0,0,0,0.85
3/17/2011,0,0,0,0.85
3/18/2011,0,0,0,0.85
3/19/2011,2.7,2.1,3.4,0.85
3/20/2011,0.5,0.3,0,0.84
3/21/2011,1.1,0.5,0.9,0.82
3/22/2011,0.06,0,0,0.81
3/23/2011,1.8,0.2,0.5,0.81
3/24/2011,1,1.1,0.8,0.81
3/25/2011,0.2,1.1,0.5,0.81
3/26/2011,0.2,0,0.06,0.81
3/27/2011,2.4,4.2,1.8,0.81
3/28/2011,0.06,0,0.06,0.8
3/29/2011,6.2,1.3,2.3,0.8
3/30/2011,0,0,0,0.8
3/31/2011,0,0,0,0.8
4/1/2011,2.2,0.6,2.1,0.81
4/2/2011,0.06,0,0,1.07
4/3/2011,0.9,1.9,0.3,1.42
4/4/2011,12,3.1,7,2.17
4/5/2011,1.2,0.6,1.5,3.73
4/6/2011,1.6,0.6,0.4,9.82
4/7/2011,9.2,12.3,10.5,27.71
4/8/2011,0,0,0,35.7
4/9/2011,0,0,0,43.93
4/10/2011,0,0,0,49.87
4/11/2011,0,0,0,61.37
4/12/2011,0,0,0,69.66
4/13/2011,0,0,0,81.86
4/14/2011,0,0,0,89.77
4/15/2011,0,0,0,90.81
4/16/2011,0,0,0,83.78
4/17/2011,0.06,0,0,72.96
4/18/2011,0,0,0,72.96
4/19/2011,0,0,0,74.66
4/20/2011,1.1,0.6,0.9,73.81
4/21/2011,0,0,0,69.68
4/22/2011,0,0.7,0,62.09
4/23/2011,0,0,0,54.7
4/24/2011,0,0,0,47.64
4/25/2011,0,0,0,42.94
4/26/2011,0.06,0,0,36.55
4/27/2011,0,0,0,30.05
4/28/2011,0,0,0,27.09
4/29/2011,0,0,0.06,23.05
4/30/2011,0,0.4,0,18.95
5/1/2011,0.06,0,0.06,17.08
5/2/2011,0,0,0,14.04
5/3/2011,0,0,0,12.23
5/4/2011,0,0,0,10.65
5/5/2011,0,0,0,9.38
5/6/2011,0,0,0,8.08
5/7/2011,0,0,0,7.12
5/8/2011,0,0,0,6.34
5/9/2011,0,0,0,5.65
5/10/2011,0,0,0,5.15
5/11/2011,0,0,0,4.75
5/12/2011,0.06,0,0,4.59
5/13/2011,0,0,0,4.29
5/14/2011,0,0,0.1,4.05
5/15/2011,0,0,1.8,3.56
5/16/2011,5.3,5.1,2.8,2.83
5/17/2011,1.6,2.7,2.8,2.49
5/18/2011,0,0,0,2.41
5/19/2011,2.9,0.9,1,2.58
5/20/2011,0,0,0,2.7
5/21/2011,0,0,0,2.83
5/22/2011,0,0,0,2.96
5/23/2011,11,14.3,9.9,2.93
5/24/2011,0.06,1.2,0,2.9
5/25/2011,5.8,0,0.5,3.1
5/26/2011,0,0,0,3.4
5/27/2011,0.9,1.3,0.9,3.57
5/28/2011,0.4,0.2,0.1,3.73
5/29/2011,0.8,2.2,1.9,3.91
5/30/2011,1,1.9,0.6,3.91
5/31/2011,0,0,0,4.09
6/1/2011,0,0,0,4
6/2/2011,0,0,0,4
6/3/2011,0,0,0,3.87
6/4/2011,0.06,0.7,0.1,3.69
6/5/2011,0,0,0,3.57
6/6/2011,0,0,0,3.33
6/7/2011,0,0,0,2.86
6/8/2011,0,0,0,2.77
6/9/2011,0,0,0,2.9
6/10/2011,0,0,1.1,2.83
6/11/2011,0,0,0,2.5
6/12/2011,2.4,0,3.2,2.52
6/13/2011,5,2.9,2.7,2.5
6/14/2011,0,0.4,2,2.44
6/15/2011,3.8,4.3,5.1,2.41
6/16/2011,0,0.2,0.06,2.52
6/17/2011,3.8,10.8,10.4,2.7
6/18/2011,8,4,6,2.83
6/19/2011,5,3.7,4.9,2.9
6/20/2011,0,0.4,0,3.11
6/21/2011,14.5,0,7.4,3.25
6/22/2011,0,0,0,3.33
6/23/2011,4.3,4.4,7.2,3.33
6/24/2011,5.5,1.4,1.8,3.49
6/25/2011,0.9,0.2,0.1,3.49
6/26/2011,0,0,0,3.65
6/27/2011,0,0,0,3.65
6/28/2011,0,0,0,3.74
6/29/2011,0,0,0,3.74
6/30/2011,0,0,0,3.82
7/1/2011,0,0,0,3.74
7/2/2011,0,0,0,3.74
7/3/2011,5,0,0,3.65
7/4/2011,0,0,0.06,3.33
7/5/2011,0,0,0,2.87
7/6/2011,0,0,0,2.41
7/7/2011,0,0,0,2.47
7/8/2011,0.1,0,0,2.53
7/9/2011,5.5,0,0,2.53
7/10/2011,2.5,0,0,2.58
7/11/2011,5.5,24.2,7.9,2.58
7/12/2011,18.3,0.6,2.6,2.58
7/13/2011,0.1,0,0,2.9
7/14/2011,0,2,0.4,3.04
7/15/2011,3.8,4.9,2.6,3.18
7/16/2011,0.6,0,1.9,3.14
7/17/2011,0,2.8,0,3.18
7/18/2011,0,0,0,3.18
7/19/2011,0.2,0,1,3.25
7/20/2011,0,0,0,3.25
7/21/2011,0,0,0,3.25
7/22/2011,0,0,0,3.33
7/23/2011,0.8,6.2,2.7,3.29
7/24/2011,0.4,0,0.06,3.22
7/25/2011,0,0,0,2.83
7/26/2011,0,0,0,2.48
7/27/2011,0,0,0,2.5
7/28/2011,0.8,5,8.1,2.53
7/29/2011,2.7,7.7,0,2.53
7/30/2011,0,0,0,2.53
7/31/2011,0,0,0,2.59
8/1/2011,0,0,0,2.56
8/2/2011,0,0,0,2.36
8/3/2011,0,0,0,2.25
8/4/2011,0,0,0,2.1
8/5/2011,0,0,0,2.1
8/6/2011,7.5,1.9,7.7,2.15
8/7/2011,4,9.4,5,2.2
8/8/2011,0,0.2,0,2.3
8/9/2011,3.2,4.6,3.9,2.3
8/10/2011,2.5,6.8,1,2.36
8/11/2011,0.7,3.4,6.2,2.41
8/12/2011,3.7,0,0,2.41
8/13/2011,0.1,0,0,2.41
8/14/2011,0,0,0,2.41
8/15/2011,0,0,0,2.41
8/16/2011,0.7,9.1,4.7,2.36
8/17/2011,3.7,0,0,2.41
8/18/2011,0.5,0,0,2.41
8/19/2011,0,0,0,2.41
8/20/2011,0,0,0,2.36
8/21/2011,0,0,0,1.92
8/22/2011,0.9,8.5,9.5,1.92
8/23/2011,7.1,7.6,0.4,1.92
8/24/2011,0,0,0,1.96
8/25/2011,0,0,0,2.01
8/26/2011,0,0,0,2.01
8/27/2011,0,0,0,2.01
8/28/2011,0,3.6,0,2.01
8/29/2011,7.5,23.2,10.8,2.01
8/30/2011,1.6,34.9,2.1,2.15
8/31/2011,0.2,5.5,0,2.25
9/1/2011,0.9,12.2,0.3,2.36
9/2/2011,4,0,0.06,2.41
9/3/2011,0.7,3.8,0.06,2.41
9/4/2011,0,0,0,2.41
9/5/2011,0,0,0,2.41
9/6/2011,1.5,2.3,1.9,2.41
9/7/2011,1.6,1.8,2.4,2.41
9/8/2011,4,16.7,22.6,2.53
9/9/2011,1,0.5,1.1,2.77
9/10/2011,0,2.6,2.6,2.9
9/11/2011,0.1,0,0,2.9
9/12/2011,5.9,3.4,15.3,2.9
9/13/2011,6,10.4,9.5,3.04
9/14/2011,5.6,1.9,0.06,3.18
9/15/2011,8,5.5,4,3.33
9/16/2011,0,0,0,3.33
9/17/2011,0.1,0,0.6,3.49
9/18/2011,0,0,0,3.66
9/19/2011,10.1,6,6.9,3.66
9/20/2011,0.9,1,0.5,3.66
9/21/2011,16.2,11.4,14.1,3.66
9/22/2011,7.2,17.7,7.5,4.93
9/23/2011,4.1,0.4,3.1,9.41
9/24/2011,0,0,0,9.85
9/25/2011,0,0,0,9.74
9/26/2011,5.2,4.1,6.1,8.98
9/27/2011,0,0,0,8.58
9/28/2011,0.3,0,0,7.05
9/29/2011,0.5,0,0.1,6.97
9/30/2011,0,0,0,6.97
10/1/2011,0,0,0,6.74
10/2/2011,0.06,0.6,1.7,6.36
10/3/2011,3.1,10.7,8.6,6.29
10/4/2011,2.3,0.5,0.6,5.87
10/5/2011,0,0,0,5.67
10/6/2011,13.3,5.4,6.7,5.8
10/7/2011,1.5,2,2.4,6.07
10/8/2011,0.3,0.6,0,6.36
10/9/2011,5,6.2,6.4,6.51
10/10/2011,10.3,11.8,8.6,6.66
10/11/2011,0.5,0.7,0.1,12.13
10/12/2011,4,0,0.06,17.14
10/13/2011,0.06,0,0.1,17.33
10/14/2011,0,0,0,16.18
10/15/2011,0,0,0,14.25
10/16/2011,0,0,0,13
10/17/2011,0,0,0,11.32
10/18/2011,7.2,8,8.2,10.32
10/19/2011,10.5,15.9,21.1,9.63
10/20/2011,0,1.4,0,18.37
10/21/2011,0,2.5,2.2,27.81
10/22/2011,2,3.3,0.06,28.13
10/23/2011,0,0,0,24.78
10/24/2011,0,0,0,20.37
10/25/2011,0,0,0,16.37
10/26/2011,0.06,0,0,13.93
10/27/2011,0.06,0,0.1,12.27
10/28/2011,0.06,0.2,0.06,11.45
10/29/2011,0.06,0,0,10.44
10/30/2011,3.2,1.8,1.2,9.75
10/31/2011,0,0,0,9.09
11/1/2011,0.1,0,0,8.49
11/2/2011,0,0,0,8.39
11/3/2011,0,0,0,8.39
11/4/2011,0,0,0,8.39
11/5/2011,0,0,0,7.83
11/6/2011,0.1,0.1,0.1,7.74
11/7/2011,0,0,0,7.31
11/8/2011,0,0,0,6.74
11/9/2011,0,0,0,6.36
11/10/2011,0.1,0,0,6.22
11/11/2011,0.3,0.2,0.5,5.74
11/12/2011,0,0,0.1,5.35
11/13/2011,0,0,0,5.23
11/14/2011,0.4,0,0.06,4.77
11/15/2011,0,0,0,4.72
11/16/2011,0,0,0.06,4.72
11/17/2011,0,0,0.2,4.66
11/18/2011,5.3,6.9,5.9,4.5
11/19/2011,0,0,0,4.61
11/20/2011,0,0,0.2,4.83
11/21/2011,0.06,0.4,0.2,4.83
11/22/2011,0.2,0,0.2,4.94
11/23/2011,1.6,1.6,0.8,5.17
11/24/2011,2.8,3.2,2.6,5.29
11/25/2011,3.8,2.1,1,5.67
11/26/2011,2.6,3.3,2.5,5.94
11/27/2011,16.5,10.9,10.9,6.22
11/28/2011,1.4,0.2,0.06,16.76
11/29/2011,1.1,0.6,0.5,21.6
11/30/2011,0.3,0.2,0.3,21.85
12/1/2011,1.2,2.7,2.9,20.86
12/2/2011,0.1,3.2,1.4,19.25
12/3/2011,2.6,3.6,6.7,17.55
12/4/2011,2.8,9.7,4.4,17.15
12/5/2011,2.6,10.9,3.5,20.63
12/6/2011,0.06,0,0.2,21.11
12/7/2011,1,0.4,2,20.87
12/8/2011,4.1,3.9,4.1,19.93
12/9/2011,6.1,6.6,20.1,18.81
12/10/2011,9.6,5.2,8.3,17.96
12/11/2011,1.2,0.3,1,29.83
12/12/2011,4.1,5.3,5.9,31.23
12/13/2011,3.2,8.7,4.5,32.71
12/14/2011,4.2,6.5,4.2,32.71
12/15/2011,3.5,11.2,4.4,36.71
12/16/2011,0.4,0.4,0.7,43.13
12/17/2011,9,19.7,13.1,44.14
12/18/2011,6.7,11.8,14.2,45.17
12/19/2011,4.2,8.6,3,56.88
12/20/2011,1.2,1.3,0.7,59.56
12/21/2011,0,0,0,62.37
12/22/2011,0,0,0,60.26
12/23/2011,6,5.3,10,53.08
12/24/2011,4.3,8.2,2.6,45.17
12/25/2011,5.4,7.3,5.1,39.34
12/26/2011,0.6,0.3,0.06,38.45
12/27/2011,1.4,1,0.3,39.34
12/28/2011,1.2,3.2,3.1,39.8
12/29/2011,3.9,4.6,13.3,39.34
12/30/2011,2.3,0.8,1.3,38.89
12/31/2011,0.4,0,0.06,38.45
1.1.2012,0.06,0,0.1,35
2.1.2012,2.7,10.4,9.1,30
3.1.2012,0.06,3.1,6.2,24
4.1.2012,6.5,4.3,6,23
5.1.2012,2.5,3.3,6.5,23
6.1.2012,0.3,7.7,1,24
7.1.2012,3.1,0.1,0.5,23
8.1.2012,3.1,3.9,2.8,21
9.1.2012,2.2,1.2,1.5,20
10.1.2012,0.2,0.7,0.4,18
11.1.2012,6.8,5.2,4.8,16
12.1.2012,8.2,13.5,11.2,16
13.1.2012,7.4,1.8,6.2,14
14.1.2012,0.8,0.2,0.9,13
15.1.2012,0,0,0,13
16.1.2012,0,0,0,12
17.1.2012,5.3,8.2,4.8,12
18.1.2012,0,1.8,2.7,12
19.1.2012,5.3,8.5,3.4,11
20.1.2012,1.5,6.1,2.6,10
21.1.2012,1,1.6,1,10
22.1.2012,1.4,1.8,1.2,9
23.1.2012,4.2,4.2,3.3,8
24.1.2012,2.1,2.9,2.4,8
25.1.2012,0.4,0.7,0.8,8
26.1.2012,0.5,0,0.6,7
27.1.2012,0,0,0,7
28.1.2012,0,0,0,7
29.1.2012,0.1,0,0,6
30.1.2012,0,0,0,6
31.1.2012,0.2,0,0.2,6
1.2.2012,0,0,0.2,6
2.2.2012,0,0,0.6,5
3.2.2012,0,2.1,0,5
4.2.2012,0,0,0.2,5
5.2.2012,1.4,1.1,0.7,5
6.2.2012,0.1,0.2,0,5
7.2.2012,1.1,0,0.7,5
8.2.2012,0.06,0,0,5
9.2.2012,0,0,0,5
10.2.2012,0,0,0,4
11.2.2012,0.1,0.5,0.3,4
12.2.2012,2,1,1.3,4
13.2.2012,0.4,0,0.4,4
14.2.2012,4,9.6,6.3,4
15.2.2012,0.7,0.5,0.2,4
16.2.2012,0.5,0,0.7,4
17.2.2012,2.5,0.2,2.9,4
18.2.2012,0,0,1,4
19.2.2012,5.3,19.4,10,4
20.2.2012,2.6,0.4,1.1,4
21.2.2012,0.06,1.2,0.1,4
22.2.2012,3.5,4.8,3.3,4
23.2.2012,0,1.4,0.8,4
24.2.2012,1.7,1.9,2.5,4
25.2.2012,1.9,1.1,1.9,4
26.2.2012,0,0.3,0,4
27.2.2012,0,0,0,4
28.2.2012,9.2,9.9,9.4,4
29.2.2012,0,0,0,4
1.3.2012,7.4,2.7,3.5,4
2.3.2012,0,0.6,0,3
3.3.2012,0,0,0,3
4.3.2012,0,0,0,3
5.3.2012,0,0,0,3
6.3.2012,0,0,0,3
7.3.2012,0,0,0,4
8.3.2012,0,0,0,4
9.3.2012,2.5,2.7,2.7,4
10.3.2012,6.1,6.6,8,4
11.3.2012,0.5,0.2,0,4
12.3.2012,0,0,0,4
13.3.2012,0.06,0.8,1,4
14.3.2012,0,0,0,4
15.3.2012,0,0,0.1,4
16.3.2012,0,0,0,4
17.3.2012,0,0.3,0.6,4
18.3.2012,1,1.7,3.1,4
19.3.2012,8,7,6,5
20.3.2012,0.8,0,0,6
21.3.2012,0,0.4,0,6
22.3.2012,0.3,0,0,7
23.3.2012,0,0,0,7
24.3.2012,10,9,12,9
25.3.2012,0,0,0,12
26.3.2012,3.8,2.9,2.5,13
27.3.2012,0,0,0,16
28.3.2012,0,0,0.1,29
29.3.2012,0.2,0,0.1,37
30.3.2012,0.7,0,0,41
31.3.2012,0,0,0.06,42
1.4.2012,4.9,7.8,10.2,41
2.4.2012,3,0.6,2.5,39
3.4.2012,1.1,0.8,1,34
4.4.2012,0.3,0,0.1,28
5.4.2012,0,0,0,24
6.4.2012,0.8,1.9,2.4,23
7.4.2012,0,0,0.06,21
8.4.2012,0,0,0,20
9.4.2012,1.3,0,0.4,18
10.4.2012,0,0,0,17
11.4.2012,0,0,0,17
12.4.2012,0,0,0,18
13.4.2012,9.7,7.3,7,29
14.4.2012,5.4,2.9,3.5,43
15.4.2012,0,0,0,59
16.4.2012,6.6,5.7,9.9,68
17.4.2012,1,0.4,1.3,69
18.4.2012,1.3,0,0,70
19.4.2012,0,0.4,0.3,67
20.4.2012,1.7,9.6,7.7,62
21.4.2012,0,0,0,61
22.4.2012,0,0,0,61
23.4.2012,1.4,2.8,0.3,60
24.4.2012,3,6.3,1.7,59
25.4.2012,3,5.7,3.2,58
26.4.2012,3.8,3.8,3.8,55
27.4.2012,0,0,0,54
28.4.2012,0,0,0,50
29.4.2012,0,0,0,45
30.4.2012,0,0,0,38
1.5.2012,0,0,0,33
2.5.2012,0,0,0,28
3.5.2012,0,0,0,24
4.5.2012,3.4,7.7,9,21
5.5.2012,0,0,0,19
6.5.2012,9.6,24,7.2,18
7.5.2012,0,0,0,18
8.5.2012,0,0,0,19
9.5.2012,0,0,0,19
10.5.2012,4.6,9,7.7,16
11.5.2012,0.5,5.1,0.2,15
12.5.2012,1.2,0.2,0,15
13.5.2012,0,0,0,14
14.5.2012,0,0,0,13
15.5.2012,0.06,0,0,12
16.5.2012,0.3,0,0.4,11
17.5.2012,12.7,15.7,16.9,10
18.5.2012,2.1,0,0,10
19.5.2012,0,0,0,11
20.5.2012,0,0,0,11
21.5.2012,0,0,0,11
22.5.2012,0,0,0,12
23.5.2012,0,0,0,11
24.5.2012,0,0,0,10
25.5.2012,1,3,2.5,9
26.5.2012,0,0,0,8
27.5.2012,0,0,0,7
28.5.2012,3.5,3.5,4.3,7
29.5.2012,0,0,0,7
30.5.2012,0,0,0,6
31.5.2012,0,0,0,6
1.6.2012,8.1,21,10.9,5
2.6.2012,7.8,6.2,5.5,5
3.6.2012,0.06,0.1,2.1,5
4.6.2012,0,0,0,5
5.6.2012,1,0,0,5
6.6.2012,0.06,0,0,5
7.6.2012,0,0,0,5
8.6.2012,0,0,0,5
9.6.2012,0.5,0,1.6,5
10.6.2012,8.7,0,0,4
11.6.2012,0,0,0,4
12.6.2012,0,0.3,0.1,4
13.6.2012,0,0,0,4
14.6.2012,0,0,0,4
15.6.2012,0,0,0,4
16.6.2012,0,0,0,3
17.6.2012,23,19.1,22.4,3
18.6.2012,0,0.3,1.2,3
19.6.2012,4,1.1,1.2,4
20.6.2012,0,0,0,4
21.6.2012,0,0,0,4
22.6.2012,0,0,0,4
23.6.2012,32.1,26.4,24.4,4
24.6.2012,4.5,0,2.2,4
25.6.2012,4.3,6.9,14.3,6
26.6.2012,0.1,0,0,8
27.6.2012,4.3,1.5,0.6,8
28.6.2012,0,3.8,2.2,8
29.6.2012,0,0,0,8
30.6.2012,0.06,0.5,0.7,8
1.7.2012,1.8,4.6,1.2,8
2.7.2012,0,0,0,8
3.7.2012,0,0,0,8
4.7.2012,0,0,0,7
5.7.2012,0,0,0,6
6.7.2012,0,0,0,6
7.7.2012,2.5,0,0.9,5
8.7.2012,0,0.2,0.3,4
9.7.2012,0.2,0,0.1,4
10.7.2012,0,0,0,4
11.7.2012,0.4,0,0.4,4
12.7.2012,22.2,17.9,8,3
13.7.2012,0,0,0,4
14.7.2012,0.06,0,0.5,4
15.7.2012,5,6.5,3,4
16.7.2012,3.9,14.4,11.2,4
17.7.2012,8.6,2.4,0.5,4
18.7.2012,0,0,0,4
19.7.2012,0.3,0,0,4
20.7.2012,0,0,0,5
21.7.2012,0,7.1,0,5
22.7.2012,0,0.3,0,5
23.7.2012,0.4,0.8,2.2,4
24.7.2012,0.8,0.3,0.8,4
25.7.2012,4.4,0.9,1.9,4
26.7.2012,0,0,0,3
27.7.2012,0,0,0,3
28.7.2012,10.4,1.3,25.4,3
29.7.2012,0.5,0,3.3,4
30.7.2012,0.3,1.7,0.1,4
31.7.2012,0,0,0,4
1.8.2012,0.3,3.5,4.7,4
2.8.2012,0,0,0,4
3.8.2012,8.5,2.5,23.6,4
4.8.2012,0.06,0.3,0,4
5.8.2012,0,1.9,1.1,4
6.8.2012,9.9,14,9.8,4
7.8.2012,0.4,0,0.06,4
8.8.2012,0.06,0,0.06,4
9.8.2012,0,0,0,4
10.8.2012,0,0,0,4
11.8.2012,0,0,0,4
12.8.2012,0,0,0,3
13.8.2012,0,0,0,3
14.8.2012,0,0,0,3
15.8.2012,0,0,0,3
16.8.2012,0,0,1.5,3
17.8.2012,0.2,0,0,3
18.8.2012,0.06,1.5,0,3
19.8.2012,9.5,1.1,14.4,3
20.8.2012,0,0,0,2
21.8.2012,0,0,0,3
22.8.2012,14.3,5.5,13.2,3
23.8.2012,6,6.2,2.4,3
24.8.2012,0,0,0,5
25.8.2012,0,0,0.2,6
26.8.2012,24,2.2,2.5,6
27.8.2012,0.3,3.5,7.2,6
28.8.2012,0,0,0,10
29.8.2012,0.5,3.1,0.4,11
30.8.2012,0,0,0,11
31.8.2012,0.06,0,0,11
1.9.2012,9.3,19.4,14.4,10
2.9.2012,1.3,0.1,0.8,9
3.9.2012,2.1,6,1.9,10
4.9.2012,0.4,0.6,0.7,10
5.9.2012,0,0.2,0,11
6.9.2012,0,0.6,0.06,11
7.9.2012,4,0.4,1.5,11
8.9.2012,6.1,0.3,0.3,11
9.9.2012,0,0,0,10
10.9.2012,0,2.1,1.9,10
11.9.2012,0,0.2,0.1,10
12.9.2012,6.4,3.1,2,9
13.9.2012,3.3,0.2,0.5,9
14.9.2012,1.5,16.6,5.5,9
15.9.2012,0,0,0,9
16.9.2012,0,0,0,9
17.9.2012,4.8,3.5,3.7,9
18.9.2012,1.5,12.3,3,8
19.9.2012,7.8,11,8.5,8
20.9.2012,0,0,0,9
21.9.2012,2.9,6.3,2.5,10
22.9.2012,3.2,6.4,6,10
23.9.2012,40.5,25.9,46.7,11
24.9.2012,0.8,0.2,0.3,36
25.9.2012,0.2,0.4,0.4,51
26.9.2012,5,1.1,4.6,48
27.9.2012,17.5,28.8,14,42
28.9.2012,10,0.9,2.3,44
29.9.2012,2,3.9,10.7,51
30.9.2012,7,4,3.3,53
1.10.2012,3.6,2.9,2,55
2.10.2012,0.3,0,0,50
3.10.2012,0.2,0,0,44
4.10.2012,2.7,4.2,4.2,38
5.10.2012,17,9.1,12.8,34
6.10.2012,0,0,0,38
7.10.2012,0.6,2.6,0.5,39
8.10.2012,2.1,3.5,1.3,39
9.10.2012,0.5,5.1,0.6,36
10.10.2012,4.5,0.4,3.6,32
11.10.2012,0.7,0.3,0,31
12.10.2012,0,0,0.3,28
13.10.2012,0.4,3.2,1,26
14.10.2012,0.1,0.9,0.9,24
15.10.2012,8.8,11.2,9.8,22
16.10.2012,1.3,0.4,0.8,22
17.10.2012,12,12.9,13.6,24
18.10.2012,8.7,4.1,5.8,34
19.10.2012,0.06,0.3,0,38
20.10.2012,0,12.9,10,38
21.10.2012,0,3.2,2.6,38
22.10.2012,0,0,0,38
23.10.2012,9.1,0.2,0,37
24.10.2012,0.1,0,0,37
25.10.2012,0,0.4,1.4,33
26.10.2012,1.4,0.3,0,30
27.10.2012,0,0,0,26
28.10.2012,0,0,0.3,24
29.10.2012,1,3.6,0.6,21
30.10.2012,0,0,0,20
31.10.2012,0.3,0.4,0.1,18
1.11.2012,0.06,0.2,0,17
2.11.2012,7.5,18,11.4,17
3.11.2012,7.2,3.9,1.8,18
4.11.2012,0.5,1.5,0.3,25
5.11.2012,14.2,19.9,18.4,25
6.11.2012,9.4,2.5,6.8,27
7.11.2012,0.5,0,1.3,35
8.11.2012,0,0,0,36
9.11.2012,0,0,0,35
10.11.2012,1.5,0.7,0.06,33
11.11.2012,0.3,0.7,0.9,30
12.11.2012,0,0,0,29
13.11.2012,0.06,0,0.4,29
14.11.2012,5.1,6.6,15.5,28
15.11.2012,4,2.5,0.9,27
16.11.2012,0.1,0,0.2,28
17.11.2012,0.1,1.2,0.5,27
18.11.2012,0.4,0.9,0.5,27
19.11.2012,0,0,0,27
20.11.2012,0,2.3,0.06,24
21.11.2012,0.1,0.2,0.06,22
22.11.2012,0.4,1.6,1.9,21
23.11.2012,0.2,0.3,0.2,20
24.11.2012,1.5,0,0.5,19
25.11.2012,9,1.9,3.5,18
26.11.2012,0.1,0.2,0,18
27.11.2012,1.5,0,0.06,19
28.11.2012,0,0.5,0.3,19
29.11.2012,0,5.1,0.1,18
30.11.2012,8.1,11,4.5,14
1.12.2012,2.6,0.2,0.7,11
2.12.2012,2.5,0.7,0.5,10
3.12.2012,0.4,2.7,0.3,9
4.12.2012,1.2,0,0,8
5.12.2012,0,0,0,8
6.12.2012,2.2,1.2,1.3,7
7.12.2012,5.7,5.1,4.5,7
8.12.2012,3.3,0,0.1,7
9.12.2012,0.6,0,0,7
10.12.2012,0.5,0.3,0.3,7
11.12.2012,5.3,9.3,5.8,6
12.12.2012,3.7,3.4,2.5,6
13.12.2012,4.6,2.1,7.7,6
14.12.2012,2.3,2.8,3,6
15.12.2012,0.8,0,2.5,6
16.12.2012,4.5,4.6,8.2,6
17.12.2012,1,3,4.8,6
18.12.2012,0.1,0,0.06,6
19.12.2012,0.3,0,0.2,6
20.12.2012,0.7,0,0.7,6
21.12.2012,0.3,0,0.4,6
22.12.2012,0,0,0,6
23.12.2012,0,0.6,2,5
24.12.2012,1,2,1.5,5
25.12.2012,5.5,5.6,2.8,5
26.12.2012,1.7,4.5,2.6,5
27.12.2012,0.2,1.2,0.2,5
28.12.2012,0,0,0,5
29.12.2012,1.6,1.3,1.2,5
30.12.2012,7.3,6.8,8.4,5
31.12.2012,5.5,7,9.9,5
1.1.2013,2.5,2.3,2.4,6
2.1.2013,1.1,2.2,3,9
3.1.2013,0.6,0,1.3,15
4.1.2013,1.8,0.6,0.5,17
5.1.2013,0,0,0,17
6.1.2013,0,0,0,15
7.1.2013,1.2,0.6,1.5,14
8.1.2013,1.7,1.8,2.3,13
9.1.2013,0.4,0.4,0,11
10.1.2013,0.7,1.1,0.3,9
11.1.2013,0,0,0.1,9
12.1.2013,0,0,0,8
13.1.2013,0,0.2,0,8
14.1.2013,0,0,0,7
15.1.2013,0.6,0.9,1,7
16.1.2013,0.6,0.2,0.4,7
17.1.2013,0,0,0,6
18.1.2013,0,0,0,6
19.1.2013,3.8,1.8,2.5,5
20.1.2013,0.3,0.3,0,5
21.1.2013,0.06,0,0,5
22.1.2013,0,0,0,5
23.1.2013,0.1,0,0,4
24.1.2013,0.06,0,0.3,4
25.1.2013,0,0,0,4
26.1.2013,3,3.2,2.7,4
27.1.2013,0,0,0.06,4
28.1.2013,2,1.3,1.7,4
29.1.2013,0,0.6,0.6,4
30.1.2013,9.7,13.4,14.5,4
31.1.2013,3.6,0.8,2.3,4
1.2.2013,0,0,0,5
2.2.2013,0,0,0.1,5
3.2.2013,0,0,0.06,5
4.2.2013,0.06,0.4,0.2,4
5.2.2013,0.6,4,1.3,4
6.2.2013,3.6,2,1.1,4
7.2.2013,0.6,0.3,0.5,4
8.2.2013,4.6,5.1,4.1,4
9.2.2013,4.8,5.3,4.9,4
10.2.2013,3.2,5.3,4.9,4
11.2.2013,1.9,1.1,1.2,4
12.2.2013,0.4,0.3,0.7,4
13.2.2013,1.5,1.1,0.5,4
14.2.2013,0.5,0,0.2,5
15.2.2013,0.2,0,0.1,5
16.2.2013,0.06,0,0.06,5
17.2.2013,2.6,2.5,3.2,4
18.2.2013,2,1.4,4,4
19.2.2013,0.6,0,0.1,4
20.2.2013,0,0,0,4
21.2.2013,0.06,0,0,4
22.2.2013,0.4,1.1,0.7,4
23.2.2013,0,0,0,4
24.2.2013,0,0,0,4
25.2.2013,0,0,0,4
26.2.2013,0,0,0,4
27.2.2013,0,0,0,3
28.2.2013,2.3,0.4,0.4,3
1.3.2013,0.1,0,0.06,3
2.3.2013,1,5.9,3.1,4
3.3.2013,0,0.2,0,4
4.3.2013,0.7,1.3,2.3,4
5.3.2013,0.2,0.2,0.2,4
6.3.2013,0.2,0,0,4
7.3.2013,0,0,0,4
8.3.2013,0.3,0.7,1.2,3
9.3.2013,0,0,0,3
10.3.2013,0,0.2,0.3,3
11.3.2013,0.7,0.8,0.1,3
12.3.2013,0.9,1.3,1.1,3
13.3.2013,0.9,0.5,0.3,3
14.3.2013,0.2,0.2,0.06,3
15.3.2013,0,0,0,3
16.3.2013,0,0,0,3
17.3.2013,0,0,0,3
18.3.2013,0,0,0,3
19.3.2013,0,0,0,3
20.3.2013,0,0,0,3
21.3.2013,0,0,0,3
22.3.2013,0.2,0,0.1,3
23.3.2013,0,0,0,3
24.3.2013,0,0,0,2
25.3.2013,0,0,0,2
26.3.2013,0,0,0,2
27.3.2013,0,0,0,2
28.3.2013,0,0,0,2
29.3.2013,0,0,0,2
30.3.2013,0,0,0,2
31.3.2013,0,0,0,2
1.4.2013,0,0,0,2
2.4.2013,0,0,0,2
3.4.2013,0,0,0,2
4.4.2013,0,0,0,2
5.4.2013,0,0,0,2
6.4.2013,0,0,0,3
7.4.2013,1,2.7,1.9,3
8.4.2013,0,0,0.06,3
9.4.2013,0,0,0,3
10.4.2013,0,0,0,3
11.4.2013,0.9,0.2,0,3
12.4.2013,0.1,5.3,0.8,4
13.4.2013,4.2,6.4,4.2,4
14.4.2013,0.1,0,0.06,12
15.4.2013,3.8,3.1,2,20
16.4.2013,0.3,0.4,1.4,31
17.4.2013,1.3,0.7,0.1,45
18.4.2013,4.1,5.2,4.7,59
19.4.2013,0.06,1.4,0.5,86
20.4.2013,0,0,0,99
21.4.2013,0,0,0,86
22.4.2013,0,0,0,77
23.4.2013,0.6,2.3,2.3,69
24.4.2013,0,0,0,63
25.4.2013,0,0,0,57
26.4.2013,2.9,2.8,1,50
27.4.2013,0.06,0,0.2,43
28.4.2013,0,0,0,36
29.4.2013,3,3.5,3.2,30
30.4.2013,3,0,0.7,26
1.5.2013,0,0,0,23
2.5.2013,0,0,0,20
3.5.2013,0,0,0,17
4.5.2013,0,0,0,14
5.5.2013,1.8,1.1,0.2,12
6.5.2013,0,0,0,11
7.5.2013,0,0,0,10
8.5.2013,0,2.2,2.9,8
9.5.2013,1.1,0,0.06,7
10.5.2013,12.6,0,0,7
11.5.2013,0,0,0,6
12.5.2013,0,0,0,6
13.5.2013,3,1.2,1.5,6
14.5.2013,0,0,0,5
15.5.2013,0,0,0,5
16.5.2013,0,0,0,4
17.5.2013,5,0.9,0,4
18.5.2013,0.06,17.6,0.06,4
19.5.2013,2,0,0,4
20.5.2013,0,0,0,4
21.5.2013,0,0,0,4
22.5.2013,2.5,11,8.5,4
23.5.2013,3.5,3,4.6,4
24.5.2013,0,0,0,4
25.5.2013,0,0,0,4
26.5.2013,0.1,0,0.06,4
27.5.2013,0,0,0,4
28.5.2013,0,0,0,3
29.5.2013,0,0,0,3
30.5.2013,0.06,0,0.1,3
31.5.2013,0.5,0,0,3
1.6.2013,0,0,0,2
2.6.2013,0,0,0,2
3.6.2013,0,0,0,2
4.6.2013,0,0,0,2
5.6.2013,0,0,2.6,2
6.6.2013,0,0.7,0.4,2
7.6.2013,15.6,4.7,0.6,2
8.6.2013,0,0,0,2
9.6.2013,0,0,0.06,2
10.6.2013,13,10.2,6.5,2
11.6.2013,0.06,1.2,0.1,2
12.6.2013,0.06,5.1,1.3,3
13.6.2013,6.5,3.8,8.5,3
14.6.2013,7.9,2.5,10.1,3
15.6.2013,0.3,0,0,3
16.6.2013,5.7,5.7,5.9,3
17.6.2013,0,5.1,1.2,3
18.6.2013,0,1,0,3
19.6.2013,0,0,0,3
20.6.2013,0.2,0.2,0.1,4
21.6.2013,0,0,0.2,4
22.6.2013,0,4,0,4
23.6.2013,0,0,0,3
24.6.2013,0,0,0.6,3
25.6.2013,0,0.1,5,3
26.6.2013,0,0,0,2
27.6.2013,28.4,0.2,0.5,2
28.6.2013,0,0,0,2
29.6.2013,5.8,2.5,4.7,3
30.6.2013,2.3,1.7,1,3
1.7.2013,11.4,4.1,8.8,3
2.7.2013,0.6,0,0,3
3.7.2013,0,0,0,3
4.7.2013,0.2,0,0,3
5.7.2013,0,0,0.7,3
6.7.2013,0.7,1.2,0.4,3
7.7.2013,0,0,0,3
8.7.2013,0,0,0.2,3
9.7.2013,0,0,0,3
10.7.2013,16.7,0,5.6,2
11.7.2013,0,0,0,2
12.7.2013,0,0,0,2
13.7.2013,0,0,0,2
14.7.2013,0.06,0,0,2
15.7.2013,0,0.1,0,2
16.7.2013,0.06,0,0,2
17.7.2013,0,0,0,2
18.7.2013,19,4.7,5.8,2
19.7.2013,5.7,15.7,9.9,2
20.7.2013,0,0,0.7,2
21.7.2013,1.5,8.3,0.7,3
22.7.2013,1.5,0.9,1.1,3
23.7.2013,0,0,0,2
24.7.2013,0,0,0,2
25.7.2013,0,0,0,2
26.7.2013,0,0,0,2
27.7.2013,0,0,0,2
28.7.2013,0,0,0,2
29.7.2013,0,0,0.7,2
30.7.2013,0.4,0.1,0.8,2
31.7.2013,0.06,0.4,3.3,2
1.8.2013,15,13.4,1.1,2
2.8.2013,0.2,1.6,0.3,2
3.8.2013,0,0,0,2
4.8.2013,0,0,0,2
5.8.2013,0,0,0,2
6.8.2013,0,0,0,2
7.8.2013,9.7,10.7,5.8,2
8.8.2013,9.7,25.4,14.1,2
9.8.2013,0.2,0,0,2
10.8.2013,0.2,0,1,3
11.8.2013,0,5.8,0,3
12.8.2013,0.2,11.6,0.8,3
13.8.2013,14.7,30.9,14.5,3
14.8.2013,54,11.4,21.4,3
15.8.2013,9.2,5,1,13
16.8.2013,0.7,0.7,0,25
17.8.2013,1.1,1.3,1.9,25
18.8.2013,0,0.3,0.1,18
19.8.2013,2.4,4.9,5.2,13
20.8.2013,0,0,0,11
21.8.2013,0,0,0,10
22.8.2013,0.3,0,0.1,9
23.8.2013,0,0,0,8
24.8.2013,0,0,0,7
25.8.2013,0,0,0,6
26.8.2013,0,0,0,5
27.8.2013,0,0,0,4
28.8.2013,0,0,0,4
29.8.2013,0,0,0,3
30.8.2013,0,0,0.3,3
31.8.2013,0,4,1.6,2
1.9.2013,16.9,1.3,4.3,2
2.9.2013,0.1,0.4,0,2
3.9.2013,0,0,0,3
4.9.2013,0,0,0,3
5.9.2013,0,0,0,3
6.9.2013,0,0,0,3
7.9.2013,0,0,0,3
8.9.2013,0,0,0,2
9.9.2013,4.5,2.1,8.4,2
10.9.2013,0,0.3,0.3,3
11.9.2013,0.4,0.2,0.1,3
12.9.2013,1.5,0,13.7,3
13.9.2013,0,0,0,3
14.9.2013,0,0,0,4
15.9.2013,0,0,0,4
16.9.2013,0,0,0,3
17.9.2013,0,0,0,3
18.9.2013,4,2.4,4.7,3
19.9.2013,0.3,2.9,0.3,2
20.9.2013,9.6,1.8,6.6,3
21.9.2013,1.3,0.1,1,3
22.9.2013,5.3,0.9,0.5,8
23.9.2013,1.5,0.4,1.1,11
24.9.2013,0.06,0,0,9
25.9.2013,0.7,0.2,0.1,8
26.9.2013,1.5,0.5,0.8,6
27.9.2013,1.1,2.1,1.1,5
28.9.2013,0,0,0,4
29.9.2013,0,0,0,4
30.9.2013,0,0,0,4
1.10.2013,0,0,0,4
2.10.2013,0.06,0,0,3
3.10.2013,0,0,0,3
4.10.2013,0,0,0,3
5.10.2013,0.8,0.4,0.7,3
6.10.2013,0.8,0.1,0.4,3
7.10.2013,0,0,0.2,2
8.10.2013,3.8,6.5,5.4,2
9.10.2013,3.5,3.1,1.4,3
10.10.2013,4.9,0,0.4,3
11.10.2013,0,0,0,3
12.10.2013,0,0,0,4
13.10.2013,0,0,0,4
14.10.2013,0,0,0,4
15.10.2013,0,0,0,3
16.10.2013,0,0,0,3
17.10.2013,23.5,19.4,22.9,3
18.10.2013,8.8,3.4,4,4
19.10.2013,1.8,0.1,0.3,16
20.10.2013,0,0,0,18
21.10.2013,0,0,0,13
22.10.2013,7.3,3.4,8,9
23.10.2013,6.5,4.8,5.1,8
24.10.2013,1.6,0.9,0.7,13
25.10.2013,0.4,0,0,20
26.10.2013,7.8,5.4,7.2,19
27.10.2013,5.6,3.8,5.8,19
28.10.2013,11.6,14.7,14.1,20
29.10.2013,2.1,5.8,3.9,29
30.10.2013,0,0,0,38
31.10.2013,1.8,1.8,2.5,32
1.11.2013,3.9,9.1,4.4,25
2.11.2013,2.3,2.4,0.8,25
3.11.2013,1.2,9.3,5,25
4.11.2013,13.8,19.5,11.8,25
5.11.2013,4.1,11.7,6.1,38
6.11.2013,0.5,0,0.4,44
7.11.2013,1.8,6.1,5,37
8.11.2013,1.2,1.8,1,31
9.11.2013,5.7,10.9,8.8,28
10.11.2013,2.5,0.1,1.8,30
11.11.2013,0,0,0,33
12.11.2013,4.7,6.2,4.6,30
13.11.2013,0,0,0,28
14.11.2013,0,0,0,27
15.11.2013,3.1,3.1,2.2,24
16.11.2013,0,0,0,22
17.11.2013,0,0,0,21
18.11.2013,0.6,2.2,2,19
19.11.2013,6.7,4.1,7,17
20.11.2013,1.3,1.9,3.3,17
21.11.2013,14.4,19.3,10.6,21
22.11.2013,0.2,0,0.4,32
23.11.2013,0.3,0.9,0.7,37
24.11.2013,0,0,0,31
25.11.2013,0,0,0.06,25
26.11.2013,2.2,1.7,1.7,22
27.11.2013,0.06,0.4,0.06,20
28.11.2013,0.5,0,0.2,18
29.11.2013,0,0,0.1,18
30.11.2013,1.9,0.6,1.9,16
1.12.2013,2.1,2.7,0.1,14
2.12.2013,0,0.3,0.4,15
3.12.2013,0.9,0,0,18
4.12.2013,0,0,0,12
5.12.2013,3.5,5.6,7.2,10
6.12.2013,6,3,3,10
7.12.2013,0.6,0.1,0.7,10
8.12.2013,0,0,0,9
9.12.2013,0.2,0,0.1,8
10.12.2013,1.9,1.6,1.7,7
11.12.2013,0,0,0,7
12.12.2013,0,0.9,0,8
13.12.2013,0,0,0,9
14.12.2013,0,0,0.06,12
15.12.2013,3.2,4,4.3,11
16.12.2013,0.2,2.7,0.5,10
17.12.2013,0,0,0,12
18.12.2013,0,0,0,16
19.12.2013,0.4,1.5,1.9,15
20.12.2013,4.2,1.7,2.2,13
21.12.2013,2.7,2.4,2.6,14
22.12.2013,2,2.4,2.5,18
23.12.2013,3,2.2,2,27
24.12.2013,4,5,6.7,31
25.12.2013,8,4.5,6.3,31
26.12.2013,1.5,1.8,0.8,33
27.12.2013,1.5,1.7,1.8,36
28.12.2013,3.6,2.2,4.4,34
29.12.2013,0.2,0.3,0.2,33
30.12.2013,0.3,0,0.1,31
31.12.2013,0.8,0.9,0.3,27
1.1.2014,1.3,0.5,0.4,23.9
2.1.2014,0.06,0.5,0.5,21.8
3.1.2014,0.1,0.1,0.1,20.4
4.1.2014,2.8,2.8,4.2,18.7
5.1.2014,0.3,0.3,0.3,17.3
6.1.2014,0.6,0.1,0.4,19.1
7.1.2014,13.6,14.4,12.7,18.9
8.1.2014,4.9,2.1,4.7,20.9
9.1.2014,0.8,4.8,2.9,36.1
10.1.2014,4.4,6,2.5,39.1
11.1.2014,0.9,1.1,2,37.2
12.1.2014,0.4,0.2,0.6,30.6
13.1.2014,0.06,0,0,24
14.1.2014,0,0,0,21.3
15.1.2014,0.06,0,0.06,19.5
16.1.2014,0.3,0,0,16.4
17.1.2014,0,0,0,14.5
18.1.2014,0,0,0,13
19.1.2014,0,0,0,11.5
20.1.2014,0.5,0,0.2,9.6
21.1.2014,0.2,0,0,8.9
22.1.2014,0,0,0,7.8
23.1.2014,0.06,0,0,6.6
24.1.2014,0,0,0,5.8
25.1.2014,0.3,0,0,4.9
26.1.2014,0.3,0,0.2,4.6
27.1.2014,0.8,0,0.5,4.2
28.1.2014,0.3,0,0.4,4
29.1.2014,0.1,0,0.1,3.7
30.1.2014,0,0,0,3.5
31.1.2014,3.4,7,6.3,3.4
1.2.2014,2.4,0.8,2.5,3.2
2.2.2014,2.5,0.5,1.8,3.1
3.2.2014,0,0.4,0.2,3
4.2.2014,0.06,0,0,2.9
5.2.2014,0,0,0,2.8
6.2.2014,0,0,0,2.8
7.2.2014,0.6,2.5,3.4,2.7
8.2.2014,2.4,2.7,1.2,2.6
9.2.2014,0.1,0.6,1.3,2.5
10.2.2014,4.3,5.6,5.9,2.5
11.2.2014,3.1,2.1,2.2,2.5
12.2.2014,1.2,1.6,1.2,2.6
13.2.2014,0.06,0,0,2.6
14.2.2014,0.1,0,0.2,2.7
15.2.2014,0.5,0.9,1,2.8
16.2.2014,0.1,1.9,0.8,2.9
17.2.2014,1.1,1.3,1,3.1
18.2.2014,0.1,0.4,0.1,3.2
19.2.2014,0.06,0.2,0,3.5
20.2.2014,0.06,0,0.2,3.8
21.2.2014,1.7,0.7,1.3,4.2
22.2.2014,1.4,1.5,0.8,5
23.2.2014,0.1,0.2,0,6.2
24.2.2014,0,0,0,13.9
25.2.2014,0,0,0,20.8
26.2.2014,0,0,0,16.3
27.2.2014,0.06,0.1,0.2,10.9
28.2.2014,0,0,0,9.2
1.3.2014,0,0,0,8.6
2.3.2014,0.3,1.5,1.4,7.8
3.3.2014,2,2.4,1.8,7.4
4.3.2014,0,0,0,8
5.3.2014,0,0,0,9
6.3.2014,0,0,0,8.3
7.3.2014,1.1,2.1,2.9,7.6
8.3.2014,2.3,1.6,2.2,9.6
9.3.2014,0,0,1.2,18.5
10.3.2014,2.8,2.3,2.7,17.6
11.3.2014,0,0,0,20.6
12.3.2014,0,0,0,21.3
13.3.2014,0,0,0,19.6
14.3.2014,3.9,5.7,5.2,19.6
15.3.2014,5,4.6,3.4,18
16.3.2014,0.3,0,0.2,15.4
17.3.2014,0,0,0,13.3
18.3.2014,1.1,1.2,0.4,11.3
19.3.2014,0.06,0,0.06,10.8
20.3.2014,2.9,2.7,5.1,9.6
21.3.2014,0.1,1,0,9.5
22.3.2014,0,0,0,14.7
23.3.2014,0.06,0.6,0.5,18.9
24.3.2014,0,0,0,18.6
25.3.2014,0,0,0,17.5
26.3.2014,0,0,0,16
27.3.2014,0,0,0,14.3
28.3.2014,0,0,0,13
29.3.2014,0,0,0,12.1
30.3.2014,0,0,0,11.6
31.3.2014,0.06,0,0,11.2
1.4.2014,0.2,0,0.1,10.5
2.4.2014,0,0,0.06,9.6
3.4.2014,0,0,0,8.9
4.4.2014,0,0,0.06,8.4
5.4.2014,0,0.2,0.2,7.8
6.4.2014,3.6,1.7,0.4,7.6
7.4.2014,0,0.1,0.1,7.7
8.4.2014,0,0,0,7.9
9.4.2014,0,0,0,8
10.4.2014,0,0,0,7.7
11.4.2014,5.2,4.5,3.5,7.3
12.4.2014,0,0,0.1,7.5
13.4.2014,1.7,1.6,1.7,9.3
14.4.2014,1.8,0.1,0.8,11.7
15.4.2014,0,0,0,13.7
16.4.2014,0,0,0,15.7
17.4.2014,0,0,0,14.8
18.4.2014,0,0,0,13.6
19.4.2014,0,0,0,13.1
20.4.2014,0,0,0,12.5
21.4.2014,0,0,0,11.9
22.4.2014,0,0,0,11.5
23.4.2014,0,0,0,10.8
24.4.2014,0,0,0,10.2
25.4.2014,0,0,0,8.9
26.4.2014,0,0,0,8.2
27.4.2014,0,0,0,7.6
28.4.2014,0,0,0,7.1
29.4.2014,0,0,0,6.7
30.4.2014,0,0,0,6.4
1.5.2014,0.5,3.6,1,6.2
2.5.2014,1,0.3,0,6.1
3.5.2014,0.06,1,0,5.8
4.5.2014,2.3,2.9,4,5.6
5.5.2014,0,0.4,0,5.3
6.5.2014,0,0,0,5.3
7.5.2014,0,1.2,0.3,5.2
8.5.2014,4.4,7.1,5.4,4.9
9.5.2014,8.3,7.9,9,4.9
10.5.2014,3.4,7,1.4,6.9
11.5.2014,4.8,1.7,4,10.8
12.5.2014,0.4,0.8,0.6,12.3
13.5.2014,21.3,14.5,9.3,13.8
14.5.2014,0,0,0,22.1
15.5.2014,0,0,0,30
16.5.2014,0.2,0,0.1,23.3
17.5.2014,0,0,0,17.1
18.5.2014,0,0,0,13.9
19.5.2014,0,0.2,0.2,12
20.5.2014,0.8,0.7,1,10.6
21.5.2014,4.5,1.5,1.1,9.1
22.5.2014,0,0,0,8.1
23.5.2014,0,0,0,7.7
24.5.2014,0,0,0,6.8
25.5.2014,1.4,0,0,5.8
26.5.2014,0.4,0.1,0,5.2
27.5.2014,10.6,5.5,3.7,5.2
28.5.2014,9.5,15.5,7,4.8
29.5.2014,4.7,1.2,3,6.1
30.5.2014,0,0,0,10.4
31.5.2014,0.1,0,0,11.8
1.6.2014,0,0,0,9
2.6.2014,0,0,0,7.1
3.6.2014,0.2,0.1,0.4,6
4.6.2014,0,0,0,5.3
5.6.2014,0,1,0.9,4.8
6.6.2014,0,0,1.7,4.3
7.6.2014,11.5,0.4,7.3,4
8.6.2014,0,0,0,4.1
9.6.2014,4.1,3.6,9,5.2
10.6.2014,9.5,5.9,9,6.5
11.6.2014,0,0.8,2.8,6.8
12.6.2014,12.5,10.5,13.3,6.6
13.6.2014,0.7,2.2,3.7,5.8
14.6.2014,0.1,0,14.3,8.9
15.6.2014,0,0,0,9.4
16.6.2014,9.5,4.1,4,7.4
17.6.2014,0.4,0,0.3,6.9
18.6.2014,0,0.4,0,7.7
19.6.2014,5.5,2.2,2.5,7.5
20.6.2014,0,0.6,0.1,6.8
21.6.2014,9,0.7,0.6,6.5
22.6.2014,19.6,12.4,11,6.1
23.6.2014,4.5,1.1,1.9,8.3
24.6.2014,7.8,3.5,5,16.5
25.6.2014,0,0,0,18.2
26.6.2014,0.5,9.3,1.8,16.8
27.6.2014,0.3,0.1,4.9,12.5
28.6.2014,0,0,0.1,10.6
29.6.2014,4,18.5,8.9,10.2
30.6.2014,3.4,0.3,0.7,10
1.7.2014,4.9,7,3.6,12.6
2.7.2014,3.8,0.3,0.6,13.2
3.7.2014,2.1,1.5,0.7,13.4
4.7.2014,0,0,0.06,12.3
5.7.2014,0,0,0,11
6.7.2014,0,0,0,9.4
7.7.2014,0,0,0,7.5
8.7.2014,0,0,0,6.5
9.7.2014,4,0.3,2.8,5.5
10.7.2014,0,0,0,5
11.7.2014,0,0,0,4.4
12.7.2014,0,0,0,3.9
13.7.2014,0,0,0,3.5
14.7.2014,2.5,4.6,2,2.8
15.7.2014,0,0,0.1,3.2
16.7.2014,3.5,0,3.5,3.2
17.7.2014,0.1,0,0,2.8
18.7.2014,0.06,0,0,2.9
19.7.2014,0.5,0,0.1,3.2
20.7.2014,0,0,1.3,3.5
21.7.2014,0,0,0,3.5
22.7.2014,0,0,0,3.6
23.7.2014,0,0,0,3.1
24.7.2014,0,0,6.4,3.6
25.7.2014,0,0,0,3.2
26.7.2014,0,0,0,3.3
27.7.2014,0,0,0,3.1
28.7.2014,0.5,0,3.5,2.8
29.7.2014,0.2,0.5,7.7,2.5
30.7.2014,0.5,2.9,0.4,2.8
31.7.2014,0.1,0,0.5,2.8
1.8.2014,0,0,0,2.6
2.8.2014,0,0,0,2.6
3.8.2014,0,0,0,2.5
4.8.2014,0,0,0,2.4
5.8.2014,0,0,0,2.3
6.8.2014,0,0,0,2.1
7.8.2014,0.7,0,0,2.1
8.8.2014,0,0,0,2.1
9.8.2014,0,0,0,2.4
10.8.2014,0,0,0,2.3
11.8.2014,7.2,7.9,16.6,2.3
12.8.2014,0,4.1,0,2
13.8.2014,0.4,12.5,11.9,2.3
14.8.2014,0,0,4.2,2.8
15.8.2014,1.9,9,0.7,2.8
16.8.2014,3,9,0.2,2.3
17.8.2014,2.3,0.8,5.8,1.6
18.8.2014,17.7,2.1,15.2,2
19.8.2014,5.7,4,8.6,3.2
20.8.2014,8.4,23.4,13.5,4.2
21.8.2014,5.1,0.2,0.3,4.8
22.8.2014,0.1,2.6,8.5,4.8
23.8.2014,0.4,2.6,1.5,4.1
24.8.2014,0.7,0.4,2.6,3.2
25.8.2014,9.4,12.9,7.8,2.8
26.8.2014,3.2,0.6,9.4,2.9
27.8.2014,2.9,1.3,5.9,4.1
28.8.2014,2.1,2.3,0.8,5.3
29.8.2014,2.2,2.1,1.1,5
30.8.2014,0.1,0,0,4.2
31.8.2014,0,0,0,3.8
1.9.2014,0,0,0,3.3
2.9.2014,0.1,0,0,3.1
3.9.2014,0,1.5,0,2.9
4.9.2014,0,0,0,2.7
5.9.2014,0,0,0,2.5
6.9.2014,0,0,0,2.5
7.9.2014,0,0,0,2.5
8.9.2014,0,0,0,2.2
9.9.2014,4.2,2.4,3.7,1.6
10.9.2014,0,1.6,0,1.8
11.9.2014,0,0,0,1.6
12.9.2014,0,0,0,1.8
13.9.2014,0,0,0,2
14.9.2014,0,0,0,2.2
15.9.2014,0,0,0,1.6
16.9.2014,0,0,0,1.5
17.9.2014,0,0,0,1.4
18.9.2014,0,0,0,1.6
19.9.2014,0,0,0,1.4
20.9.2014,0,0.1,0,1.2
21.9.2014,1.3,0,0,1.3
22.9.2014,8.9,28.3,11.1,1.4
23.9.2014,2.1,0,0.6,1.7
24.9.2014,0.8,15.2,1.1,2
25.9.2014,5.8,2.2,13.4,2.6
26.9.2014,5.7,5.6,5.9,3.1
27.9.2014,0,0,0,4.2
28.9.2014,0,0,0,5.2
29.9.2014,0,0,0,4.7
30.9.2014,0.2,0,0,3.6
1.10.2014,0,0,0,3.1
2.10.2014,0,0.2,0,2.6
3.10.2014,0.06,3.3,9.4,2.5
4.10.2014,0.06,7.5,1,2.5
5.10.2014,0.06,0,0,3.1
6.10.2014,0.06,0,0,3.4
7.10.2014,0.06,0,0,3.3
8.10.2014,4,2.3,1.4,3.2
9.10.2014,3.4,6.8,3,2.6
10.10.2014,0.1,0.1,1.7,3.3
11.10.2014,0,0,0,3.8
12.10.2014,0,0.2,0,4.1
13.10.2014,0,6.4,0.3,3.7
14.10.2014,0,1.7,0,3.5
15.10.2014,0,0,0,3.4
16.10.2014,0,0,0,3.1
17.10.2014,0,0,0,2.8
18.10.2014,0.3,1.3,2,2.9
19.10.2014,12.8,8.5,7.9,2.6
20.10.2014,0.06,0.1,0,4.9
21.10.2014,0.06,0,0,7
22.10.2014,0,0,0,5.5
23.10.2014,0,0,0,4.2
24.10.2014,0,0,1.9,3.8
25.10.2014,0.5,0.1,0.1,3.7
26.10.2014,0.4,0.6,0,3.4
27.10.2014,1.1,0.9,1.8,3.3
28.10.2014,0.8,0,0,3.3
29.10.2014,0.4,0.6,0.2,2.8
30.10.2014,0,0.1,0,2.9
31.10.2014,0,0.1,0,2.9
1.11.2014,0.3,0.4,0.3,2.8
2.11.2014,6.7,4.4,2.3,2.9
3.11.2014,0.7,4.4,1.6,3
4.11.2014,0.9,2.2,0.4,3.5
5.11.2014,0.06,0.1,0.06,4.2
6.11.2014,10.8,17.6,14.7,4.4
7.11.2014,2.4,2,0.4,6.7
8.11.2014,0,0,0,11.8
9.11.2014,0.2,0.3,0.5,9.9
10.11.2014,0.4,1.8,0.9,8.9
11.11.2014,0.5,1.3,0.2,10.6
12.11.2014,0.5,0,0.1,11.1
13.11.2014,0.2,0,0.2,10
14.11.2014,0,0.1,0,8.5
15.11.2014,0,0,0,7.7
16.11.2014,0,0,0,7
17.11.2014,0,0,0,6.4
18.11.2014,0,0,0,6
19.11.2014,0.06,0,0.1,5.3
20.11.2014,0,0,0,4.7
21.11.2014,5.5,10.5,1,4.6
22.11.2014,0.06,0,0,4.3
23.11.2014,0.2,0,0,4.1
24.11.2014,0,0.1,0.1,3.7
25.11.2014,0.9,0.5,1.3,3.9
26.11.2014,0.4,0.7,0.1,3.9
27.11.2014,0.2,0.8,0.2,5.2
28.11.2014,0.3,0.8,1.9,5.9
29.11.2014,0.9,0.4,0.1,6.3
30.11.2014,0,0,0,6.1
1.12.2014,0,0,0,5.5
2.12.2014,0,0,0,5
3.12.2014,0,0,0,4.7
4.12.2014,0,0,0,4.4
5.12.2014,1.1,1.7,1.4,4.4
6.12.2014,7.4,4.4,4.4,4.3
7.12.2014,1.6,2.3,3,4.4
8.12.2014,6.8,8.5,6.2,6.4
9.12.2014,0,2,11,16.3
10.12.2014,2,1.9,5,18.2
11.12.2014,1,2.8,0,15.4
12.12.2014,3.8,14,4.9,15.2
13.12.2014,10.3,2.9,10,15.8
14.12.2014,0.8,0,2,15.8
15.12.2014,2.1,4.4,5,14.6
16.12.2014,2.2,3.3,3.5,18.4
17.12.2014,2.3,1.7,0.8,22.7
18.12.2014,3.2,7.6,5.5,25.7
19.12.2014,2.2,4.2,1.4,23.3
20.12.2014,0.2,0,0.2,26.1
21.12.2014,0,0,0.2,24.2
22.12.2014,0,3,1.4,19
23.12.2014,0,0,0,14.4
24.12.2014,8.5,5.2,8.3,11.1
25.12.2014,0.2,0,0,9.8
26.12.2014,3.1,0.4,1.6,9.2
27.12.2014,0.06,0,0.1,8.8
28.12.2014,0.06,0,0,8.7
29.12.2014,0.6,0.4,0.9,8
30.12.2014,7.3,9.8,7.5,7
31.12.2014,0,0,0,7.1
01.01.2015,0,0.9,1.5,8.3
02.01.2015,9.1,4.4,4.9,10.8
03.01.2015,4.6,2.6,4.2,27.2
04.01.2015,0.1,0,0.2,32
05.01.2015,0,0,0,25.5
06.01.2015,0,0,0.1,18.5
07.01.2015,0.6,0.3,0.3,14.3
08.01.2015,3.1,3.8,3.7,12.7
09.01.2015,0.8,0.7,1.4,12.1
10.01.2015,2.5,5.1,4.3,11
11.01.2015,1.8,3.1,0.9,10
12.01.2015,4.3,4.3,4.5,8.9
13.01.2015,8,4.3,6.9,7.8
14.01.2015,0,1.1,0.1,7.6
15.01.2015,3.4,5.8,7.3,7.4
16.01.2015,2.2,3.6,2.4,7
17.01.2015,0.3,1.5,3.5,8
18.01.2015,3.6,0,0,10.8
19.01.2015,0.5,0.1,1.3,10.9
20.01.2015,0,0,0,10
21.01.2015,0,0,0,8.8
22.01.2015,1.5,0.5,1.1,7.8
23.01.2015,3.8,0.7,4,7.1
24.01.2015,0,0,0,6.5
25.01.2015,0,0,0.1,6.1
26.01.2015,0,0,0.06,5.7
27.01.2015,3,0.7,1.6,5.4
28.01.2015,1.3,0.1,1.3,5.1
29.01.2015,1.2,3,4,4.9
30.01.2015,0,0,0,4.7
31.01.2015,5.5,11.1,8.3,4.5
01.02.2015,7.3,8.5,7.8,4.3
02.02.2015,7.9,10.1,12.4,4.2
03.02.2015,1.7,0.7,1,4
04.02.2015,0.5,0,0.2,4
05.02.2015,1.6,1.2,2.2,3.9
06.02.2015,0.9,0.2,0.4,3.8
07.02.2015,0,0.6,0.06,3.7
08.02.2015,0,0,0,3.6
09.02.2015,0.2,0.3,0.4,3.6
10.02.2015,0,0,0,3.5
11.02.2015,0,0,0,3.5
12.02.2015,0,0,0,3.5
13.02.2015,0.8,1,0,3.5
14.02.2015,0.4,0.9,2.1,3.4
15.02.2015,0,0,0,3.3
16.02.2015,0,0,0,3.2
17.02.2015,1.7,1,1.1,3.1
18.02.2015,0,0,0,3.2
19.02.2015,0.1,0.6,0,3.3
20.02.2015,0.6,2.4,1.9,5.2
21.02.2015,2.7,2.9,4.5,12.3
22.02.2015,2.7,2.4,3.1,18.9
23.02.2015,2.4,2.1,5.3,21.4
24.02.2015,3.5,3,0,21.6
25.02.2015,0,0,0,27.5
26.02.2015,0,0,0,31.2
27.02.2015,0,0,0,29.2
28.02.2015,0,0,0,26.4
01.03.2015,0.2,0.9,3.2,23.6
02.03.2015,3.3,7.5,5.5,22.4
03.03.2015,6.1,6.2,6.8,27.3
04.03.2015,1.1,0.4,2.5,34.8
05.03.2015,0.2,0,0.5,39.3
06.03.2015,5.6,3.6,2.5,37.8
07.03.2015,0.1,0,0.1,35.4
08.03.2015,1.3,0.3,0.7,40.7
09.03.2015,0,0,0,54.1
10.03.2015,0,0.1,0,61
11.03.2015,0,0,0,60.6
12.03.2015,0,0,0,58.3
13.03.2015,0,0,0,51.3
14.03.2015,0,0,0,43.2
15.03.2015,0,0,0,36.4
16.03.2015,0,0,0,31.6
17.03.2015,0,0,0,27.4
18.03.2015,0,0,0,24.2
19.03.2015,0,0,0,21.7
20.03.2015,0,0,0,20
21.03.2015,0,0,0,18.1
22.03.2015,0.8,0.1,0,15.5
23.03.2015,2.1,1.2,1,13.6
24.03.2015,0.3,0.2,0.2,13.6
25.03.2015,0.06,1,0.06,14.4
26.03.2015,0,0,0,14
27.03.2015,0.1,3,1.5,12.1
28.03.2015,3.5,2.7,3.2,11.6
29.03.2015,2.5,4,5.1,13.7
30.03.2015,8.3,21.4,20.2,17.4
31.03.2015,1.5,0.6,0.9,24
01.04.2015,0.5,0.2,0,41.4
02.04.2015,1.1,1.9,1.2,43.3
03.04.2015,0.5,1.2,0.2,42.1
04.04.2015,1.4,1.9,1,37.9
05.04.2015,0,0,0,35.9
06.04.2015,0,0,0,33.7
07.04.2015,0,0,0,31.1
08.04.2015,0,0,0,28.8
09.04.2015,0,0,0,27.2
10.04.2015,0,0,0,25.7
11.04.2015,0,0,0,23.9
12.04.2015,0.4,0,0,21.8
13.04.2015,0.06,0,0,20.6
14.04.2015,0.1,0.7,0.4,18.9
15.04.2015,1.5,0,0.2,17.1
16.04.2015,1.5,0.7,1.6,15.9
17.04.2015,4.8,2,1.1,14.9
18.04.2015,0.06,0,0,14.6
19.04.2015,0,0.9,0,14
20.04.2015,0.06,0,0,12.6
21.04.2015,0,0,0,11.9
22.04.2015,2.9,1.3,1,10.7
23.04.2015,0.1,0,0,9.6
24.04.2015,0,0,0,9.5
25.04.2015,0.5,0.3,0.4,9
26.04.2015,3.3,3.2,4,8.3
27.04.2015,14.5,11.2,16,7.9
28.04.2015,0.7,0.8,0.4,14.4
29.04.2015,21.8,18.4,18.7,24.3
30.04.2015,0,0,0,39.1
01.05.2015,0.5,0.1,0.06,38.7
02.05.2015,11.5,11.9,12.7,31.6
03.05.2015,0,0,0,30.9
04.05.2015,0,0,0,32
05.05.2015,0,0,0,27.1
06.05.2015,1.5,3.5,4.6,22
07.05.2015,0.5,2.8,0.5,19.9
08.05.2015,0,0,0,18.4
09.05.2015,0.06,0,0,16.7
10.05.2015,0.06,0.1,0,15
11.05.2015,0,0,0,13.2
12.05.2015,14.8,7.7,13.7,12
13.05.2015,3.3,5.5,2,12.2
14.05.2015,1.3,1.7,0.4,18.9
15.05.2015,1.4,0,0.1,20.3
16.05.2015,0,0,0.06,17.8
17.05.2015,0.6,0.1,0,15.3
18.05.2015,5.8,0.8,2.4,13.4
19.05.2015,0,0,0.1,12.3
20.05.2015,0,3.4,0.4,12
21.05.2015,7.6,3.9,8,11.3
22.05.2015,0,0,0,11.7
23.05.2015,0.1,2.7,0.06,11.9
24.05.2015,0,0.2,0,10.6
25.05.2015,0,0,0,9.2
26.05.2015,0.2,0.5,0.1,8
27.05.2015,0,0,0,7.4
28.05.2015,0,0,0,6.8
29.05.2015,0.1,0,0.1,6.1
30.05.2015,0.1,0.2,0.4,5.5
31.05.2015,0,0,0.2,5.2
01.06.2015,1.2,1.4,1.5,4.7
02.06.2015,1.5,1.3,2.8,4.4
03.06.2015,0.5,2.5,1.4,4.2
04.06.2015,0,0,0,4.1
05.06.2015,0,0,0,4.1
06.06.2015,0.06,0,0.4,3.6
07.06.2015,0.06,0,0.06,3.3
08.06.2015,0.9,11.4,1.3,3.2
09.06.2015,0,0,0,3.2
10.06.2015,0.06,0,0,3.1
11.06.2015,0,0.2,0.3,3.3
12.06.2015,0.5,0,0,3.4
13.06.2015,0,0.3,0.2,3
14.06.2015,4.2,10.2,8.5,2.8
15.06.2015,1.5,0.9,0,3.1
16.06.2015,0,0,0,2.9
17.06.2015,0,1.4,1.9,3.2
18.06.2015,11.9,17.2,16.7,3.2
19.06.2015,1.2,0.1,0.06,3.4
20.06.2015,5,4.6,4.3,3.9
21.06.2015,0,2.1,0.9,4.5
22.06.2015,1.9,3,1.7,4.5
23.06.2015,3.1,16,16.2,4.3
24.06.2015,7.2,4.2,4.5,4.6
25.06.2015,0,0,0,8.1
26.06.2015,0.5,0,0.1,7.2
27.06.2015,0.06,4.7,0.1,5.3
28.06.2015,0,0,0,4.5
29.06.2015,0,0,0,5.2
30.06.2015,22.5,3.3,6.7,4.8
01.07.2015,0,0,0,5.9
02.07.2015,0,0,0,7.1
03.07.2015,0,0,0,5.7
04.07.2015,0,0,0,4.4
05.07.2015,0,0,0,3.5
06.07.2015,2,1.8,4,3.2
07.07.2015,14,1.1,3.8,2.8
08.07.2015,7.8,4.5,3.6,2.9
09.07.2015,1.8,0,0,3.6
10.07.2015,1.2,0.8,6.5,3.9
11.07.2015,0.7,0.1,0.4,3.7
12.07.2015,2.5,1.5,1.5,3.2
13.07.2015,1.3,0.5,0.8,3.1
14.07.2015,0.1,0,0,2.9
15.07.2015,0,0,0,2.9
16.07.2015,1.6,1.5,7.3,2.7
17.07.2015,0.8,8.8,4.9,3.1
18.07.2015,1.8,7.6,1.5,3.1
19.07.2015,1.9,0.8,1.4,3.3
20.07.2015,0,0.1,0,3.3
21.07.2015,5.8,4.7,15.2,3.1
22.07.2015,15.7,4.1,2.9,3.4
23.07.2015,4.5,0.1,6.5,4.5
24.07.2015,0.3,0,0.1,5.5
25.07.2015,0,0,0.2,4.9
26.07.2015,4.8,9.5,1.4,4.2
27.07.2015,0.2,0,0,3.7
28.07.2015,0,0,0,3.5
29.07.2015,0,0.1,0.2,3.3
30.07.2015,0.5,16,4.5,3.2
31.07.2015,0.1,16,19.4,2.9
01.08.2015,0,0,0,2.9
02.08.2015,3.4,0,0.3,3.1
03.08.2015,0,0,0,2.8
04.08.2015,0,0,0,2.6
05.08.2015,4.2,10.7,5.4,2.7
06.08.2015,0.2,0.6,0.06,2.6
07.08.2015,0,0.6,0.06,2.6
08.08.2015,0.2,0,0,2.7
09.08.2015,0,0,0,2.6
10.08.2015,0,0,0,2.3
11.08.2015,0,0,0,2.1
12.08.2015,0,1.7,0,2.4
13.08.2015,0,0,0,2
14.08.2015,0,0,0,2.4
15.08.2015,0,0,0,2.3
16.08.2015,0,0,0,2.3
17.08.2015,0,0,0,1.9
18.08.2015,0,0,0,1.6
19.08.2015,0,0,0,1.9
20.08.2015,0,0,0,2.1
21.08.2015,0,0,0,2
22.08.2015,0,0,0,1.9
23.08.2015,0,0,0,1.9
24.08.2015,0,0,0,1.9
25.08.2015,0,0,0,1.8
26.08.2015,2.4,1.6,2.1,1.9
27.08.2015,13.5,6.2,9.3,1.9
28.08.2015,7.4,19.9,9.2,2.1
29.08.2015,10.5,0,0.2,2.9
30.08.2015,0,3.5,11.8,3.6
31.08.2015,0,0,0,3.2
01.09.2015,1.3,0,0,3.1
02.09.2015,0,6.5,2.8,3.2
03.09.2015,0.4,3,2.4,2.6
04.09.2015,0,0,2.2,2.4
05.09.2015,9.3,6,7.3,2.8
06.09.2015,3,0,0.06,4.4
07.09.2015,0.2,0,3.2,4.4
08.09.2015,0,0,0,3.8
09.09.2015,0,0,0,3.3
10.09.2015,0,0,0,2.8
11.09.2015,0,0,0,2.5
12.09.2015,0,0,0,2.4
13.09.2015,0,0,0,2.3
14.09.2015,0,0,0,2
15.09.2015,0.2,3.2,0.5,2.1
16.09.2015,2.1,1.5,2.5,2.1
17.09.2015,2.5,0.5,1.8,2
18.09.2015,14.2,3,7.9,2.3
19.09.2015,0.2,0.6,2.7,2.3
20.09.2015,0.6,1.8,0.5,3.1
21.09.2015,6.3,7.5,14.7,3.2
22.09.2015,0.2,0,0.1,2.8
23.09.2015,0,0,0,2.8
24.09.2015,0.9,3.1,1.3,2.9
25.09.2015,0,1.5,0,2.6
26.09.2015,0,3.7,0,2.6
27.09.2015,0.2,0,0.3,2.4
28.09.2015,0,0.6,0.1,2.3
29.09.2015,0,0,0,2.4
30.09.2015,0,0,0.1,2.3
01.10.2015,2.6,0.7,0.4,2.2
02.10.2015,0,0,0,2
03.10.2015,0,0,0,2
04.10.2015,0,0,0,2.1
05.10.2015,0,0,0,2.3
06.10.2015,0,0,0,1.8
07.10.2015,0,0,0,1.8
08.10.2015,0,0,0,1.9
09.10.2015,0,0,0,2
10.10.2015,0,0,0,1.9
11.10.2015,0,0,0,1.9
12.10.2015,0,0,0,1.8
13.10.2015,0,0,0,1.9
14.10.2015,0,0,0,1.9
15.10.2015,0,0,0,1.9
16.10.2015,0,0,0,1.9
17.10.2015,0,0,0,1.9
18.10.2015,0,0,0,1.7
19.10.2015,0,0,0,1.8
20.10.2015,0,0,0,1.8
21.10.2015,0,0,0,2
22.10.2015,5.4,7.2,7.8,1.9
23.10.2015,1.5,1.9,2.9,2
24.10.2015,0.06,0,0,2.1
25.10.2015,4.7,6.4,6.9,2.4
26.10.2015,0,0,0,2.5
27.10.2015,0,0,0,2.8
28.10.2015,0,0,0,2.9
29.10.2015,0,0,0,2.5
30.10.2015,0,0,0,2.1
31.10.2015,0,0,0,2
01.11.2015,0,0,0,2
02.11.2015,0,0,0,1.6
03.11.2015,0,0,0,1.6
04.11.2015,0,0,0,1.8
05.11.2015,0,0,0,1.4
06.11.2015,0.3,0,0,1.7
07.11.2015,4.2,4.6,3.3,2.3
08.11.2015,1.4,7.6,3.1,2.3
09.11.2015,7,5.4,6.1,2.5
10.11.2015,0,0,0.4,2.8
11.11.2015,1,0.5,0.6,3.5
12.11.2015,0,0.2,0.1,3.4
13.11.2015,3.7,5.7,5.8,3.2
14.11.2015,4.9,2.2,0.3,3.3
15.11.2015,3.2,2.6,3.7,4.3
16.11.2015,3,3.8,5.2,5.2
17.11.2015,3.6,6.3,6.6,6.3
18.11.2015,4.7,7.4,3,8.8
19.11.2015,5.1,17.7,5.4,10.6
20.11.2015,10,1.9,4.4,11.6
21.11.2015,1.9,0.7,3.3,14.5
22.11.2015,0.4,0.5,0.3,14.9
23.11.2015,0,0.7,0,12.9
24.11.2015,0.7,0.8,0.8,10
25.11.2015,0.3,0,0.06,8.1
26.11.2015,0.3,0.4,0.2,7.6
27.11.2015,0.1,0.8,0.4,7.4
28.11.2015,0.5,0.8,0.5,6.9
29.11.2015,0,4.8,6.2,6.5
30.11.2015,7.6,3.8,6.8,7.5
01.12.2015,0.8,0.3,0.3,12.4
02.12.2015,1.4,1.7,2.3,14.1
03.12.2015,0.8,1.5,0.8,12.1
04.12.2015,7,8.7,6.9,11.8
05.12.2015,3.2,2.7,5,16.1
06.12.2015,10,8.1,7.5,19.1
07.12.2015,0,0.1,0,24.4
08.12.2015,0.4,1,0,25.5
09.12.2015,0.1,1.7,0.5,20.4
10.12.2015,1.4,1.7,1.1,16.4
11.12.2015,0,1.3,0,15.1
12.12.2015,0,3.8,0.1,14.2
13.12.2015,0.4,0.1,0.2,12.9
14.12.2015,0.06,0,0,11.6
15.12.2015,0,0,0,10.4
16.12.2015,0,0.2,0.3,9.1
17.12.2015,4.1,3.3,6.2,8.2
18.12.2015,6.2,4.1,4.9,7.7
19.12.2015,2.8,2.2,2.2,12.5
20.12.2015,2.8,1,0.8,17.5
21.12.2015,0,0,0.1,19.5
22.12.2015,3.7,2.3,2,19.3
23.12.2015,0,0,0.1,16.4
24.12.2015,0.6,0.5,0.7,14.9
25.12.2015,1.2,2.2,1,14.5
26.12.2015,0.06,0.1,0.5,13.6
27.12.2015,0,0,0,12.4
28.12.2015,0,0,0,10.3
29.12.2015,0,0,0,8
30.12.2015,0,0,0,6.9
31.12.2015,0,0,0.06,6.3
01.01.2016,0.2,0.2,0.4,5.3
02.01.2016,0.06,0.3,0.2,4.8
03.01.2016,1.6,1,1.5,4.2
04.01.2016,0.3,0,0.1,3.4
05.01.2016,0.1,0.6,0.2,3
06.01.2016,0,0,0,2.9
07.01.2016,0,0,0,2.4
08.01.2016,0,0,0,2.3
09.01.2016,0,0,0.1,2.2
10.01.2016,0,0,0.1,1.9
11.01.2016,0.2,4.5,1.4,1.8
12.01.2016,4.8,5.8,3.6,1.7
13.01.2016,4.2,1.3,2.7,1.6
14.01.2016,1.7,0,0.2,1.6
15.01.2016,0.8,0,0.5,1.6
16.01.2016,1,0.7,0.9,1.5
17.01.2016,0,0.3,0.3,1.5
18.01.2016,1.2,3.5,1.3,1.5
19.01.2016,0.5,0.1,0.1,1.5
20.01.2016,0,0,0,1.4
21.01.2016,0.3,0,0,1.4
22.01.2016,0,0,0,1.4
23.01.2016,0.4,0.1,1.5,1.4
24.01.2016,0.4,2.8,2.4,1.4
25.01.2016,2,3,7.9,1.4
26.01.2016,7.9,7.7,4.5,1.5
27.01.2016,5.5,6.2,7.8,2.3
28.01.2016,3,2.4,3,3.7
29.01.2016,1.9,2.7,2.9,8.6
30.01.2016,0,0.2,0,9.6
31.01.2016,0.06,0,0.1,12.4
01.02.2016,2.4,2.9,4.7,9.6
02.02.2016,2,0.9,1.5,6.5
03.02.2016,0,0.5,0.1,5.4
04.02.2016,0.8,0.3,0.6,4.8
05.02.2016,0,0,0,4.4
06.02.2016,4.6,3.6,5.1,4.1
07.02.2016,0.1,0.4,0.1,4.1
08.02.2016,6.6,7,8.5,7.1
09.02.2016,3.9,3.9,6.6,17
10.02.2016,8.6,19.3,14.9,38.3
11.02.2016,8.3,8,12,56.7
12.02.2016,2.3,1.5,6.6,60
13.02.2016,2.8,4.9,8.3,49.6
14.02.2016,4.1,3.7,2.8,39.5
15.02.2016,0,0,0.06,31.7
16.02.2016,0,0,0,24.7
17.02.2016,0,0,0,20.4
18.02.2016,5.2,6.4,1.6,17.6
19.02.2016,2.3,3.8,2.4,16.4
20.02.2016,4.8,8.8,11.4,15.4
21.02.2016,5,8.4,8.8,13.6
22.02.2016,2.2,0.6,1.6,12.2
23.02.2016,0.5,0,0.1,11.4
24.02.2016,0,0,0,10.3
25.02.2016,1.2,0.1,1,9.8
26.02.2016,1.3,1.1,0.2,9.1
27.02.2016,0.4,0,0.1,8.1
28.02.2016,0,0,0,7.9
29.02.2016,0,0,0,7.3
01.03.2016,0,0,0,7.1
02.03.2016,0,0,0,6.9
03.03.2016,0,0,0,6.5
04.03.2016,0,0,0,6.3
05.03.2016,1.3,1.2,0.9,6.3
06.03.2016,0.2,0.2,1.3,6.1
07.03.2016,2.5,3.1,1.6,5.9
08.03.2016,3.6,5.4,2.5,6.1
09.03.2016,0,0,0,5.9
10.03.2016,0,0,0,6.5
11.03.2016,0,0,0,6.5
12.03.2016,0,0,0,6.3
13.03.2016,0.3,0.3,0.1,6.3
14.03.2016,0,0.1,0,6.5
15.03.2016,0,0,0,6.9
16.03.2016,0,0,0,7.7
17.03.2016,0.06,1.4,1,12.9
18.03.2016,0,0,0.06,21
19.03.2016,0,0,0,19.6
20.03.2016,1.6,3.6,1.7,15.1
21.03.2016,0,1,0,13.2
22.03.2016,0,0,0,11
23.03.2016,0.3,0,0,10.1
24.03.2016,0.1,0,0,8.8
25.03.2016,0.2,1.2,0.5,7.9
26.03.2016,0.1,0.2,0,7.7
27.03.2016,0,0,0,12
28.03.2016,0,0,0,31
29.03.2016,0,0,0,41.1
30.03.2016,0,0,0.1,43
31.03.2016,0,0,0,43
01.04.2016,0.2,2,0,41
02.04.2016,0,1.5,0.3,38
03.04.2016,0,0.4,1.3,37
04.04.2016,0,0,0,34
05.04.2016,0,1.1,1,32
06.04.2016,1.3,3,2.8,31
07.04.2016,1,1.5,1.2,36
08.04.2016,0.1,0.2,0.1,41
09.04.2016,0.06,0.1,0.8,40
10.04.2016,0,0,0,37
11.04.2016,0,0,0,33
12.04.2016,0,0,0,30
13.04.2016,0,0,0,26
14.04.2016,0,0,0,23
15.04.2016,0,0,0,21
16.04.2016,0.4,0.5,0.2,18.7
17.04.2016,4.4,4.4,3.7,17
18.04.2016,0.2,0.8,0.6,16.7
19.04.2016,0.7,0.1,0.6,18.4
20.04.2016,0.8,0.1,0.06,18.1
21.04.2016,0,0,0,16.7
22.04.2016,0.06,2,0.4,15.6
23.04.2016,0.06,2.2,2.1,14.7
24.04.2016,9.5,14.3,13.9,13.9
25.04.2016,2.7,3.6,2.2,16.7
26.04.2016,19.7,22.4,20.7,23
27.04.2016,0.4,0,0,43
28.04.2016,8.1,12.9,14.1,54
29.04.2016,0,0,0,55
30.04.2016,7.1,1,1.1,52
01.05.2016,0,0,0,47.6
02.05.2016,0,0,0,44.2
03.05.2016,0,0,0,37.8
04.05.2016,0,0,0,31.8
05.05.2016,0,0,0,26.3
06.05.2016,0,0,0,22.1
07.05.2016,0,0,0,18.9
08.05.2016,0,0,0,16.4
09.05.2016,0,0,0,14.4
10.05.2016,0.2,0,0.06,12.6
11.05.2016,0,0,0,10.8
12.05.2016,0,0,0,9.5
13.05.2016,0,0,0,8.2
14.05.2016,7.4,14.5,9.5,7.5
15.05.2016,1,0.1,2.6,7.4
16.05.2016,0.8,1.5,1,7.7
17.05.2016,0,0,0,7.4
18.05.2016,0,0,0,6.8
19.05.2016,0,0,0,6.1
20.05.2016,0,0,0,5.8
21.05.2016,0,0.2,0,5.3
22.05.2016,0,0,0,5
23.05.2016,0,0,0,4.7
24.05.2016,0,0,0,4.4
25.05.2016,0,0,0,4.1
26.05.2016,15,26.8,10.2,3.7
27.05.2016,0.8,0,0,4.6
28.05.2016,0,0,0,6
29.05.2016,0,0,0,5.9
30.05.2016,0,0,0,5.2
31.05.2016,0,0,0,4.6
01.06.2016,0,0,0,3.9
02.06.2016,0,0.9,0,3.9
03.06.2016,0,0.3,0,3.9
04.06.2016,0,0,0,3.6
05.06.2016,0.06,0,0,3.3
06.06.2016,0,0,0,3.2
07.06.2016,2.5,2.2,1.4,3.2
08.06.2016,0.7,2.3,1.5,3.2
09.06.2016,0.5,0,0.06,3.2
10.06.2016,0.06,0.6,0.1,3.3
11.06.2016,0,0,0,3.3
12.06.2016,0,0,0,3.2
13.06.2016,0,0,0,3.1
14.06.2016,0,0,0,2.9
15.06.2016,11,18.1,10,2.9
16.06.2016,14.5,5.2,3.8,3.2
17.06.2016,11,17.3,17.2,4.4
18.06.2016,6.5,11.6,14.2,6.9
19.06.2016,2,0.3,0.1,9.9
20.06.2016,0,0,0,10.3
21.06.2016,0,0,0,8
22.06.2016,0,0,0,6.1
23.06.2016,6.1,1,0,5.2
24.06.2016,0,0.2,0,4.5
25.06.2016,0,0,0,4.2
26.06.2016,0,0,0,3.9
27.06.2016,13.2,21.2,19,3.8
28.06.2016,0,0,0,4.2
29.06.2016,0.06,0,0.3,5
30.06.2016,8.1,0,0.1,4.8
01.07.2016,0,0,0,4.1
02.07.2016,3.3,7.9,15,3.9
03.07.2016,23.1,13.4,9,3.8
04.07.2016,9.5,3.1,3.1,4.2
05.07.2016,1.7,7.8,3.8,7.1
06.07.2016,2.1,0.7,1.3,10.3
07.07.2016,4.9,2.2,2.5,8.6
08.07.2016,1.4,0.5,0.7,7.2
09.07.2016,0,0,0.3,7.8
10.07.2016,0,1.5,2.6,8.7
11.07.2016,9.3,2.9,9.8,10.1
12.07.2016,1.5,0.7,4.6,10.2
13.07.2016,0,0,1.5,8.7
14.07.2016,0,0,0,8.5
15.07.2016,13.5,22.3,28.5,7.6
16.07.2016,0,0,0,16.9
17.07.2016,0,0,0,21.3
18.07.2016,0,0.2,0,16.4
19.07.2016,0,0,0,12.6
20.07.2016,0,0,0,10.4
21.07.2016,0,0,0,8.8
22.07.2016,0.4,0.1,0,7.7
23.07.2016,0,0,0.2,7.1
24.07.2016,0,0,0,6.5
25.07.2016,0,0,14.6,5.9
26.07.2016,0,0,0,5.5
27.07.2016,0,0,0,5.3
28.07.2016,1,2.4,1.8,4.8
29.07.2016,0,0,0,4.5
30.07.2016,4.1,0.2,4.7,4.2
31.07.2016,6.5,0,5.3,4.2
01.08.2016,0,0,0.3,5.9
02.08.2016,2.2,0,1.1,6.1
03.08.2016,0.6,0,6.3,5.5
04.08.2016,2.8,7.4,4.1,5.7
05.08.2016,2.5,2,1.5,5.5
06.08.2016,0.5,0.1,0.1,5
07.08.2016,0,1.7,0,4.8
08.08.2016,0.6,0.2,0,5.2
09.08.2016,0,2.5,0.4,4.6
10.08.2016,4.1,2.8,0.9,4.1
11.08.2016,0,0,0,3.9
12.08.2016,0.6,1.1,0.4,3.8
13.08.2016,6.5,5.8,1.8,3.6
14.08.2016,3.8,1.9,3.1,3.6
15.08.2016,0.6,2.5,0,4.4
16.08.2016,4.7,9.2,5.1,5.8
17.08.2016,4.5,6.7,5,5.3
18.08.2016,0.2,2.7,13,5.8
19.08.2016,0,0,0.06,7.2
20.08.2016,1.8,0,0,6.8
21.08.2016,0,0,0,5.6
22.08.2016,1.3,0.7,1.3,4.9
23.08.2016,0,0,2.4,4.6
24.08.2016,0,0,0,5.6
25.08.2016,1.6,2.1,0.3,6.4
26.08.2016,1.4,0,0,5.2
27.08.2016,0,0,0,4.6
28.08.2016,0,0.7,0,4.2
29.08.2016,8.7,7.3,5,3.9
30.08.2016,0,0,0.06,3.7
31.08.2016,0,0,0,4.5
01.09.2016,0,0,0,4.7
02.09.2016,0,0,0,4.2
03.09.2016,13.5,47.6,25.2,3.9
04.09.2016,5.5,0,0,8
05.09.2016,0,0,0,13.1
06.09.2016,0,0,0,12.5
07.09.2016,0,0,0,9.6
08.09.2016,0,0,0,7
09.09.2016,0,0,0,5.8
10.09.2016,0.5,0,0,5.3
11.09.2016,0,0,0,4.8
12.09.2016,0,0,0,4.1
13.09.2016,0,0,0,3.8
14.09.2016,0,0,0,3.8
15.09.2016,0,0,0,3.8
16.09.2016,0,0,0,3.5
17.09.2016,0,0,0,3.4
18.09.2016,0,0,0,3.1
19.09.2016,0,0,0,3.2
20.09.2016,0,0,0,3.2
21.09.2016,0,0,0,3.2
22.09.2016,0,0,0,3.2
23.09.2016,0,0,0,3.2
24.09.2016,0,0,0,3.2
25.09.2016,0,0,0,3.2
26.09.2016,0,0,0,2.9
27.09.2016,0,0,0,3.1
28.09.2016,6.6,11.3,7.3,3.2
29.09.2016,5.9,6.3,4.5,3.2
30.09.2016,0,0,0,3.8
01.10.2016,0,0,0,5
02.10.2016,0,0,0,4.8
03.10.2016,0,0,0,3.9
04.10.2016,0,0,0,3.8
05.10.2016,0,0,0,3.5
06.10.2016,0,0,0,3.3
07.10.2016,0,0,0,3.3
08.10.2016,0,0,0,3.3
09.10.2016,0,0,0,3.2
10.10.2016,0,0,0,3.2
11.10.2016,0,0,0,3.2
12.10.2016,0,0,0,3.1
13.10.2016,0,0.1,0.06,2.8
14.10.2016,0.1,0,0.2,3.1
15.10.2016,0,0.1,0.3,2.9
16.10.2016,0,0,0,3.1
17.10.2016,0,0,0,3.1
18.10.2016,0,0,0,3
19.10.2016,0,0,0,3
20.10.2016,0,0,0,3
21.10.2016,0,0,0,2.9
22.10.2016,0,0,0,3
23.10.2016,0,0,0,2.9
24.10.2016,0,0.3,0,2.8
25.10.2016,1.3,1.7,2,3
26.10.2016,1.3,0.8,0.3,2.9
27.10.2016,11.3,10.9,8,2.9
28.10.2016,7.9,8,5.9,3.3
29.10.2016,8.1,3.2,0.4,5.5
30.10.2016,0.5,0,0.1,8.1
31.10.2016,0.6,0.7,0.5,9.4
01.11.2016,0,0,0.1,8
02.11.2016,1.3,7.5,1.5,6.5
03.11.2016,0.3,0,0.1,5.5
04.11.2016,0,0,0.2,4.8
05.11.2016,0,0,0.06,4.3
06.11.2016,0,0.9,0.06,3.9
07.11.2016,0,11.7,4.9,3.8
08.11.2016,4.6,3.6,1.8,3.3
09.11.2016,0.9,4.7,1.4,3.6
10.11.2016,2.7,2.1,2.5,4
11.11.2016,0,0,0.06,3.9
12.11.2016,0,0.3,0.06,3.5
13.11.2016,0,0.1,0,3.5
14.11.2016,0,0.4,0,3.7
15.11.2016,2.8,5.9,3.2,3.7
16.11.2016,1.5,4.3,1.5,3.7
17.11.2016,2.7,7.1,3.5,4.2
18.11.2016,3.7,5.1,5.6,10.7
19.11.2016,3.2,6.9,6.7,21.1
20.11.2016,9.4,15.1,5.9,27.4
21.11.2016,1.4,1.5,0.2,30
22.11.2016,0.5,1.3,0.6,31.2
23.11.2016,2.5,2.3,2.5,27.2
24.11.2016,1.6,3,2,23
25.11.2016,11.4,9.5,11.1,21.4
26.11.2016,8.8,2.1,1.8,21
27.11.2016,2.1,0.3,0.5,24.3
28.11.2016,0.4,0.4,0,25.9
29.11.2016,4.5,4.5,2.5,20
30.11.2016,0,0,0.06,16
01.12.2016,0,0,0,15.6
02.12.2016,0.6,0,0.2,13.8
03.12.2016,0.5,0,0.06,12.9
04.12.2016,3.1,1.3,1.8,10.9
05.12.2016,0.2,0.1,0,10.4
06.12.2016,0,0,0,10.1
07.12.2016,2.6,2.9,2.8,9.2
08.12.2016,0,0,0.1,8.3
09.12.2016,0,0.1,0.06,8.1
10.12.2016,0,0,0,7.5
11.12.2016,0,0,0,6.8
12.12.2016,0.4,0,0.1,6.1
13.12.2016,2.7,1,1.3,5.7
14.12.2016,0,0,0.06,5.3
15.12.2016,0,0,0,5
16.12.2016,0,0,0,5.1
17.12.2016,0,0.1,0.2,5.2
18.12.2016,0,0,0,5.1
19.12.2016,0.9,0.5,0.5,5.1
20.12.2016,0,0.1,0.2,4.8
21.12.2016,0,0,1.1,4.6
22.12.2016,0.1,0,0.2,4.9
23.12.2016,0.6,0.1,0.1,7.6
24.12.2016,2.1,8.5,4.7,11.8
25.12.2016,1.1,1.2,0.4,15.8
26.12.2016,1.2,1,1.2,18.3
27.12.2016,0.3,0,0,19.1
28.12.2016,0,0,0,18.6
29.12.2016,0,0,0,15.4
30.12.2016,0,0,0,12.8
31.12.2016,0,0,0,11.8
01.01.2017,0.1,0,0.06,9.5
02.01.2017,0.5,2.6,4.5,8.1
03.01.2017,4.6,6.8,1,7.5
04.01.2017,0,0.1,0,7.1
05.01.2017,0,0,0,6.4
06.01.2017,0.7,0,0.4,6
07.01.2017,4.6,2.2,4.9,5.6
08.01.2017,0,0.1,0.1,5.4
09.01.2017,0.1,0.1,0.2,5.3
10.01.2017,0.2,0.1,0.2,5.2
11.01.2017,0,0,0.2,4.8
12.01.2017,5.8,14.2,7.5,4.6
13.01.2017,3,0.2,2.8,4.5
14.01.2017,0,0,0.2,4.5
15.01.2017,0.1,0,0.2,4.4
16.01.2017,0.1,0,0.2,4.3
17.01.2017,0.5,0.1,0.6,4.2
18.01.2017,0,0.1,0,4.1
19.01.2017,0,0,0,4
20.01.2017,0.3,0.5,0.6,3.9
21.01.2017,0.9,1.4,1.9,3.7
22.01.2017,0,0,0,3.6
23.01.2017,0.2,0,0.1,3.6
24.01.2017,0,0.1,0,3.5
25.01.2017,0.1,0.2,0.3,3.4
26.01.2017,0,0,0,3.4
27.01.2017,0,0,0,3.3
28.01.2017,0.3,2,0,3.3
29.01.2017,0.4,1.8,1,3.2
30.01.2017,0,3.1,1.1,3.1
31.01.2017,0,0,0,3.1
01.02.2017,0.1,1.1,0.4,3.1
02.02.2017,0.5,0,0.7,3
03.02.2017,0.3,0.3,0.6,3
04.02.2017,1.9,2.3,2.6,2.9
05.02.2017,0.2,0,0.2,2.9
06.02.2017,0,0,0.06,2.9
07.02.2017,0,0,0,2.8
08.02.2017,0,0,0,2.7
09.02.2017,0,0,0,2.7
10.02.2017,0,0,0,2.7
11.02.2017,0,0,0,2.6
12.02.2017,0,0,0,2.6
13.02.2017,0,0,0,2.6
14.02.2017,0,0,0,2.6
15.02.2017,0,0,0,2.6
16.02.2017,4.4,1.6,2.4,2.6
17.02.2017,0.1,0.7,0,2.6
18.02.2017,1.3,0.9,0.7,2.6
19.02.2017,4.4,1.6,2.3,2.6
20.02.2017,0.1,3,1.8,3.2
21.02.2017,0,0,0,3.5
22.02.2017,7.5,9.2,13.3,3.6
23.02.2017,3,1,1,3.6
24.02.2017,0,0.2,0.1,3.5
25.02.2017,0,0,0.1,3.4
26.02.2017,0.6,2.6,1.8,3.3
27.02.2017,0,0.3,0.3,3.3
28.02.2017,4.3,5.6,5.5,3.3
01.03.2017,8.2,7.6,6.5,3.9
02.03.2017,0.1,0.3,0.2,8.6
03.03.2017,2.4,1.2,1.2,12.6
04.03.2017,0,0.1,0.4,14.2
05.03.2017,0,0,0,12.4
06.03.2017,0,0,0,9.8
07.03.2017,0.8,2.4,2.4,7.7
08.03.2017,1.5,0.5,2.5,6.7
09.03.2017,0.6,0,1,6.3
10.03.2017,0,0,0,6.1
11.03.2017,0,0,0,5.7
12.03.2017,0,0,0,5.7
13.03.2017,0,0,0,5.7
14.03.2017,3.4,3.2,3.5,6.5
15.03.2017,0,0,0,8.6
16.03.2017,0.1,0.8,0.8,21
17.03.2017,1.5,3.2,3.1,24
18.03.2017,0.5,0,0.1,25
19.03.2017,3.4,0,0.4,25
20.03.2017,0,0.5,0.5,24
21.03.2017,4.5,4,6.2,24
22.03.2017,0.3,0.2,0,27
23.03.2017,0,0,0,35
24.03.2017,0.4,0.2,0.5,35
25.03.2017,0.2,0.1,0.3,31
26.03.2017,0.8,0.1,0,25
27.03.2017,0.1,0,0,25
28.03.2017,0,0,0,28
29.03.2017,0,0,0,28
30.03.2017,0.2,1,0.8,24
31.03.2017,0.1,0.2,0.06,21
01.04.2017,7.1,3.1,4.7,19
02.04.2017,1.4,0.4,0.3,18.4
03.04.2017,0,0,0,21
04.04.2017,0.8,0,0.3,24
05.04.2017,6.7,0.3,0,26
06.04.2017,0,0,0,28
07.04.2017,4.6,3.7,1.8,31
08.04.2017,0,0,0,33
09.04.2017,0,0,0,32
10.04.2017,1.4,1.5,0,31
11.04.2017,1,1,0.3,30
12.04.2017,0.6,0.9,0.3,30
13.04.2017,0,0.2,0,27
14.04.2017,0,0,0,25
15.04.2017,0,0,0.2,21
16.04.2017,0,0,0.1,19
17.04.2017,0,0,0.06,16.7
18.04.2017,0,0,0,14.9
19.04.2017,0,0,0,13.4
20.04.2017,1.9,2.9,3,12.3
21.04.2017,2.8,4.2,4.1,11.8
22.04.2017,1.7,1.8,5.4,13.2
23.04.2017,0,0,0.1,14.7
24.04.2017,0,0.9,0.1,14.4
25.04.2017,3.7,3,14.5,13.4
26.04.2017,0.6,2.4,0.1,13.7
27.04.2017,0.8,2.5,0.8,14.7
28.04.2017,0,0,0,13.9
29.04.2017,10.1,15.4,8.6,12.9
30.04.2017,0.5,0.9,0.1,12.9
01.05.2017,0,0,0,19.5
02.05.2017,0,0,0,20.5
03.05.2017,0,0,0,17.6
04.05.2017,0,0,0,15.3
05.05.2017,0,0,0,13.5
06.05.2017,0,0,0,12.2
07.05.2017,0,0,0,11.2
08.05.2017,0,0,0,10.4
09.05.2017,0,0,0.06,9.3
10.05.2017,0,3.3,0.1,8.6
11.05.2017,0,1.7,0.3,7.8
12.05.2017,0,0,0,7.2
13.05.2017,0,0,0,6.7
14.05.2017,0.2,0,0.2,6.1
15.05.2017,0,0,0.06,5.8
16.05.2017,0,0,0,5.6
17.05.2017,0,0,0,5.3
18.05.2017,0,0,0,5.2
19.05.2017,0,0,0,5.1
20.05.2017,0,0,0,5
21.05.2017,0,0,0,4.9
22.05.2017,0,0,0,4.7
23.05.2017,0,0,0,4.4
24.05.2017,0,0,0,4.2
25.05.2017,0,0,0.06,4.1
26.05.2017,0,0,0,3.8
27.05.2017,0.2,0,0,3.5
28.05.2017,0,2.4,0,3.3
29.05.2017,0,0,0,3.3
30.05.2017,10.7,6.7,7.7,3.2
31.05.2017,0.2,0.3,0,3.4
01.06.2017,3,1.4,3,3.7
02.06.2017,0,0,0,4
03.06.2017,0,0,0,3.9
04.06.2017,0,0,0,3.6
05.06.2017,2.2,2.5,3.4,3.3
06.06.2017,0,0,0,3.1
07.06.2017,0,0,0,3.2
08.06.2017,7.2,13.6,9.3,3.2
09.06.2017,0,0,0.06,3.6
10.06.2017,0,0,0.2,4.1
11.06.2017,0.7,1.8,0.7,4.6
12.06.2017,17.8,16.4,12.7,4.2
13.06.2017,4.1,4.4,11.1,5.3
14.06.2017,0,0,0,10.9
15.06.2017,0,0,0,12.1
16.06.2017,0.4,0.3,0.06,9.2
17.06.2017,0,0,0,7.2
18.06.2017,0,0,0,6.2
19.06.2017,0.5,3.2,1,5.5
20.06.2017,13.1,5.8,4.8,5
21.06.2017,2.7,0.1,0.1,4.5
22.06.2017,1.1,4.2,4.9,4.5
23.06.2017,0,0,0,4.8
24.06.2017,2.6,7,3.9,4.5
25.06.2017,14.9,0.4,0.2,4.1
26.06.2017,4.3,3.5,12,3.8
27.06.2017,5.7,4.1,0.9,5
28.06.2017,0,0,0,7
29.06.2017,0,0,0,7.3
30.06.2017,0,0.1,0,6.4
01.07.2017,0,0,0,5.3
02.07.2017,0,0,0,4.6
03.07.2017,1.8,4.7,0.5,4.1
04.07.2017,14.4,1.7,8,3.8
05.07.2017,1.3,0,0,3.7
06.07.2017,0.2,0.2,0.2,3.6
07.07.2017,0,0,0,3.8
08.07.2017,0,2.8,5.4,3.5
09.07.2017,0,0,0,3.2
10.07.2017,0,0,0,3
11.07.2017,1.6,11.7,5.8,2.8
12.07.2017,2.3,0.5,0,2.9
13.07.2017,4.6,7.2,6,2.9
14.07.2017,0,0,0,2.9
15.07.2017,0,0,0,2.9
16.07.2017,0,0,0,2.9
17.07.2017,6.2,1.7,2.5,2.8
18.07.2017,0.8,1.4,0.7,2.7
19.07.2017,1,0.7,1,2.7
20.07.2017,0,0,0.1,2.9
21.07.2017,0,0,0,2.7
22.07.2017,0,3.9,0.6,2.6
23.07.2017,0.1,0,0,2.5
24.07.2017,0.3,0.6,0.1,2.5
25.07.2017,0.1,0.1,1.2,2.5
26.07.2017,0,0,0,2.4
27.07.2017,2.8,0.4,4.8,2.5
28.07.2017,0.3,0.6,0.06,2.6
29.07.2017,0,0,0,2.8
30.07.2017,0.2,1.8,0.9,2.5
31.07.2017,2.6,0,0,1.9
01.08.2017,4.7,10.9,12.2,1.4
02.08.2017,20.3,5.9,15.1,2.3
03.08.2017,2.6,10.1,5.4,2.8
04.08.2017,6.8,13.1,10.3,5.5
05.08.2017,4,0.2,6.6,5.8
06.08.2017,24.3,1.9,12,6.2
07.08.2017,0,4.4,0.1,7.5
08.08.2017,0,0,0,14.2
09.08.2017,0.4,0,0,13.9
10.08.2017,0,0,0,10.1
11.08.2017,0,0,0,7.4
12.08.2017,11.3,19.9,17.9,6.2
13.08.2017,2.3,0.1,1,6.2
14.08.2017,0,0,0,6.9
15.08.2017,0,0,0,6.9
16.08.2017,0.1,0,0,6.3
17.08.2017,1.2,0.1,0.5,5.6
18.08.2017,10.8,0,0,4.8
19.08.2017,2.5,4.1,3.1,4.5
20.08.2017,0,0,0,4.7
21.08.2017,0,0,0,4.4
22.08.2017,5,2.7,0,4.2
23.08.2017,0,0,0,4
24.08.2017,0,0,0,3.8
25.08.2017,0.6,1.4,0.5,3.8
26.08.2017,0.2,1.3,2.8,3.4
27.08.2017,0,0,0.06,3.3
28.08.2017,0,0,0,3.1
29.08.2017,0,0,0,2.8
30.08.2017,1.7,2,3,2.7
31.08.2017,13.3,3.3,7.3,2.7
01.09.2017,0,0.1,0,2.7
02.09.2017,0,0,0,3.3
03.09.2017,0,0,0,4
04.09.2017,0,0,0,3.7
05.09.2017,0,0,0,3.1
06.09.2017,0,0,0,3.2
07.09.2017,5.2,1.7,3.1,3.1
08.09.2017,1,2.8,1.3,3.4
09.09.2017,13,18.5,14.2,3.3
10.09.2017,7.8,6.2,6.5,3.8
11.09.2017,6.7,11.8,7.6,6.1
12.09.2017,2.5,5.7,2.9,9.4
13.09.2017,0.4,0,2.8,13.7
14.09.2017,3.8,30.1,3.6,14.9
15.09.2017,1.7,0,0.2,15.1
16.09.2017,0.8,6,0.5,19.5
17.09.2017,0,0,0,17
18.09.2017,0.1,0,0,14.7
19.09.2017,0.7,0.1,0,12.3
20.09.2017,1.4,0.5,1.1,10.9
21.09.2017,0.4,2.9,0.4,9.8
22.09.2017,2.1,1.5,3.2,9.2
23.09.2017,0,0,0,8.6
24.09.2017,0,0,0,8
25.09.2017,0,0,0,7.5
26.09.2017,0,0,0,6.9
27.09.2017,0,0,0.2,6.2
28.09.2017,0,0,0,5.7
29.09.2017,0,0,0.2,5.2
30.09.2017,0.3,0,1.3,4.8
01.10.2017,0,0,0.2,4.6
02.10.2017,0.1,2.1,2.6,4.5
03.10.2017,18,20.4,26,4.5
04.10.2017,9.8,14.3,11.3,6.7
05.10.2017,0.5,2.8,2.5,25
06.10.2017,0.5,1.4,1.7,29.6
07.10.2017,3.6,7.8,6.8,25.9
08.10.2017,12.7,18.4,15.4,21.2
09.10.2017,10.7,15.1,13.3,27.9
10.10.2017,10.8,28.1,28,43.5
11.10.2017,1.3,1,0.5,65.9
12.10.2017,5.4,13.7,10.2,73.8
13.10.2017,0.2,0,0,65
14.10.2017,3.9,4.1,4.5,58.2
15.10.2017,0.8,4.5,5.1,49
16.10.2017,1.3,0.2,0.2,43
17.10.2017,5.2,4,5.2,39
18.10.2017,0.2,0,0,37
19.10.2017,0,0,0,37
20.10.2017,0,0,0,33
21.10.2017,0,0,0,29
22.10.2017,0.2,0,0,25
23.10.2017,0,0,0,23
24.10.2017,0,0,0,20
25.10.2017,3.1,1.7,6,18.1
26.10.2017,9.8,10.1,13,16.7
27.10.2017,0.3,0.6,0.3,15.4
28.10.2017,10.2,17.8,14,15.1
29.10.2017,4,4.4,4.6,30
30.10.2017,0.1,0,0.3,44
31.10.2017,0,0,0,39
01.11.2017,0,0,0,33
02.11.2017,0.3,0.1,0,26
03.11.2017,0,0,0.1,22
04.11.2017,1.2,0.3,1,20
05.11.2017,0.2,0,1,20
06.11.2017,2.1,3.1,1.2,22
07.11.2017,0,0,0,25
08.11.2017,0,0.3,0.3,25
09.11.2017,4.1,9.9,5.5,22
10.11.2017,0.6,1.8,1,22
11.11.2017,13.8,18.6,16,25
12.11.2017,1.6,1.6,1.1,38
13.11.2017,0,0,0.2,47
14.11.2017,1,0.7,0.5,43
15.11.2017,1.6,2.1,1.9,36
16.11.2017,0.9,1.8,1.8,31
17.11.2017,1.6,2.7,1.2,28
18.11.2017,5.2,11.1,15.9,28
19.11.2017,0.8,8,3.5,36
20.11.2017,1.9,8,4.2,40
21.11.2017,0.8,9.5,2.5,36
22.11.2017,0,6.4,0.9,31
23.11.2017,3.2,2.4,3.7,26
24.11.2017,6.9,11.6,9.4,26
25.11.2017,4.1,7.8,6.6,39
26.11.2017,3,3.9,2.3,45
27.11.2017,3.8,0.9,6.3,44
28.11.2017,3,4.2,5.3,47
29.11.2017,1.8,1.1,0.8,47
30.11.2017,3.2,3.3,3.6,45
01.12.2017,6.2,8.8,5,43
02.12.2017,0.2,1.4,0.6,39
03.12.2017,4.3,7.3,5,38
04.12.2017,0,0,0.2,46
05.12.2017,0.9,0.2,0.8,45
06.12.2017,0.6,0.1,0.2,39
07.12.2017,11.6,10.4,11.1,33
08.12.2017,2.5,2,3,31
09.12.2017,3.7,0.2,1.2,36
10.12.2017,0.2,0,0.4,40
11.12.2017,0.6,0.6,1.7,38
12.12.2017,17.1,27.1,16.6,34
13.12.2017,0,2,3.8,31
14.12.2017,0.2,0.7,0.5,28
15.12.2017,7.2,12.2,10.5,25
16.12.2017,1.6,0.1,2.3,24
17.12.2017,0,0,0.06,24
18.12.2017,2.5,3.7,4,22
19.12.2017,0.4,0.2,0.5,21
20.12.2017,7.7,4.7,5.7,21
21.12.2017,0,0,0.1,26
22.12.2017,0,0,0,36.6
23.12.2017,8.8,5.8,6.8,34.3
24.12.2017,0,0,0,30
25.12.2017,7.3,4.7,4.5,24.7
26.12.2017,3.8,4.6,4.2,22.9
27.12.2017,0.7,1.4,0.6,22.2
28.12.2017,1.2,2.5,2.9,23
29.12.2017,11.2,14.9,9.5,26
30.12.2017,1,1.6,0.6,35.8
31.12.2017,0.9,2.4,2.2,36
01.01.2018,3.4,3.6,3.1,32
02.01.2018,1.7,0.4,2,30
03.01.2018,0.8,0.6,2.7,38
04.01.2018,6.1,5.6,8.4,44
05.01.2018,6.2,8.2,8.2,52
06.01.2018,1.5,0.8,1.3,71
07.01.2018,0.9,0,0.5,72
08.01.2018,0.4,0.1,0.3,64
09.01.2018,0,0,0,53.77
10.01.2018,0.2,0,0,45.62
11.01.2018,0,0,0.1,41.9
12.01.2018,0,0,0,38.95
13.01.2018,0,0,0,36.43
14.01.2018,0,0,0,32.45
15.01.2018,0,0,0.06,28.21
16.01.2018,0.1,0,0.4,23.8
17.01.2018,2.1,4.9,5,18.88
18.01.2018,1.9,4.1,1.5,16.42
19.01.2018,0,0,0.4,14.19
20.01.2018,0,0.4,0,12.56
21.01.2018,1.2,3.1,3.4,11.33
22.01.2018,0.3,2.1,1,10.79
23.01.2018,3.8,2,4.3,10.34
24.01.2018,12.5,18.9,15.2,10.92
25.01.2018,2.7,1.9,0.8,11.82
26.01.2018,0.4,0.2,0.1,37.55
27.01.2018,2.2,1.3,4.2,38.24
28.01.2018,0.6,2.8,1.6,36.43
29.01.2018,1.2,0.4,0.5,30.54
30.01.2018,0.4,0.4,1.1,26.87
31.01.2018,0.1,0.6,0.4,22.25
01.02.2018,4.6,12.5,7.5,19.83
02.02.2018,1.5,0,0.06,17.24
03.02.2018,0.2,0,0.1,14.54
04.02.2018,0,0,0,13.03
05.02.2018,0.9,0.8,1.6,11.97
06.02.2018,1.1,2.2,2.4,10.72
07.02.2018,1,1.7,0.5,9.91
08.02.2018,0,0.6,0.2,9.21
09.02.2018,0,0,0,8.56
10.02.2018,0,0,0.2,8.06
11.02.2018,1.3,1.2,2.1,7.49
12.02.2018,0.9,2.6,2,7.05
13.02.2018,0.1,0.2,0.2,6.63
14.02.2018,0,0,0,6.36
15.02.2018,0.4,0.6,0.7,6.09
16.02.2018,0.2,0,0.7,5.84
17.02.2018,0,0,0.06,5.63
18.02.2018,0,0,0,5.43
19.02.2018,0,0,0,5.23
20.02.2018,0,0,0,5.04
21.02.2018,0,0,0,4.8
22.02.2018,0,0,0,4.58
23.02.2018,0,0,0,4.41
24.02.2018,0,0,0,4.25
25.02.2018,0.3,0.2,0.8,4.08
26.02.2018,0,0,0.06,3.93
27.02.2018,0,0,0,3.81
28.02.2018,0,0,0,3.61
01.03.2018,0,0,0,3.48
02.03.2018,0,0,0,3.42
03.03.2018,0,0,0,3.27
04.03.2018,0,0,0,3.22
05.03.2018,0,0,0,3.16
06.03.2018,0,0,0,3.1
07.03.2018,0,0,0,3.01
08.03.2018,1.4,4,2.3,2.95
09.03.2018,0.9,0.6,0.5,2.9
10.03.2018,4.4,1.3,1.2,2.86
11.03.2018,0,0.1,0.2,2.85
12.03.2018,6.1,5.1,8.2,2.97
13.03.2018,5.4,5.4,8,3.06
14.03.2018,0,0,0.1,3.2
15.03.2018,0,0,0,3.36
16.03.2018,0,0,0,3.44
17.03.2018,0,0,0,3.5
18.03.2018,0,0,0.06,3.44
19.03.2018,0.9,2.1,1.2,3.31
20.03.2018,2.5,1.6,0.3,3.22
21.03.2018,0.5,0.2,0.1,3.12
22.03.2018,3.6,2.6,1,3.04
23.03.2018,0.2,0,0.3,2.94
24.03.2018,0,0,0,2.9
25.03.2018,0.3,0.6,0,2.88
26.03.2018,0,0,0,2.9
27.03.2018,0.5,0,0,2.94
28.03.2018,0.2,0.1,0.8,2.94
29.03.2018,0,0,0,2.94
30.03.2018,0,0,0,2.9
31.03.2018,0,0,0,2.86
01.04.2018,1.4,4.1,2.6,2.9
02.04.2018,17.5,11.7,10.5,2.95
03.04.2018,0,0,0,3.06
04.04.2018,2,1.2,0.9,3.25
05.04.2018,1.1,1.3,0.6,3.81
06.04.2018,0.8,2.3,0.6,3.81
07.04.2018,0,0,0,3.81
08.04.2018,0,0,0,3.81
09.04.2018,2.9,3.6,8.5,43
10.04.2018,0,0,0,54
11.04.2018,0,0,0,56
12.04.2018,0,0,0,59
13.04.2018,0,0,0,60
14.04.2018,0,0,0,53
15.04.2018,0.3,7,1.5,49
16.04.2018,0.3,4.5,0.7,51
17.04.2018,0,0,0,56
18.04.2018,0.2,1.2,0,58
19.04.2018,0,0,0,58
20.04.2018,8,0.5,3.2,56
21.04.2018,6.8,0.3,0.5,53
22.04.2018,0.4,0.3,0.1,53
23.04.2018,0.2,1.6,0.2,51
24.04.2018,0.6,1.3,0.3,47
25.04.2018,1,3.2,0.06,40
26.04.2018,0,1.6,0,36
27.04.2018,0,0.3,0.6,33
28.04.2018,1.2,0.5,2.3,29
29.04.2018,6.9,2.4,5.9,27
30.04.2018,0,0,0.06,30
01.05.2018,3,2.6,3.9,31
02.05.2018,4,0.9,2,28
03.05.2018,0.9,1.1,0.7,29
04.05.2018,0,0,0,28
05.05.2018,0,0,0,25
06.05.2018,0,0,0,22
07.05.2018,0,0,0,20
08.05.2018,0,0,0,18.4
09.05.2018,0,0,0,16.7
10.05.2018,0,0,0,15.1
11.05.2018,0,0,0,13.7
12.05.2018,0,0,0,12.9
13.05.2018,0,0,0,11
14.05.2018,0,0,0,10
15.05.2018,0,0,0,9
16.05.2018,0,0,0,8.3
17.05.2018,0,0.9,11.5,7.9
18.05.2018,0,1,0.1,7.7
19.05.2018,0,0,0,7.5
20.05.2018,0,0,0,6.7
21.05.2018,0,0,0,6.1
22.05.2018,0,0,0,5.7
23.05.2018,0,0,0,5.2
24.05.2018,0,0,0,4.8
25.05.2018,0,0,0,4.7
26.05.2018,0,0,0,4.4
27.05.2018,0,0,0,4.4
28.05.2018,0,0,0,4.2
29.05.2018,0,0,0,4.1
30.05.2018,0,0,0,3.9
31.05.2018,0,0,0,3.6
01.06.2018,0,0.1,0.3,3.5
02.06.2018,0,0,0,3.3
03.06.2018,0,0,0,3.5
04.06.2018,0,0,0,3.5
05.06.2018,0.9,0,0,3.1
06.06.2018,0.1,0,0,3.3
07.06.2018,0,0,0,3.2
08.06.2018,0,0,0,2.9
09.06.2018,0,0,0,2.8
10.06.2018,0,0,0.5,3.1
11.06.2018,0.1,11.8,3,3.2
12.06.2018,0,0,0,3.2
13.06.2018,0,0,0,3.2
14.06.2018,0,0,0,3.1
15.06.2018,0,0,0,2.8
16.06.2018,0,0,0,3.2
17.06.2018,0,0,0,2.9
18.06.2018,0,0,0,2.9
19.06.2018,6.9,10.6,7.5,3.2
20.06.2018,0,0,0,3.3
21.06.2018,19.6,17,25.6,3.5
22.06.2018,1.3,1.9,1.1,4.4
23.06.2018,0,0,0,5.9
24.06.2018,0.1,0.7,0.5,5.5
25.06.2018,0,0,0,4.2
26.06.2018,0,0,0,3.9
27.06.2018,0,0,0,3.5
28.06.2018,3.7,4,4,3.3
29.06.2018,18.7,0.5,2.4,3.3
30.06.2018,0.7,1.8,0.06,3.8
01.07.2018,0,0.3,0,4.8
02.07.2018,21.8,20.1,15.5,3.68
03.07.2018,6.4,2.2,5,3.7
04.07.2018,0,0,14.8,4.99
05.07.2018,4.3,3.8,2.9,7.24
06.07.2018,0.6,0.2,0,5.33
07.07.2018,0,0,0,4.42
08.07.2018,0,0,0,3.99
09.07.2018,0,0,0,3.66
10.07.2018,0.4,0,1.5,3.38
11.07.2018,0,0,0,3.17
12.07.2018,0,0,0,3.13
13.07.2018,0,0,0,2.8
14.07.2018,0,0,0,2.84
15.07.2018,0,0,0,2.67
16.07.2018,0,0,0,2.51
17.07.2018,0,0,0,2.65
18.07.2018,0,0,0,2.82
19.07.2018,1.1,3.4,6.5,2.38
20.07.2018,5.6,43.8,15,2.46
21.07.2018,1.5,0.4,28.2,3.15
22.07.2018,0,0,0,3.09
23.07.2018,0,0,0,3.26
24.07.2018,0,0,0.06,3.16
25.07.2018,0,0,0,3.09
26.07.2018,0,0,0,2.58
27.07.2018,0,0,0,2.54
28.07.2018,0,2,0.2,2.62
29.07.2018,0,0,0,2.65
30.07.2018,0,0,0,2.36
31.07.2018,0,0,0,2.4
01.08.2018,12.5,0,0,2.27
02.08.2018,0.2,0,0,2.28
03.08.2018,0,1.3,0,2.28
04.08.2018,0.1,0.3,5.5,2.4
05.08.2018,0,0,0.6,2.54
06.08.2018,0,0,0.06,2.21
07.08.2018,0.5,0.3,0,2.12
08.08.2018,0,0,0,1.95
09.08.2018,0,0,0,1.5
10.08.2018,0,2.2,0.06,2.28
11.08.2018,0,3.4,1,2.3
12.08.2018,12.9,7.9,13.5,2.41
13.08.2018,1.2,0,0.3,2.54
14.08.2018,0,0,0,2.76
15.08.2018,0,0.1,0,3.3
16.08.2018,0,0,0,2.85
17.08.2018,0,0,0,2.62
18.08.2018,1.3,9.2,3,2.4
19.08.2018,2.6,0.1,0,2.37
20.08.2018,13.4,28.6,11.1,2.43
21.08.2018,0.6,0,0,2.99
22.08.2018,0,0,0,3.23
23.08.2018,4.4,0.1,0,3.56
24.08.2018,10.2,0.1,13.2,3.03
25.08.2018,0,0.1,0.06,3.06
26.08.2018,11,19.4,13.4,3.26
27.08.2018,0,0,0,3.85
28.08.2018,0,0,0,3.86
29.08.2018,0.3,0.3,0,3.62
30.08.2018,1.8,0.1,1,2.97
31.08.2018,0.1,0.2,0.06,2.74
01.09.2018,0.7,1.9,3.3,2.69
02.09.2018,0,0,0,2.76
03.09.2018,0,0,0,2.94
04.09.2018,0,0,0,2.79
05.09.2018,0,0,0,2.61
06.09.2018,0,0,0,2.3
07.09.2018,0,0,0,2.48
08.09.2018,0,0,0,2.45
09.09.2018,0.1,0,0.6,2.35
10.09.2018,1.2,0,8,2.4
11.09.2018,13.7,19.1,14,2.14
12.09.2018,1.5,1.7,0.5,3.31
13.09.2018,0,0,0,4.21
14.09.2018,0,5.4,0.2,4.17
15.09.2018,5.4,2.5,7.5,3.25
16.09.2018,1.3,1.2,1.3,3.09
17.09.2018,8.6,7.7,7.5,3.39
18.09.2018,0.2,0.2,0,3.92
19.09.2018,0,0,0,4.56
20.09.2018,0.1,0.7,0,3.96
21.09.2018,0.2,0.1,0.4,3.22
22.09.2018,0.7,0.4,2,3.1
23.09.2018,0.2,0,0,2.86
24.09.2018,0.2,0,0.1,2.73
25.09.2018,0,0,0,2.4
26.09.2018,7.7,2.5,5.9,2.5
27.09.2018,0,0,0,2.47
28.09.2018,0,0,0,2.71
29.09.2018,1,1.5,0,2.76
30.09.2018,1.5,0,0,2.7
01.10.2018,0,0,0,2.41
02.10.2018,2.8,7.2,3.2,2.62
03.10.2018,0.8,4.2,3.7,2.53
04.10.2018,0.7,0.7,0.4,2.57
05.10.2018,3.5,2.8,1.5,2.83
06.10.2018,0,0,0,2.81
07.10.2018,0,0,0,2.79
08.10.2018,3.1,9,2.1,2.51
09.10.2018,2.7,0.5,0.3,2.88
10.10.2018,0.2,0,0,2.99
11.10.2018,0.5,0,0,2.63
12.10.2018,0,0,0,2.91
13.10.2018,0,0,0,2.63
14.10.2018,0,0,0,2.3
15.10.2018,0,0,0.06,2.94
16.10.2018,0,0,0.06,2.54
17.10.2018,0.1,0,0.06,2.71
18.10.2018,7.5,4.1,4.5,2.55
19.10.2018,0,0,0,2.86
20.10.2018,0.3,0.1,0,2.91
21.10.2018,3.3,2.3,2.7,3.22
22.10.2018,0.1,1.1,0,2.77
23.10.2018,2.7,6,4.8,3.33
24.10.2018,0,0,0,3.02
25.10.2018,3.4,1.2,0.8,3.52
26.10.2018,0.8,1.2,1,3.22
27.10.2018,0,0,0,3.62
28.10.2018,0,0,0,3.07
29.10.2018,0,0.3,0,3.34
30.10.2018,0.7,0.4,0.2,2.88
31.10.2018,1.5,6.4,0.3,2.85
01.11.2018,0,0.2,0.06,2.93
02.11.2018,4.1,2.4,3,3.2
03.11.2018,0,0.2,0.1,3.06
04.11.2018,0,0,0,3.37
05.11.2018,0.2,0.3,0.3,3.78
06.11.2018,0.8,0.1,0.4,3.71
07.11.2018,0.9,0.3,0.7,3.61
08.11.2018,0.7,1.1,1,3.29
09.11.2018,1.6,1.3,2.8,3.22
10.11.2018,0.3,0.5,1,3.97
11.11.2018,0,0,0.2,4.85
12.11.2018,7,9.9,9.6,5.02
13.11.2018,3.2,2.7,0.3,5.76
14.11.2018,0,0,0.2,9.18
15.11.2018,0.4,0.1,0.1,9.52
16.11.2018,0.1,0.1,0.1,7.74
17.11.2018,0,0,0,6.46
18.11.2018,0,0,0,5.68
19.11.2018,0,0,0,5.22
20.11.2018,0,0,0,4.83
21.11.2018,0,0,0,4.4
22.11.2018,0,0,0,4.09
23.11.2018,0,0,0,3.84
24.11.2018,0,0,0,3.63
25.11.2018,0,0,0,3.56
26.11.2018,0,0,0,3.38
27.11.2018,0.1,0,0,2.77
28.11.2018,0,0,0,3.1
29.11.2018,2.7,0,0.2,2.67
30.11.2018,0.1,0,0,2.58
01.12.2018,0.2,1,0.4,2.54
02.12.2018,0,0,0.2,2.69
03.12.2018,0.9,0.6,0.7,2.92
04.12.2018,3.3,4.4,3.6,2.75
05.12.2018,0.9,1,1.2,2.88
06.12.2018,0.1,0.5,0,3.27
07.12.2018,3.6,2.7,2.5,3.65
08.12.2018,2.5,8.9,4.5,3.47
09.12.2018,3.4,4,5.5,4.19
10.12.2018,0.3,2.4,1,8.78
11.12.2018,0,0.1,0.3,10.44
12.12.2018,0,0,0,8.55
13.12.2018,0,0,0,6.72
14.12.2018,1.4,0,0,5.5
15.12.2018,0.4,0,0,4.74
16.12.2018,0,0.4,2.1,3.95
17.12.2018,2.6,4.1,2,3.9
18.12.2018,2,1,2.9,4
19.12.2018,2.2,0.4,2.9,3.72
20.12.2018,0,0,0.1,3.52
21.12.2018,0,0.1,0.5,3.58
22.12.2018,0.5,0.3,1.5,3.37
23.12.2018,0,0,0,3.41
24.12.2018,0.5,0.2,1.5,2.9
25.12.2018,4.4,2.2,0,3.21
26.12.2018,0,0,1.1,2.79
27.12.2018,0,0.8,0.06,3.05
28.12.2018,0,0,1,2.69
29.12.2018,0.2,0.1,0,2.69
30.12.2018,0,0,0.3,2.69
31.12.2018,6.7,7.5,5.6,2.69
01.01.2019,6.8,2.6,2.9,1.9
02.01.2019,0.2,0.9,0.5,1.9
03.01.2019,1.6,1.2,1.4,1.8
04.01.2019,1.5,1.3,0.6,1.8
05.01.2019,0,0,0,1.8
06.01.2019,0.9,1.5,0.9,1.8
07.01.2019,1.3,2.2,2.9,1.8
08.01.2019,8.7,8.2,8.1,1.8
09.01.2019,0.2,0.7,0.5,1.8
10.01.2019,1.5,2.3,1.3,1.8
11.01.2019,0.3,0,0,1.8
12.01.2019,0,0,0,1.8
13.01.2019,4,3.4,3.9,1.8
14.01.2019,5,1.3,2.1,1.8
15.01.2019,0.1,0,0.2,1.8
16.01.2019,7.1,7.9,10.2,1.7
17.01.2019,0.4,3.2,1.5,1.7
18.01.2019,0,0,0,1.7
19.01.2019,6.6,2.7,5.1,1.7
20.01.2019,0,0,0,1.7
21.01.2019,0,0,0,1.7
22.01.2019,0.6,0.4,1.4,1.7
23.01.2019,3.4,2.8,2.4,1.7
24.01.2019,0,0,0,1.7
25.01.2019,2.3,1.3,0.7,1.7
26.01.2019,1.1,1,0.7,1.7
27.01.2019,0,0,0,1.7
28.01.2019,0.6,4.8,3.4,1.7
29.01.2019,7.2,5.2,8.2,1.7
30.01.2019,1,2.6,2.4,1.7
31.01.2019,0.1,0,0,1.7
01.02.2019,0,0.5,0.5,1.7
02.02.2019,3.6,6.1,4.5,1.7
03.02.2019,4.8,4.2,5,1.7
04.02.2019,2.2,2.4,2.1,1.7
05.02.2019,5.5,9.3,5.4,1.7
06.02.2019,1.3,2.4,2.2,1.7
07.02.2019,3.3,3.8,2,1.8
08.02.2019,1.6,1.2,1.1,1.8
09.02.2019,4.1,6.7,3.7,2.3
10.02.2019,0.7,3,1.1,4.5
11.02.2019,3.7,6.3,4.1,10.3
12.02.2019,0,0,0,12.6
13.02.2019,1,0.8,0.5,10.8
14.02.2019,0,0,0,9.6
15.02.2019,0,0,0,8.6
16.02.2019,0,0,0,9.1
17.02.2019,0,0,0,10.1
18.02.2019,0.2,0,0,9.4
19.02.2019,3.4,4.2,5,9.1
20.02.2019,0.6,0.3,0.1,13.4
21.02.2019,0,0,0,15.9
22.02.2019,4.1,2.9,2.6,13.9
23.02.2019,0,0,0,12.3
24.02.2019,0.2,0,0,11
25.02.2019,0.5,0,0,10.1
26.02.2019,0,0,0,10.8
27.02.2019,0,0,0,12
28.02.2019,1.6,0.3,0.6,12.6
01.03.2019,0,0,0,13.4
02.03.2019,1.7,0.1,0,12.9
03.03.2019,0,0,0,11.5
04.03.2019,0,2.6,0,10.3
05.03.2019,0,0.1,0,9.4
06.03.2019,0.8,0.2,0.5,7.9
07.03.2019,4.5,5.9,4.1,7.1
08.03.2019,5.4,5,5.4,6.9
09.03.2019,5.3,4.3,3.1,11
10.03.2019,0.1,0,0.1,13.9
11.03.2019,0.6,0.2,0.3,12
12.03.2019,0,0,0,10.5
13.03.2019,0.5,2.8,2.1,9.4
14.03.2019,1.5,3.2,2,8.3
15.03.2019,1.6,3.7,4.1,7.9
16.03.2019,1.7,1.6,2.2,9.6
17.03.2019,11.4,13.4,12.4,13.7
18.03.2019,1.7,2.2,2.3,21
19.03.2019,0.6,1.2,0.5,36
20.03.2019,0.8,1.9,0.9,41
21.03.2019,0,0,0,38
22.03.2019,0,0,0,38
23.03.2019,0.2,0.2,0.4,36
24.03.2019,0,0,0,36
25.03.2019,0.8,1.6,0,37
26.03.2019,0,0,0,33
27.03.2019,0,0,0,28
28.03.2019,0,0,0,25
29.03.2019,0,0,0,29
30.03.2019,6.2,5.6,6,42
31.03.2019,0,0.6,0.7,54
01.04.2019,0,0,0,60
02.04.2019,0,0,0,57
03.04.2019,0,0,0,53
04.04.2019,0,0,0,49
05.04.2019,0,0,0,48
06.04.2019,0,0,0,48
07.04.2019,0.4,0.1,0,46
08.04.2019,0.8,4.2,3.9,44
09.04.2019,3.4,1.4,2.1,43
10.04.2019,0,0.1,0.1,43
11.04.2019,0,0,0,39
12.04.2019,0,0,0,34
13.04.2019,0,0,0,30
14.04.2019,0,0,0,26
15.04.2019,0,0,0,25
16.04.2019,0,0,0,24
17.04.2019,0,0,0,23
18.04.2019,0,0,0,22
19.04.2019,0,0,0,22
20.04.2019,0,0,0,21
21.04.2019,0,0,0,20
22.04.2019,0,0,0,18.7
23.04.2019,0,0,0,17.2
24.04.2019,0,0,0,16.2
25.04.2019,0,0,0,14.7
26.04.2019,0,0.6,1.7,13.4
27.04.2019,0,0,0,12.3
28.04.2019,0,0,0,11
29.04.2019,0,0,0,9.8
30.04.2019,0,0,0,8.8
01.05.2019,3,3.4,2.8,7.7
02.05.2019,3.7,10.2,7.1,7.5
03.05.2019,0,0,0,7.7
04.05.2019,2.4,5.4,0.6,7.7
05.05.2019,2.9,0,0,7.1
06.05.2019,0,0,0,6.7
07.05.2019,0,0,0,6.3
08.05.2019,0,0,0,5.9
09.05.2019,0,0,0,5.3
10.05.2019,1.8,4.3,3.5,5
11.05.2019,25,17,17.3,5
12.05.2019,0,0,0,16.4
13.05.2019,0,0,0,27
14.05.2019,0,0,0,22
15.05.2019,0,0,0,16.2
16.05.2019,0,0,0,13.2
17.05.2019,0,0,0,11.5
18.05.2019,0,0,0,10.1
19.05.2019,0,0,0,8.8
20.05.2019,0.1,0.2,0,7.5
21.05.2019,0,0,32,6.5
22.05.2019,0,0.2,13.1,5.9
23.05.2019,0.3,0.1,0.3,6.1
24.05.2019,0.1,1.8,1.2,7.3
25.05.2019,6.3,2.1,4.9,6.1
26.05.2019,7.8,11.3,8.4,5.3
27.05.2019,1.5,0.1,0.1,7.3
28.05.2019,7.1,6.6,5.2,9.1
29.05.2019,0,0.1,0,8.3
30.05.2019,2.9,1.2,3.2,8.3
31.05.2019,0,0.1,0.1,8.1
01.06.2019,2.5,2.2,1.9,6.7
02.06.2019,1,0.4,0.3,5.7
03.06.2019,0,4.5,1.5,5.3
04.06.2019,0,0,0,4.8
05.06.2019,0,0,0,4.5
06.06.2019,0,0,0,3.9
07.06.2019,0,0,0,3.6
08.06.2019,3,8.7,3.3,3.2
09.06.2019,1.4,0,0,3.2
10.06.2019,0,0,0,3.5
11.06.2019,0,0,0,3.5
12.06.2019,0,0,0,3.1
13.06.2019,0,0.1,0,2.5
14.06.2019,0.2,0.1,0.3,2.3
15.06.2019,0,0,0,2
16.06.2019,0,0,0,2.1
17.06.2019,0.3,2.1,1,2
18.06.2019,0,0,0,1.9
19.06.2019,0,0,0,1.8
20.06.2019,0.3,0,0,2
21.06.2019,0,0,0,2
22.06.2019,0.6,0.1,0.9,1.9
23.06.2019,1.5,0,0.4,1.9
24.06.2019,0,0,0,1.8
25.06.2019,1.2,0.2,0.4,1.8
26.06.2019,3.3,2.1,2.6,1.9
27.06.2019,3.7,1.6,0.4,1.9
28.06.2019,0,0,0,1.8
29.06.2019,0,0,0,1.9
30.06.2019,0,0,0,1.9
01.07.2019,1.9,0,0.1,1.9
02.07.2019,4.9,23,8.2,1.8
03.07.2019,0,0,0,2.2
04.07.2019,2.8,9.7,11,3.1
05.07.2019,17.4,19.2,8.4,3.1
06.07.2019,1.4,4.8,8.1,3.5
07.07.2019,2.4,10,2,4.4
08.07.2019,0.9,0.5,3.2,4.1
09.07.2019,0,0,0,3.3
10.07.2019,0,0,0,2.7
11.07.2019,0,0,0,2.3
12.07.2019,0,0,0,2
13.07.2019,0,0,0,1.9
14.07.2019,0,0,0,1.9
15.07.2019,0,0.1,0,1.9
16.07.2019,0,0,0.1,1.9
17.07.2019,1.3,0,0.7,1.8
18.07.2019,0,0,0,1.8
19.07.2019,0,0,0,1.7
20.07.2019,0,0,0,1.7
21.07.2019,0,0,0,1.7
22.07.2019,0,0,0,1.7
23.07.2019,0,0.5,0,1.5
24.07.2019,0,0,0,1.5
25.07.2019,0,0,0,1.6
26.07.2019,0,0,0,1.6
27.07.2019,0,0,0,1.6
28.07.2019,0,0,0,1.1
29.07.2019,0,0,0,1.4
30.07.2019,0,0,0,1.6
31.07.2019,0,0,0,1.5
01.08.2019,0,0,0,1.4
02.08.2019,0,0,0,1
03.08.2019,0.3,0,0,1.2
04.08.2019,0,0.1,0,1.3
05.08.2019,0,0,0,1.4
06.08.2019,0,6.9,0,1.5
07.08.2019,0,0,0,1.5
08.08.2019,0,0.4,1.6,1.5
09.08.2019,0.8,0.3,0,1.6
10.08.2019,0.2,0,0,1.6
11.08.2019,16.3,9.7,3.8,1.6
12.08.2019,1.7,0,0.9,1.8
13.08.2019,11.1,0.7,0.5,2.2
14.08.2019,1.2,3.5,1.6,2.7
15.08.2019,0.5,1.1,0,2.6
16.08.2019,0.4,0,0.2,2.6
17.08.2019,0,0,0,2.1
18.08.2019,2.1,0.8,2.1,1.9
19.08.2019,9,3.7,6.2,1.8
20.08.2019,0,0,0.3,1.8
21.08.2019,2.9,0.8,34,1.8
22.08.2019,4.1,18.2,3.2,2.2
23.08.2019,6.9,23.4,2.2,2.5
24.08.2019,0,0,0,2.6
25.08.2019,0,0,0,2.6
26.08.2019,0,0,0,2.5
27.08.2019,0,0.1,0,2.1
28.08.2019,0,0,0,2
29.08.2019,1.8,0.9,1.8,2
30.08.2019,0.5,0.1,0,1.9
31.08.2019,0,0,0,1.8
01.09.2019,0,0.1,0,1.8
02.09.2019,10.8,19.4,12.7,1.9
03.09.2019,0,0,0,2.1
04.09.2019,5.5,0,1.9,2
05.09.2019,2.2,7.7,6.3,2.4
06.09.2019,3.7,3.1,2.7,2.7
07.09.2019,0.2,0.9,2,2.6
08.09.2019,0.7,0.5,1.5,3
09.09.2019,8.8,10.4,2.7,2.6
10.09.2019,0,0,0,2.9
11.09.2019,8,18.6,10.3,2.5
12.09.2019,4.7,1.3,3.2,3.5
13.09.2019,1.1,1.5,4.3,4.3
14.09.2019,4.1,13.1,7,4.1
15.09.2019,9,9.7,9.7,4.2
16.09.2019,0.4,0.9,0,5.9
17.09.2019,0.3,0.1,0.5,7.8
18.09.2019,0,0.5,0,6.2
19.09.2019,0.3,0.7,0,4.4
20.09.2019,0.8,1.1,1.4,3.4
21.09.2019,1,0.1,0.8,3
22.09.2019,0,0,0,2.7
23.09.2019,0,0,0,2.5
24.09.2019,0,6,7,2.3
25.09.2019,0,0.2,0,2.4
26.09.2019,0,0,0,2.3
27.09.2019,0.2,0.1,0,2.3
28.09.2019,0.8,1.1,1.1,2.4
29.09.2019,2.2,0.8,9.9,2.3
30.09.2019,32.7,11.5,13.7,2.2
01.10.2019,0,0.7,2.7,5.5
02.10.2019,0.4,0,0.1,18.8
03.10.2019,4.1,0.3,0.8,18.1
04.10.2019,1.1,1.8,0.9,11.6
05.10.2019,0.5,0,0,8.4
06.10.2019,0.2,0,0.2,7.6
07.10.2019,0.5,0.1,1.5,6.5
08.10.2019,1.3,0,0,5.6
09.10.2019,0,0.3,0,5.1
10.10.2019,0.4,1.1,2,4.6
11.10.2019,12.7,23.1,14.6,4.5
12.10.2019,3,0.4,0.3,6.3
13.10.2019,0.4,0.4,0.1,13.2
14.10.2019,2.6,10.2,3.7,13
15.10.2019,3.1,0.5,2.3,11.6
16.10.2019,0.1,0.5,0.3,10.6
17.10.2019,3.8,6.4,3.7,10.3
18.10.2019,2.2,2.6,1.7,11.1
19.10.2019,3.6,1.8,3,11.5
20.10.2019,15.7,10,10.7,12.9
21.10.2019,0.3,0,0,18.4
22.10.2019,0.1,0.5,0.4,24.8
23.10.2019,0,0,0,22
24.10.2019,0,0,0,17.2
25.10.2019,0.9,0.9,1,14.5
26.10.2019,4.5,10.7,7.5,13.2
27.10.2019,9.3,5.9,4.5,16.3
28.10.2019,0,0.6,0.7,19
29.10.2019,0.1,0,0,18.8
30.10.2019,0,0,0,16
31.10.2019,0.2,0,0,13.1
01.11.2019,0,0,0,11.5
02.11.2019,3,5.6,3.4,10.6
03.11.2019,0,0,0,10.2
04.11.2019,0,0,0,10.6
05.11.2019,0,0,0,10.2
06.11.2019,0,0,0,8.9
07.11.2019,0.2,0.1,1.6,7
08.11.2019,3,1.2,1.1,6.9
09.11.2019,7,3.9,5.3,6.5
10.11.2019,2.3,9.7,4.3,7.2
11.11.2019,0,0,0,16.3
12.11.2019,6.3,13.5,9.9,19.8
13.11.2019,10.9,17.4,10.8,22.2
14.11.2019,5.4,4.2,6.2,36.6
15.11.2019,0,0,0,42.1
16.11.2019,0.5,1.5,0.6,38.3
17.11.2019,0.6,0.2,0.3,31.3
18.11.2019,0.7,0.8,0.8,26.1
19.11.2019,0.5,0,0,23.3
20.11.2019,0,0,0,21.2
21.11.2019,0.1,0.1,0.3,19.5
22.11.2019,0,0,0,17.6
23.11.2019,0,0,0,16
24.11.2019,0,0,0,14.5
25.11.2019,0,0,0,13.2
26.11.2019,3.6,0.7,2.1,12
27.11.2019,7.5,5.3,5.2,11.1
28.11.2019,5.4,15.4,6.1,11.5
29.11.2019,9.4,9.1,10,20.4
30.11.2019,0,0,0,31.9
01.12.2019,0.1,0,0,29.6
02.12.2019,0,0,0,22.7
03.12.2019,0.3,0.1,0.3,15.5
04.12.2019,0,0.1,0,15.8
05.12.2019,1.8,1,0.9,15.8
06.12.2019,3.8,4,2.5,17.4
07.12.2019,7.3,6.7,7.4,24
08.12.2019,5.5,12,6.2,31.3
09.12.2019,5.1,6.7,6,34.8
10.12.2019,0,0.1,0,37.7
11.12.2019,3.1,0.5,1.8,35
12.12.2019,0.6,1.7,1.2,29.3
13.12.2019,0.7,0.8,1,24.6
14.12.2019,3.2,6.1,6.2,21.9
15.12.2019,2,3.7,2.1,22.9
16.12.2019,4.2,5.6,3.6,27.2
17.12.2019,1.2,4.7,2.3,30.6
18.12.2019,18.2,17.2,18.6,36.4
19.12.2019,1.1,0.1,0.1,52.6
20.12.2019,2.5,0,0.5,49.6
21.12.2019,0.4,0,0.3,42.1
22.12.2019,0.6,0.5,0.2,38.3
23.12.2019,0,0.3,0,36.2
24.12.2019,6.8,7.8,5.4,33.3
25.12.2019,0.9,0.1,0.2,32.6
26.12.2019,0,0,0.2,33.6
27.12.2019,0,0,0,31.2
28.12.2019,0,0,0,26.3
29.12.2019,2.7,0.7,1.6,20
30.12.2019,0.6,0.1,0.3,21
31.12.2019,0,0,0,19.8
01.01.2020,0,0,0,18
02.01.2020,0,0,0,16.8
03.01.2020,1.6,0.1,1.5,15.6
04.01.2020,1.2,0.4,0,14.9
05.01.2020,3.4,3.1,3.6,13.9
06.01.2020,0.1,0.5,0,11.9
07.01.2020,0.7,1.4,1.7,12.2
08.01.2020,4.2,2.5,3.3,13.5
09.01.2020,0,0,0,19.5
10.01.2020,0,0,0,19.4
11.01.2020,3.7,4.2,4,14.1
12.01.2020,1.7,0,1.6,13.6
13.01.2020,0,0,0,15
14.01.2020,0.8,4.6,1.9,15
15.01.2020,5.2,7.4,5.7,16.7
16.01.2020,0.3,0.3,0.5,26.1
17.01.2020,0,0,0,25.1
18.01.2020,1.2,2.5,2,21.8
19.01.2020,0.4,0.1,0,20.2
20.01.2020,0,0,0,20.7
21.01.2020,0.3,0,0,19
22.01.2020,0,0,0,16.9
23.01.2020,0.6,0.4,0.3,14.8
24.01.2020,0,0,0,12.9
25.01.2020,0.8,1.4,0.7,10
26.01.2020,0.5,0.6,0.3,10.8
27.01.2020,4.9,5.3,5.3,11.6
28.01.2020,4,1.9,2.6,10.3
29.01.2020,0.6,3.4,1.8,11
30.01.2020,3.2,7.1,6.2,12.2
31.01.2020,0,0,0.2,14.2
01.02.2020,9.3,6.7,7.8,13.4
02.02.2020,1.8,2.1,0.9,19.4
03.02.2020,0,0,0,25.5
04.02.2020,0.2,0,0,18.7
05.02.2020,1.5,0.1,0.6,16.9
06.02.2020,0,0,0,13.8
07.02.2020,1.3,1.4,1.3,10.9
08.02.2020,0,0.1,0,12.3
09.02.2020,5.8,10.6,10,12.4
10.02.2020,5,5.3,6.8,18.6
11.02.2020,0.2,7.1,0.9,42.5
12.02.2020,2.6,2.6,1.6,44.5
13.02.2020,0.4,0,0.3,40.2
14.02.2020,0,0,0,35
15.02.2020,2.6,2.4,2.2,28.8
16.02.2020,14.4,26.7,23.5,26.1
17.02.2020,1.7,2.7,3.4,46.8
18.02.2020,0,0,0,61.3
19.02.2020,0,0,0,56.2
20.02.2020,0,0.1,0.2,48.3
21.02.2020,1.5,4.8,2.3,40.1
22.02.2020,8.1,17.8,12.3,36.4
23.02.2020,0.2,0.1,0.8,42
24.02.2020,0,0,0,40.5
25.02.2020,0,0,0,34.3
26.02.2020,0,0,0,28.3
27.02.2020,0,0,0,22.7
28.02.2020,0,0,0,20.6
29.02.2020,0.5,2,0.7,17.4
01.03.2020,9.1,11.3,7.1,16.4
02.03.2020,1.1,0.8,0.3,15.7
03.03.2020,1.8,0.2,0.1,15.9
04.03.2020,5,9.9,9.3,15
05.03.2020,1.3,1.5,2,18.9
06.03.2020,0,0,0,24.5
07.03.2020,0,0,0,22.5
08.03.2020,0,0,0,18.9
09.03.2020,0.8,2.1,1.7,16.6
10.03.2020,3.4,4.6,3.3,17.9
11.03.2020,5.7,9.5,8.5,25.9
12.03.2020,0.6,7.4,7.6,36.6
13.03.2020,0.1,0,0,39.4
14.03.2020,0,0,0,38
15.03.2020,2.5,1.1,2.5,29.4
16.03.2020,0.1,0.4,0.2,24.5
17.03.2020,0.1,0.3,0.2,21.5
18.03.2020,3.7,4.6,7.2,19.5
19.03.2020,0,0.1,0,22.2
20.03.2020,0,0,0,22.9
21.03.2020,0,0.8,0.1,19.7
22.03.2020,0,0,0,16.2
23.03.2020,0,0.1,0,14.6
24.03.2020,0,0,0,13.6
25.03.2020,0,0,0,12.8
26.03.2020,0,0,0,12.2
27.03.2020,0,0,0,11.3
28.03.2020,0,0,0,10.4
29.03.2020,0,0,0,9.9
30.03.2020,0,0,0,9.2
31.03.2020,1.6,0.9,1.3,8.2
01.04.2020,2.9,2.1,1.2,7.8
02.04.2020,2.7,5.7,5.6,8
03.04.2020,0.9,1.3,2.5,8.5
04.04.2020,0.2,0,0,10
05.04.2020,0.6,0.8,0.6,9.1
06.04.2020,0,0.1,0,8
07.04.2020,5.1,0.4,1.8,7.6
08.04.2020,0,0.1,0,7.8
09.04.2020,0,0.2,0,9
10.04.2020,0,0.3,0.3,9.2
11.04.2020,0.6,0.7,0.4,8.3
12.04.2020,8,6.7,5.1,7.8
13.04.2020,1.5,0.2,1.3,8.8
14.04.2020,1,1.6,3.6,11.1
15.04.2020,3.6,11.6,10,11.5
16.04.2020,4.7,2.3,1.5,12.7
17.04.2020,0,0,0,16.1
18.04.2020,0,0,0,15.3
19.04.2020,0,0,0,12.5
20.04.2020,0,0,0,10.6
21.04.2020,0,0,0,9.4
22.04.2020,0,0,0,8.4
23.04.2020,0,0,0,7.5
24.04.2020,0,0,0,6.9
25.04.2020,0.4,0,0,6.5
26.04.2020,0,0.2,0,6
27.04.2020,0,0,0,5.6
28.04.2020,0.9,1,0.6,5.3
29.04.2020,1.3,0.7,0.3,5.1
30.04.2020,0,0,0,5
01.05.2020,0,0,0,4.8
02.05.2020,2.3,4.6,4.1,4.7
03.05.2020,0.7,0.3,0,4.5
04.05.2020,0,0,0,4.6
05.05.2020,0,0,0,4.5
06.05.2020,0,0,0,4.3
07.05.2020,0,0,0,4
08.05.2020,0,0,0,4
09.05.2020,0,0,0,3.8
10.05.2020,1.7,0.1,2.2,3.6
11.05.2020,17.6,9.5,15.9,3.6
12.05.2020,0,0.3,0.1,4.8
13.05.2020,3.6,0.2,1.8,6.8
14.05.2020,0,6.1,0,7
15.05.2020,3.8,2.8,4.1,6.7
16.05.2020,8.2,8.5,7.4,6.3
17.05.2020,0,3.6,0,9
18.05.2020,0.3,1.1,2.7,11.7
19.05.2020,0.6,3,0.8,9.5
20.05.2020,0,0.3,0.1,7.7
21.05.2020,0,0,0,6.8
22.05.2020,0,0,0,6.1
23.05.2020,0,0,0,5.4
24.05.2020,0,0,0,5
25.05.2020,0,0,0,4.5
26.05.2020,0,0,0,4.2
27.05.2020,0,0.1,0.1,3.9
28.05.2020,0,0,0,3.6
29.05.2020,0,0,0,3.4
30.05.2020,0,0,0,3.2
31.05.2020,0,0,0,3
01.06.2020,0,0,0,2.8
02.06.2020,0,0,0,2.6
03.06.2020,0,0,0,2.4
04.06.2020,5.6,6,8,2.4
05.06.2020,1.5,2.2,6.7,2.6
06.06.2020,4.9,8.5,12.6,3.2
07.06.2020,0,0,0,4
08.06.2020,4.4,0.5,6.3,3.8
09.06.2020,1.4,0,2.7,3.3
10.06.2020,0,0,0,3.1
11.06.2020,0,0,0,3.1
12.06.2020,0,0,0,2.9
13.06.2020,0,0,0,2.7
14.06.2020,0,0,0,2.6
15.06.2020,0,0,0,2.5
16.06.2020,3.9,8.3,0.5,2.4
17.06.2020,5,19.9,3.7,2.6
18.06.2020,0,3.4,0,2.8
19.06.2020,0,0,0,2.7
20.06.2020,0,0,0,2.8
21.06.2020,0,0,0,2.5
22.06.2020,0,0,0,2.4
23.06.2020,0,0,0,2.4
24.06.2020,0,0,0,2.1
25.06.2020,0,0,0,2
26.06.2020,0,0,0,1.9
27.06.2020,0,0,0,1.9
28.06.2020,0,0,0,1.9
29.06.2020,4.9,16.6,7.2,1.8
30.06.2020,62.4,58.5,41.7,2.7
01.07.2020,3.7,2.5,2.3,11.6
02.07.2020,8.1,1,3.1,17.5
03.07.2020,0,0,0,13.2
04.07.2020,20.1,13.9,15,9.3
05.07.2020,12.2,13.8,12.2,8.5
06.07.2020,1.3,0,0.6,16.9
07.07.2020,1.2,0,0.8,20.4
08.07.2020,0.3,3,2.2,16.4
09.07.2020,2.1,0.7,1.1,12.6
10.07.2020,3.1,5.1,4.2,10.5
11.07.2020,18.1,14.3,17.3,11.5
12.07.2020,0,0,2.8,17.3
13.07.2020,1.5,11.2,3.7,18
14.07.2020,0,0,0,16.8
15.07.2020,0,0,0,13.4
16.07.2020,0,0,0,11.1
17.07.2020,0,0,0,9.1
18.07.2020,0,0,0,7.7
19.07.2020,0,0,0,6.8
20.07.2020,0,0,0,6
21.07.2020,4.7,0,6.4,5.3
22.07.2020,0.4,0,0.7,4.8
23.07.2020,1.8,0.8,1.1,4.9
24.07.2020,4.2,11.7,3.9,4.6
25.07.2020,8.1,2.7,2.2,4.5
26.07.2020,0,0,0,5.6
27.07.2020,1.8,6.3,7.5,6.2
28.07.2020,2.5,4,0.3,5
29.07.2020,8.7,10.4,8.9,4.7
30.07.2020,1.4,0,1.4,5.8
31.07.2020,0,0,0,7.6
01.08.2020,0,0,0,7.6
02.08.2020,3.7,0.6,4.3,6.2
03.08.2020,0.1,5.8,4.7,5.3
04.08.2020,0.1,0.2,0.2,5.4
05.08.2020,0,0,0,5.2
06.08.2020,0.3,0,0,4.8
07.08.2020,0,0,0,4.5
08.08.2020,0,0,0,4.2
09.08.2020,0,1.5,0.7,3.9
10.08.2020,0,0,0,3.8
11.08.2020,0,0,0,3.4
12.08.2020,2.5,1.3,0.4,3.2
13.08.2020,0,0,0,3
14.08.2020,0,0,0,3
15.08.2020,0,0,0,3
16.08.2020,0,0,0,2.8
17.08.2020,0,0,0,2.5
18.08.2020,0,0,0,2.5
19.08.2020,0,0,0,2.4
20.08.2020,0,0,0,2.4
21.08.2020,1.1,0,2.7,2.3
22.08.2020,33,13.1,21.9,2.3
23.08.2020,0.8,13.2,2.8,2.7
24.08.2020,1.2,1.5,0.8,5.6
25.08.2020,5.7,0.1,0.1,5.1
26.08.2020,0,0,0,3.8
27.08.2020,0,0,0,3.5
28.08.2020,0,0,0,3.2
29.08.2020,8.5,8.1,12.6,2.8
30.08.2020,18,9.4,3.7,3
31.08.2020,3.6,1.1,0.5,3.9
01.09.2020,0,0,0,4.7
02.09.2020,0,0,0,4.9
03.09.2020,0.5,3.7,1.2,3.9
04.09.2020,1.9,0.4,3.1,3.3
05.09.2020,10,14.3,12.6,3.3
06.09.2020,0.2,9.4,3.7,5.3
07.09.2020,0.2,0.9,1.2,10.2
08.09.2020,9.3,6.9,17.4,8.6
09.09.2020,8.1,10.7,5.1,10.4
10.09.2020,1.3,0,0,12.2
11.09.2020,1.9,1.5,0.5,12.2
12.09.2020,18.1,15.8,17.6,10.4
13.09.2020,0,0,0,21
14.09.2020,0,0,0,22.9
15.09.2020,0.5,0.3,0.2,15.8
16.09.2020,1.7,0.7,1,11.3
17.09.2020,3.1,0,1.9,8.9
18.09.2020,0,0,0,7.8
19.09.2020,0,0,0,7.3
20.09.2020,0,0,0,6.8
21.09.2020,0,0,0,6.2
22.09.2020,0,0,0,5.7
23.09.2020,0,0,0,5.3
24.09.2020,0,2.2,0.1,5.1
25.09.2020,0,0,0.3,4.8
26.09.2020,0,0,0,4.5
27.09.2020,0,0,0,4.2
28.09.2020,0,0,0,4.1
29.09.2020,0.1,0,0.1,4
30.09.2020,0,0,0,3.8
01.10.2020,0,0,0,3.6
02.10.2020,0,0,0,3.5
03.10.2020,0.1,1.3,0.1,3.3
04.10.2020,1.9,5.4,3.8,3.2
05.10.2020,4.9,7.6,6.9,3.4
06.10.2020,2,2.1,1.1,3.5
07.10.2020,1.8,3.9,4.1,4.3
08.10.2020,5.6,1.6,4.9,5
09.10.2020,2.2,3.3,2.6,5.9
10.10.2020,0.1,2.3,2.4,7.4
11.10.2020,3.3,3.1,2.5,8
12.10.2020,4.3,11.5,3.9,8.5
13.10.2020,0.3,0.3,0,8.8
14.10.2020,0.3,0,0,9.2
15.10.2020,1.9,0,0,8.2
16.10.2020,0,0,0,7.2
17.10.2020,5.6,8.9,5.2,6.6
18.10.2020,1.5,0.7,1.5,6.5
19.10.2020,3.3,0.7,0,8.3
20.10.2020,2.3,2.2,1.8,9.4
21.10.2020,4.6,4.3,2.9,8.4
22.10.2020,16.9,14.6,16.8,9.4
23.10.2020,1.3,0.1,0.4,21.5
24.10.2020,0,0.4,0.5,30.1
25.10.2020,0.4,0.2,0.3,25.3
26.10.2020,1.2,0.2,1.7,19.5
27.10.2020,9.8,11.6,12.8,16.3
28.10.2020,2,2.3,2.9,22.7
29.10.2020,0,0,1.4,30.4
30.10.2020,0,0.1,0,26.5
31.10.2020,0,0,0.1,21.6
01.11.2020,0,0,0,18.1
02.11.2020,4.6,5.2,8,16.2
03.11.2020,0,0,0.1,16.4
04.11.2020,3.3,1.5,2.3,17.9
05.11.2020,0,0,0,18.5
06.11.2020,0,0,0,18.4
07.11.2020,0,0.1,0,16
08.11.2020,0,0,0,14
09.11.2020,0,0.1,0,12.5
10.11.2020,0.1,0,0.1,11.6
11.11.2020,2.9,1.7,4,10.6
12.11.2020,0,0,0,11
13.11.2020,0.2,0,1.9,11.4
14.11.2020,0.1,0,0,10.7
15.11.2020,0,0,0,9.9
16.11.2020,0.5,1.6,0.5,9.2
17.11.2020,13.7,17.9,14.2,8.6
18.11.2020,5.7,3.3,5,15.3
19.11.2020,9.9,12.5,9.3,28.4
20.11.2020,0.5,0,0.2,37.5
21.11.2020,9.1,15.9,11.9,35.4
22.11.2020,0,0.1,0,39.1
23.11.2020,0.3,1.1,1.2,39.4
24.11.2020,0,0,0,34
25.11.2020,8.6,6.3,5.8,28.6
26.11.2020,0.7,0.3,0.1,27.9
27.11.2020,0.1,0,0,29.3
28.11.2020,0,1.1,0.1,26.3
29.11.2020,0.4,1.2,0.6,22.9
30.11.2020,3.1,2.8,4.1,20.3
01.12.2020,2.4,3.7,0.8,18.7
02.12.2020,0,0,1,19.6
03.12.2020,0.3,0.1,0.7,19.8
04.12.2020,0.3,0.8,0.6,18.1
05.12.2020,0,0,0,16.2
06.12.2020,0,0,0,15.2
07.12.2020,0,0,0,14.3
08.12.2020,0,0,0,13.3
09.12.2020,0,0,0,11.8
10.12.2020,0,0,0,10.6
11.12.2020,0.2,0.5,0.3,9.7
12.12.2020,0.1,0,0.1,9.2
13.12.2020,0.2,0.1,0,8.6
14.12.2020,0.3,0.1,0.1,8.1
15.12.2020,3.8,6.2,5.6,7.6
16.12.2020,7,4,5.1,7.5
17.12.2020,1.2,2,1.5,9.4
18.12.2020,4.9,3.5,3.9,11.3
19.12.2020,0.8,1.3,0.4,14.5
20.12.2020,0.4,0.6,0.4,18.1
21.12.2020,2.2,3.3,2.5,25.4
22.12.2020,3.3,3.7,3.2,29.6
23.12.2020,5.7,1.5,2.6,30.9
24.12.2020,0,0.2,0.4,30.1
25.12.2020,0.1,0.1,0,26.9
26.12.2020,0,0,0,23.7
27.12.2020,0,0.3,0.8,20.6
28.12.2020,2.5,5.8,6,18.1
29.12.2020,0.7,4.3,3.5,16.4
30.12.2020,5.9,7.4,6.5,16
31.12.2020,4.6,2.7,5,16
